job_id,instance,size_class,method,epsilon,time_limit,output_file
Instance_5_2_2_0__CP_WWS_EPS__eps_143,Instances/Tiny/Instance_5_2_2_0.txt,Tiny,cp_wws_eps,143,3600.0,results/raw/Instance_5_2_2_0__CP_WWS_EPS__eps_143.csv
Instance_5_2_2_0__LB_AP_EPS__eps_143,Instances/Tiny/Instance_5_2_2_0.txt,Tiny,lb_ap_eps,143,3600.0,results/raw/Instance_5_2_2_0__LB_AP_EPS__eps_143.csv
Instance_5_2_2_0__DECOMP_EPS__eps_143,Instances/Tiny/Instance_5_2_2_0.txt,Tiny,decomp_eps,143,3600.0,results/raw/Instance_5_2_2_0__DECOMP_EPS__eps_143.csv
Instance_5_2_2_1__CP_WWS_EPS__eps_47,Instances/Tiny/Instance_5_2_2_1.txt,Tiny,cp_wws_eps,47,3600.0,results/raw/Instance_5_2_2_1__CP_WWS_EPS__eps_47.csv
Instance_5_2_2_1__LB_AP_EPS__eps_47,Instances/Tiny/Instance_5_2_2_1.txt,Tiny,lb_ap_eps,47,3600.0,results/raw/Instance_5_2_2_1__LB_AP_EPS__eps_47.csv
Instance_5_2_2_1__DECOMP_EPS__eps_47,Instances/Tiny/Instance_5_2_2_1.txt,Tiny,decomp_eps,47,3600.0,results/raw/Instance_5_2_2_1__DECOMP_EPS__eps_47.csv
Instance_5_2_2_1__CP_WWS_EPS__eps_48,Instances/Tiny/Instance_5_2_2_1.txt,Tiny,cp_wws_eps,48,3600.0,results/raw/Instance_5_2_2_1__CP_WWS_EPS__eps_48.csv
Instance_5_2_2_1__LB_AP_EPS__eps_48,Instances/Tiny/Instance_5_2_2_1.txt,Tiny,lb_ap_eps,48,3600.0,results/raw/Instance_5_2_2_1__LB_AP_EPS__eps_48.csv
Instance_5_2_2_1__DECOMP_EPS__eps_48,Instances/Tiny/Instance_5_2_2_1.txt,Tiny,decomp_eps,48,3600.0,results/raw/Instance_5_2_2_1__DECOMP_EPS__eps_48.csv
Instance_5_2_2_1__CP_WWS_EPS__eps_49,Instances/Tiny/Instance_5_2_2_1.txt,Tiny,cp_wws_eps,49,3600.0,results/raw/Instance_5_2_2_1__CP_WWS_EPS__eps_49.csv
Instance_5_2_2_1__LB_AP_EPS__eps_49,Instances/Tiny/Instance_5_2_2_1.txt,Tiny,lb_ap_eps,49,3600.0,results/raw/Instance_5_2_2_1__LB_AP_EPS__eps_49.csv
Instance_5_2_2_1__DECOMP_EPS__eps_49,Instances/Tiny/Instance_5_2_2_1.txt,Tiny,decomp_eps,49,3600.0,results/raw/Instance_5_2_2_1__DECOMP_EPS__eps_49.csv
Instance_5_2_2_1__CP_WWS_EPS__eps_50,Instances/Tiny/Instance_5_2_2_1.txt,Tiny,cp_wws_eps,50,3600.0,results/raw/Instance_5_2_2_1__CP_WWS_EPS__eps_50.csv
Instance_5_2_2_1__LB_AP_EPS__eps_50,Instances/Tiny/Instance_5_2_2_1.txt,Tiny,lb_ap_eps,50,3600.0,results/raw/Instance_5_2_2_1__LB_AP_EPS__eps_50.csv
Instance_5_2_2_1__DECOMP_EPS__eps_50,Instances/Tiny/Instance_5_2_2_1.txt,Tiny,decomp_eps,50,3600.0,results/raw/Instance_5_2_2_1__DECOMP_EPS__eps_50.csv
Instance_5_2_2_1__CP_WWS_EPS__eps_51,Instances/Tiny/Instance_5_2_2_1.txt,Tiny,cp_wws_eps,51,3600.0,results/raw/Instance_5_2_2_1__CP_WWS_EPS__eps_51.csv
Instance_5_2_2_1__LB_AP_EPS__eps_51,Instances/Tiny/Instance_5_2_2_1.txt,Tiny,lb_ap_eps,51,3600.0,results/raw/Instance_5_2_2_1__LB_AP_EPS__eps_51.csv
Instance_5_2_2_1__DECOMP_EPS__eps_51,Instances/Tiny/Instance_5_2_2_1.txt,Tiny,decomp_eps,51,3600.0,results/raw/Instance_5_2_2_1__DECOMP_EPS__eps_51.csv
Instance_5_2_2_1__CP_WWS_EPS__eps_52,Instances/Tiny/Instance_5_2_2_1.txt,Tiny,cp_wws_eps,52,3600.0,results/raw/Instance_5_2_2_1__CP_WWS_EPS__eps_52.csv
Instance_5_2_2_1__LB_AP_EPS__eps_52,Instances/Tiny/Instance_5_2_2_1.txt,Tiny,lb_ap_eps,52,3600.0,results/raw/Instance_5_2_2_1__LB_AP_EPS__eps_52.csv
Instance_5_2_2_1__DECOMP_EPS__eps_52,Instances/Tiny/Instance_5_2_2_1.txt,Tiny,decomp_eps,52,3600.0,results/raw/Instance_5_2_2_1__DECOMP_EPS__eps_52.csv
Instance_5_2_2_1__CP_WWS_EPS__eps_53,Instances/Tiny/Instance_5_2_2_1.txt,Tiny,cp_wws_eps,53,3600.0,results/raw/Instance_5_2_2_1__CP_WWS_EPS__eps_53.csv
Instance_5_2_2_1__LB_AP_EPS__eps_53,Instances/Tiny/Instance_5_2_2_1.txt,Tiny,lb_ap_eps,53,3600.0,results/raw/Instance_5_2_2_1__LB_AP_EPS__eps_53.csv
Instance_5_2_2_1__DECOMP_EPS__eps_53,Instances/Tiny/Instance_5_2_2_1.txt,Tiny,decomp_eps,53,3600.0,results/raw/Instance_5_2_2_1__DECOMP_EPS__eps_53.csv
Instance_5_2_2_1__CP_WWS_EPS__eps_54,Instances/Tiny/Instance_5_2_2_1.txt,Tiny,cp_wws_eps,54,3600.0,results/raw/Instance_5_2_2_1__CP_WWS_EPS__eps_54.csv
Instance_5_2_2_1__LB_AP_EPS__eps_54,Instances/Tiny/Instance_5_2_2_1.txt,Tiny,lb_ap_eps,54,3600.0,results/raw/Instance_5_2_2_1__LB_AP_EPS__eps_54.csv
Instance_5_2_2_1__DECOMP_EPS__eps_54,Instances/Tiny/Instance_5_2_2_1.txt,Tiny,decomp_eps,54,3600.0,results/raw/Instance_5_2_2_1__DECOMP_EPS__eps_54.csv
Instance_5_2_2_1__CP_WWS_EPS__eps_55,Instances/Tiny/Instance_5_2_2_1.txt,Tiny,cp_wws_eps,55,3600.0,results/raw/Instance_5_2_2_1__CP_WWS_EPS__eps_55.csv
Instance_5_2_2_1__LB_AP_EPS__eps_55,Instances/Tiny/Instance_5_2_2_1.txt,Tiny,lb_ap_eps,55,3600.0,results/raw/Instance_5_2_2_1__LB_AP_EPS__eps_55.csv
Instance_5_2_2_1__DECOMP_EPS__eps_55,Instances/Tiny/Instance_5_2_2_1.txt,Tiny,decomp_eps,55,3600.0,results/raw/Instance_5_2_2_1__DECOMP_EPS__eps_55.csv
Instance_5_2_2_1__CP_WWS_EPS__eps_56,Instances/Tiny/Instance_5_2_2_1.txt,Tiny,cp_wws_eps,56,3600.0,results/raw/Instance_5_2_2_1__CP_WWS_EPS__eps_56.csv
Instance_5_2_2_1__LB_AP_EPS__eps_56,Instances/Tiny/Instance_5_2_2_1.txt,Tiny,lb_ap_eps,56,3600.0,results/raw/Instance_5_2_2_1__LB_AP_EPS__eps_56.csv
Instance_5_2_2_1__DECOMP_EPS__eps_56,Instances/Tiny/Instance_5_2_2_1.txt,Tiny,decomp_eps,56,3600.0,results/raw/Instance_5_2_2_1__DECOMP_EPS__eps_56.csv
Instance_5_2_2_1__CP_WWS_EPS__eps_57,Instances/Tiny/Instance_5_2_2_1.txt,Tiny,cp_wws_eps,57,3600.0,results/raw/Instance_5_2_2_1__CP_WWS_EPS__eps_57.csv
Instance_5_2_2_1__LB_AP_EPS__eps_57,Instances/Tiny/Instance_5_2_2_1.txt,Tiny,lb_ap_eps,57,3600.0,results/raw/Instance_5_2_2_1__LB_AP_EPS__eps_57.csv
Instance_5_2_2_1__DECOMP_EPS__eps_57,Instances/Tiny/Instance_5_2_2_1.txt,Tiny,decomp_eps,57,3600.0,results/raw/Instance_5_2_2_1__DECOMP_EPS__eps_57.csv
Instance_5_2_2_1__CP_WWS_EPS__eps_58,Instances/Tiny/Instance_5_2_2_1.txt,Tiny,cp_wws_eps,58,3600.0,results/raw/Instance_5_2_2_1__CP_WWS_EPS__eps_58.csv
Instance_5_2_2_1__LB_AP_EPS__eps_58,Instances/Tiny/Instance_5_2_2_1.txt,Tiny,lb_ap_eps,58,3600.0,results/raw/Instance_5_2_2_1__LB_AP_EPS__eps_58.csv
Instance_5_2_2_1__DECOMP_EPS__eps_58,Instances/Tiny/Instance_5_2_2_1.txt,Tiny,decomp_eps,58,3600.0,results/raw/Instance_5_2_2_1__DECOMP_EPS__eps_58.csv
Instance_5_2_2_1__CP_WWS_EPS__eps_59,Instances/Tiny/Instance_5_2_2_1.txt,Tiny,cp_wws_eps,59,3600.0,results/raw/Instance_5_2_2_1__CP_WWS_EPS__eps_59.csv
Instance_5_2_2_1__LB_AP_EPS__eps_59,Instances/Tiny/Instance_5_2_2_1.txt,Tiny,lb_ap_eps,59,3600.0,results/raw/Instance_5_2_2_1__LB_AP_EPS__eps_59.csv
Instance_5_2_2_1__DECOMP_EPS__eps_59,Instances/Tiny/Instance_5_2_2_1.txt,Tiny,decomp_eps,59,3600.0,results/raw/Instance_5_2_2_1__DECOMP_EPS__eps_59.csv
Instance_5_2_2_1__CP_WWS_EPS__eps_60,Instances/Tiny/Instance_5_2_2_1.txt,Tiny,cp_wws_eps,60,3600.0,results/raw/Instance_5_2_2_1__CP_WWS_EPS__eps_60.csv
Instance_5_2_2_1__LB_AP_EPS__eps_60,Instances/Tiny/Instance_5_2_2_1.txt,Tiny,lb_ap_eps,60,3600.0,results/raw/Instance_5_2_2_1__LB_AP_EPS__eps_60.csv
Instance_5_2_2_1__DECOMP_EPS__eps_60,Instances/Tiny/Instance_5_2_2_1.txt,Tiny,decomp_eps,60,3600.0,results/raw/Instance_5_2_2_1__DECOMP_EPS__eps_60.csv
Instance_5_2_2_1__CP_WWS_EPS__eps_61,Instances/Tiny/Instance_5_2_2_1.txt,Tiny,cp_wws_eps,61,3600.0,results/raw/Instance_5_2_2_1__CP_WWS_EPS__eps_61.csv
Instance_5_2_2_1__LB_AP_EPS__eps_61,Instances/Tiny/Instance_5_2_2_1.txt,Tiny,lb_ap_eps,61,3600.0,results/raw/Instance_5_2_2_1__LB_AP_EPS__eps_61.csv
Instance_5_2_2_1__DECOMP_EPS__eps_61,Instances/Tiny/Instance_5_2_2_1.txt,Tiny,decomp_eps,61,3600.0,results/raw/Instance_5_2_2_1__DECOMP_EPS__eps_61.csv
Instance_5_2_2_1__CP_WWS_EPS__eps_62,Instances/Tiny/Instance_5_2_2_1.txt,Tiny,cp_wws_eps,62,3600.0,results/raw/Instance_5_2_2_1__CP_WWS_EPS__eps_62.csv
Instance_5_2_2_1__LB_AP_EPS__eps_62,Instances/Tiny/Instance_5_2_2_1.txt,Tiny,lb_ap_eps,62,3600.0,results/raw/Instance_5_2_2_1__LB_AP_EPS__eps_62.csv
Instance_5_2_2_1__DECOMP_EPS__eps_62,Instances/Tiny/Instance_5_2_2_1.txt,Tiny,decomp_eps,62,3600.0,results/raw/Instance_5_2_2_1__DECOMP_EPS__eps_62.csv
Instance_5_2_2_1__CP_WWS_EPS__eps_63,Instances/Tiny/Instance_5_2_2_1.txt,Tiny,cp_wws_eps,63,3600.0,results/raw/Instance_5_2_2_1__CP_WWS_EPS__eps_63.csv
Instance_5_2_2_1__LB_AP_EPS__eps_63,Instances/Tiny/Instance_5_2_2_1.txt,Tiny,lb_ap_eps,63,3600.0,results/raw/Instance_5_2_2_1__LB_AP_EPS__eps_63.csv
Instance_5_2_2_1__DECOMP_EPS__eps_63,Instances/Tiny/Instance_5_2_2_1.txt,Tiny,decomp_eps,63,3600.0,results/raw/Instance_5_2_2_1__DECOMP_EPS__eps_63.csv
Instance_5_2_2_1__CP_WWS_EPS__eps_64,Instances/Tiny/Instance_5_2_2_1.txt,Tiny,cp_wws_eps,64,3600.0,results/raw/Instance_5_2_2_1__CP_WWS_EPS__eps_64.csv
Instance_5_2_2_1__LB_AP_EPS__eps_64,Instances/Tiny/Instance_5_2_2_1.txt,Tiny,lb_ap_eps,64,3600.0,results/raw/Instance_5_2_2_1__LB_AP_EPS__eps_64.csv
Instance_5_2_2_1__DECOMP_EPS__eps_64,Instances/Tiny/Instance_5_2_2_1.txt,Tiny,decomp_eps,64,3600.0,results/raw/Instance_5_2_2_1__DECOMP_EPS__eps_64.csv
Instance_5_2_2_1__CP_WWS_EPS__eps_65,Instances/Tiny/Instance_5_2_2_1.txt,Tiny,cp_wws_eps,65,3600.0,results/raw/Instance_5_2_2_1__CP_WWS_EPS__eps_65.csv
Instance_5_2_2_1__LB_AP_EPS__eps_65,Instances/Tiny/Instance_5_2_2_1.txt,Tiny,lb_ap_eps,65,3600.0,results/raw/Instance_5_2_2_1__LB_AP_EPS__eps_65.csv
Instance_5_2_2_1__DECOMP_EPS__eps_65,Instances/Tiny/Instance_5_2_2_1.txt,Tiny,decomp_eps,65,3600.0,results/raw/Instance_5_2_2_1__DECOMP_EPS__eps_65.csv
Instance_5_2_2_1__CP_WWS_EPS__eps_66,Instances/Tiny/Instance_5_2_2_1.txt,Tiny,cp_wws_eps,66,3600.0,results/raw/Instance_5_2_2_1__CP_WWS_EPS__eps_66.csv
Instance_5_2_2_1__LB_AP_EPS__eps_66,Instances/Tiny/Instance_5_2_2_1.txt,Tiny,lb_ap_eps,66,3600.0,results/raw/Instance_5_2_2_1__LB_AP_EPS__eps_66.csv
Instance_5_2_2_1__DECOMP_EPS__eps_66,Instances/Tiny/Instance_5_2_2_1.txt,Tiny,decomp_eps,66,3600.0,results/raw/Instance_5_2_2_1__DECOMP_EPS__eps_66.csv
Instance_5_2_2_1__CP_WWS_EPS__eps_67,Instances/Tiny/Instance_5_2_2_1.txt,Tiny,cp_wws_eps,67,3600.0,results/raw/Instance_5_2_2_1__CP_WWS_EPS__eps_67.csv
Instance_5_2_2_1__LB_AP_EPS__eps_67,Instances/Tiny/Instance_5_2_2_1.txt,Tiny,lb_ap_eps,67,3600.0,results/raw/Instance_5_2_2_1__LB_AP_EPS__eps_67.csv
Instance_5_2_2_1__DECOMP_EPS__eps_67,Instances/Tiny/Instance_5_2_2_1.txt,Tiny,decomp_eps,67,3600.0,results/raw/Instance_5_2_2_1__DECOMP_EPS__eps_67.csv
Instance_5_2_2_1__CP_WWS_EPS__eps_68,Instances/Tiny/Instance_5_2_2_1.txt,Tiny,cp_wws_eps,68,3600.0,results/raw/Instance_5_2_2_1__CP_WWS_EPS__eps_68.csv
Instance_5_2_2_1__LB_AP_EPS__eps_68,Instances/Tiny/Instance_5_2_2_1.txt,Tiny,lb_ap_eps,68,3600.0,results/raw/Instance_5_2_2_1__LB_AP_EPS__eps_68.csv
Instance_5_2_2_1__DECOMP_EPS__eps_68,Instances/Tiny/Instance_5_2_2_1.txt,Tiny,decomp_eps,68,3600.0,results/raw/Instance_5_2_2_1__DECOMP_EPS__eps_68.csv
Instance_5_2_2_1__CP_WWS_EPS__eps_69,Instances/Tiny/Instance_5_2_2_1.txt,Tiny,cp_wws_eps,69,3600.0,results/raw/Instance_5_2_2_1__CP_WWS_EPS__eps_69.csv
Instance_5_2_2_1__LB_AP_EPS__eps_69,Instances/Tiny/Instance_5_2_2_1.txt,Tiny,lb_ap_eps,69,3600.0,results/raw/Instance_5_2_2_1__LB_AP_EPS__eps_69.csv
Instance_5_2_2_1__DECOMP_EPS__eps_69,Instances/Tiny/Instance_5_2_2_1.txt,Tiny,decomp_eps,69,3600.0,results/raw/Instance_5_2_2_1__DECOMP_EPS__eps_69.csv
Instance_5_2_2_1__CP_WWS_EPS__eps_70,Instances/Tiny/Instance_5_2_2_1.txt,Tiny,cp_wws_eps,70,3600.0,results/raw/Instance_5_2_2_1__CP_WWS_EPS__eps_70.csv
Instance_5_2_2_1__LB_AP_EPS__eps_70,Instances/Tiny/Instance_5_2_2_1.txt,Tiny,lb_ap_eps,70,3600.0,results/raw/Instance_5_2_2_1__LB_AP_EPS__eps_70.csv
Instance_5_2_2_1__DECOMP_EPS__eps_70,Instances/Tiny/Instance_5_2_2_1.txt,Tiny,decomp_eps,70,3600.0,results/raw/Instance_5_2_2_1__DECOMP_EPS__eps_70.csv
Instance_5_2_2_1__CP_WWS_EPS__eps_71,Instances/Tiny/Instance_5_2_2_1.txt,Tiny,cp_wws_eps,71,3600.0,results/raw/Instance_5_2_2_1__CP_WWS_EPS__eps_71.csv
Instance_5_2_2_1__LB_AP_EPS__eps_71,Instances/Tiny/Instance_5_2_2_1.txt,Tiny,lb_ap_eps,71,3600.0,results/raw/Instance_5_2_2_1__LB_AP_EPS__eps_71.csv
Instance_5_2_2_1__DECOMP_EPS__eps_71,Instances/Tiny/Instance_5_2_2_1.txt,Tiny,decomp_eps,71,3600.0,results/raw/Instance_5_2_2_1__DECOMP_EPS__eps_71.csv
Instance_5_2_2_1__CP_WWS_EPS__eps_72,Instances/Tiny/Instance_5_2_2_1.txt,Tiny,cp_wws_eps,72,3600.0,results/raw/Instance_5_2_2_1__CP_WWS_EPS__eps_72.csv
Instance_5_2_2_1__LB_AP_EPS__eps_72,Instances/Tiny/Instance_5_2_2_1.txt,Tiny,lb_ap_eps,72,3600.0,results/raw/Instance_5_2_2_1__LB_AP_EPS__eps_72.csv
Instance_5_2_2_1__DECOMP_EPS__eps_72,Instances/Tiny/Instance_5_2_2_1.txt,Tiny,decomp_eps,72,3600.0,results/raw/Instance_5_2_2_1__DECOMP_EPS__eps_72.csv
Instance_5_2_2_1__CP_WWS_EPS__eps_73,Instances/Tiny/Instance_5_2_2_1.txt,Tiny,cp_wws_eps,73,3600.0,results/raw/Instance_5_2_2_1__CP_WWS_EPS__eps_73.csv
Instance_5_2_2_1__LB_AP_EPS__eps_73,Instances/Tiny/Instance_5_2_2_1.txt,Tiny,lb_ap_eps,73,3600.0,results/raw/Instance_5_2_2_1__LB_AP_EPS__eps_73.csv
Instance_5_2_2_1__DECOMP_EPS__eps_73,Instances/Tiny/Instance_5_2_2_1.txt,Tiny,decomp_eps,73,3600.0,results/raw/Instance_5_2_2_1__DECOMP_EPS__eps_73.csv
Instance_5_2_2_1__CP_WWS_EPS__eps_74,Instances/Tiny/Instance_5_2_2_1.txt,Tiny,cp_wws_eps,74,3600.0,results/raw/Instance_5_2_2_1__CP_WWS_EPS__eps_74.csv
Instance_5_2_2_1__LB_AP_EPS__eps_74,Instances/Tiny/Instance_5_2_2_1.txt,Tiny,lb_ap_eps,74,3600.0,results/raw/Instance_5_2_2_1__LB_AP_EPS__eps_74.csv
Instance_5_2_2_1__DECOMP_EPS__eps_74,Instances/Tiny/Instance_5_2_2_1.txt,Tiny,decomp_eps,74,3600.0,results/raw/Instance_5_2_2_1__DECOMP_EPS__eps_74.csv
Instance_5_2_2_1__CP_WWS_EPS__eps_75,Instances/Tiny/Instance_5_2_2_1.txt,Tiny,cp_wws_eps,75,3600.0,results/raw/Instance_5_2_2_1__CP_WWS_EPS__eps_75.csv
Instance_5_2_2_1__LB_AP_EPS__eps_75,Instances/Tiny/Instance_5_2_2_1.txt,Tiny,lb_ap_eps,75,3600.0,results/raw/Instance_5_2_2_1__LB_AP_EPS__eps_75.csv
Instance_5_2_2_1__DECOMP_EPS__eps_75,Instances/Tiny/Instance_5_2_2_1.txt,Tiny,decomp_eps,75,3600.0,results/raw/Instance_5_2_2_1__DECOMP_EPS__eps_75.csv
Instance_5_2_2_1__CP_WWS_EPS__eps_76,Instances/Tiny/Instance_5_2_2_1.txt,Tiny,cp_wws_eps,76,3600.0,results/raw/Instance_5_2_2_1__CP_WWS_EPS__eps_76.csv
Instance_5_2_2_1__LB_AP_EPS__eps_76,Instances/Tiny/Instance_5_2_2_1.txt,Tiny,lb_ap_eps,76,3600.0,results/raw/Instance_5_2_2_1__LB_AP_EPS__eps_76.csv
Instance_5_2_2_1__DECOMP_EPS__eps_76,Instances/Tiny/Instance_5_2_2_1.txt,Tiny,decomp_eps,76,3600.0,results/raw/Instance_5_2_2_1__DECOMP_EPS__eps_76.csv
Instance_5_2_2_1__CP_WWS_EPS__eps_77,Instances/Tiny/Instance_5_2_2_1.txt,Tiny,cp_wws_eps,77,3600.0,results/raw/Instance_5_2_2_1__CP_WWS_EPS__eps_77.csv
Instance_5_2_2_1__LB_AP_EPS__eps_77,Instances/Tiny/Instance_5_2_2_1.txt,Tiny,lb_ap_eps,77,3600.0,results/raw/Instance_5_2_2_1__LB_AP_EPS__eps_77.csv
Instance_5_2_2_1__DECOMP_EPS__eps_77,Instances/Tiny/Instance_5_2_2_1.txt,Tiny,decomp_eps,77,3600.0,results/raw/Instance_5_2_2_1__DECOMP_EPS__eps_77.csv
Instance_5_2_2_1__CP_WWS_EPS__eps_78,Instances/Tiny/Instance_5_2_2_1.txt,Tiny,cp_wws_eps,78,3600.0,results/raw/Instance_5_2_2_1__CP_WWS_EPS__eps_78.csv
Instance_5_2_2_1__LB_AP_EPS__eps_78,Instances/Tiny/Instance_5_2_2_1.txt,Tiny,lb_ap_eps,78,3600.0,results/raw/Instance_5_2_2_1__LB_AP_EPS__eps_78.csv
Instance_5_2_2_1__DECOMP_EPS__eps_78,Instances/Tiny/Instance_5_2_2_1.txt,Tiny,decomp_eps,78,3600.0,results/raw/Instance_5_2_2_1__DECOMP_EPS__eps_78.csv
Instance_5_2_2_1__CP_WWS_EPS__eps_79,Instances/Tiny/Instance_5_2_2_1.txt,Tiny,cp_wws_eps,79,3600.0,results/raw/Instance_5_2_2_1__CP_WWS_EPS__eps_79.csv
Instance_5_2_2_1__LB_AP_EPS__eps_79,Instances/Tiny/Instance_5_2_2_1.txt,Tiny,lb_ap_eps,79,3600.0,results/raw/Instance_5_2_2_1__LB_AP_EPS__eps_79.csv
Instance_5_2_2_1__DECOMP_EPS__eps_79,Instances/Tiny/Instance_5_2_2_1.txt,Tiny,decomp_eps,79,3600.0,results/raw/Instance_5_2_2_1__DECOMP_EPS__eps_79.csv
Instance_5_2_2_1__CP_WWS_EPS__eps_80,Instances/Tiny/Instance_5_2_2_1.txt,Tiny,cp_wws_eps,80,3600.0,results/raw/Instance_5_2_2_1__CP_WWS_EPS__eps_80.csv
Instance_5_2_2_1__LB_AP_EPS__eps_80,Instances/Tiny/Instance_5_2_2_1.txt,Tiny,lb_ap_eps,80,3600.0,results/raw/Instance_5_2_2_1__LB_AP_EPS__eps_80.csv
Instance_5_2_2_1__DECOMP_EPS__eps_80,Instances/Tiny/Instance_5_2_2_1.txt,Tiny,decomp_eps,80,3600.0,results/raw/Instance_5_2_2_1__DECOMP_EPS__eps_80.csv
Instance_5_2_2_1__CP_WWS_EPS__eps_81,Instances/Tiny/Instance_5_2_2_1.txt,Tiny,cp_wws_eps,81,3600.0,results/raw/Instance_5_2_2_1__CP_WWS_EPS__eps_81.csv
Instance_5_2_2_1__LB_AP_EPS__eps_81,Instances/Tiny/Instance_5_2_2_1.txt,Tiny,lb_ap_eps,81,3600.0,results/raw/Instance_5_2_2_1__LB_AP_EPS__eps_81.csv
Instance_5_2_2_1__DECOMP_EPS__eps_81,Instances/Tiny/Instance_5_2_2_1.txt,Tiny,decomp_eps,81,3600.0,results/raw/Instance_5_2_2_1__DECOMP_EPS__eps_81.csv
Instance_5_2_2_1__CP_WWS_EPS__eps_82,Instances/Tiny/Instance_5_2_2_1.txt,Tiny,cp_wws_eps,82,3600.0,results/raw/Instance_5_2_2_1__CP_WWS_EPS__eps_82.csv
Instance_5_2_2_1__LB_AP_EPS__eps_82,Instances/Tiny/Instance_5_2_2_1.txt,Tiny,lb_ap_eps,82,3600.0,results/raw/Instance_5_2_2_1__LB_AP_EPS__eps_82.csv
Instance_5_2_2_1__DECOMP_EPS__eps_82,Instances/Tiny/Instance_5_2_2_1.txt,Tiny,decomp_eps,82,3600.0,results/raw/Instance_5_2_2_1__DECOMP_EPS__eps_82.csv
Instance_5_2_2_2__CP_WWS_EPS__eps_148,Instances/Tiny/Instance_5_2_2_2.txt,Tiny,cp_wws_eps,148,3600.0,results/raw/Instance_5_2_2_2__CP_WWS_EPS__eps_148.csv
Instance_5_2_2_2__LB_AP_EPS__eps_148,Instances/Tiny/Instance_5_2_2_2.txt,Tiny,lb_ap_eps,148,3600.0,results/raw/Instance_5_2_2_2__LB_AP_EPS__eps_148.csv
Instance_5_2_2_2__DECOMP_EPS__eps_148,Instances/Tiny/Instance_5_2_2_2.txt,Tiny,decomp_eps,148,3600.0,results/raw/Instance_5_2_2_2__DECOMP_EPS__eps_148.csv
Instance_5_3_2_0__CP_WWS_EPS__eps_94,Instances/Tiny/Instance_5_3_2_0.txt,Tiny,cp_wws_eps,94,3600.0,results/raw/Instance_5_3_2_0__CP_WWS_EPS__eps_94.csv
Instance_5_3_2_0__LB_AP_EPS__eps_94,Instances/Tiny/Instance_5_3_2_0.txt,Tiny,lb_ap_eps,94,3600.0,results/raw/Instance_5_3_2_0__LB_AP_EPS__eps_94.csv
Instance_5_3_2_0__DECOMP_EPS__eps_94,Instances/Tiny/Instance_5_3_2_0.txt,Tiny,decomp_eps,94,3600.0,results/raw/Instance_5_3_2_0__DECOMP_EPS__eps_94.csv
Instance_5_3_2_0__CP_WWS_EPS__eps_95,Instances/Tiny/Instance_5_3_2_0.txt,Tiny,cp_wws_eps,95,3600.0,results/raw/Instance_5_3_2_0__CP_WWS_EPS__eps_95.csv
Instance_5_3_2_0__LB_AP_EPS__eps_95,Instances/Tiny/Instance_5_3_2_0.txt,Tiny,lb_ap_eps,95,3600.0,results/raw/Instance_5_3_2_0__LB_AP_EPS__eps_95.csv
Instance_5_3_2_0__DECOMP_EPS__eps_95,Instances/Tiny/Instance_5_3_2_0.txt,Tiny,decomp_eps,95,3600.0,results/raw/Instance_5_3_2_0__DECOMP_EPS__eps_95.csv
Instance_5_3_2_0__CP_WWS_EPS__eps_96,Instances/Tiny/Instance_5_3_2_0.txt,Tiny,cp_wws_eps,96,3600.0,results/raw/Instance_5_3_2_0__CP_WWS_EPS__eps_96.csv
Instance_5_3_2_0__LB_AP_EPS__eps_96,Instances/Tiny/Instance_5_3_2_0.txt,Tiny,lb_ap_eps,96,3600.0,results/raw/Instance_5_3_2_0__LB_AP_EPS__eps_96.csv
Instance_5_3_2_0__DECOMP_EPS__eps_96,Instances/Tiny/Instance_5_3_2_0.txt,Tiny,decomp_eps,96,3600.0,results/raw/Instance_5_3_2_0__DECOMP_EPS__eps_96.csv
Instance_5_3_2_0__CP_WWS_EPS__eps_97,Instances/Tiny/Instance_5_3_2_0.txt,Tiny,cp_wws_eps,97,3600.0,results/raw/Instance_5_3_2_0__CP_WWS_EPS__eps_97.csv
Instance_5_3_2_0__LB_AP_EPS__eps_97,Instances/Tiny/Instance_5_3_2_0.txt,Tiny,lb_ap_eps,97,3600.0,results/raw/Instance_5_3_2_0__LB_AP_EPS__eps_97.csv
Instance_5_3_2_0__DECOMP_EPS__eps_97,Instances/Tiny/Instance_5_3_2_0.txt,Tiny,decomp_eps,97,3600.0,results/raw/Instance_5_3_2_0__DECOMP_EPS__eps_97.csv
Instance_5_3_2_0__CP_WWS_EPS__eps_98,Instances/Tiny/Instance_5_3_2_0.txt,Tiny,cp_wws_eps,98,3600.0,results/raw/Instance_5_3_2_0__CP_WWS_EPS__eps_98.csv
Instance_5_3_2_0__LB_AP_EPS__eps_98,Instances/Tiny/Instance_5_3_2_0.txt,Tiny,lb_ap_eps,98,3600.0,results/raw/Instance_5_3_2_0__LB_AP_EPS__eps_98.csv
Instance_5_3_2_0__DECOMP_EPS__eps_98,Instances/Tiny/Instance_5_3_2_0.txt,Tiny,decomp_eps,98,3600.0,results/raw/Instance_5_3_2_0__DECOMP_EPS__eps_98.csv
Instance_5_3_2_0__CP_WWS_EPS__eps_99,Instances/Tiny/Instance_5_3_2_0.txt,Tiny,cp_wws_eps,99,3600.0,results/raw/Instance_5_3_2_0__CP_WWS_EPS__eps_99.csv
Instance_5_3_2_0__LB_AP_EPS__eps_99,Instances/Tiny/Instance_5_3_2_0.txt,Tiny,lb_ap_eps,99,3600.0,results/raw/Instance_5_3_2_0__LB_AP_EPS__eps_99.csv
Instance_5_3_2_0__DECOMP_EPS__eps_99,Instances/Tiny/Instance_5_3_2_0.txt,Tiny,decomp_eps,99,3600.0,results/raw/Instance_5_3_2_0__DECOMP_EPS__eps_99.csv
Instance_5_3_2_0__CP_WWS_EPS__eps_100,Instances/Tiny/Instance_5_3_2_0.txt,Tiny,cp_wws_eps,100,3600.0,results/raw/Instance_5_3_2_0__CP_WWS_EPS__eps_100.csv
Instance_5_3_2_0__LB_AP_EPS__eps_100,Instances/Tiny/Instance_5_3_2_0.txt,Tiny,lb_ap_eps,100,3600.0,results/raw/Instance_5_3_2_0__LB_AP_EPS__eps_100.csv
Instance_5_3_2_0__DECOMP_EPS__eps_100,Instances/Tiny/Instance_5_3_2_0.txt,Tiny,decomp_eps,100,3600.0,results/raw/Instance_5_3_2_0__DECOMP_EPS__eps_100.csv
Instance_5_3_2_0__CP_WWS_EPS__eps_101,Instances/Tiny/Instance_5_3_2_0.txt,Tiny,cp_wws_eps,101,3600.0,results/raw/Instance_5_3_2_0__CP_WWS_EPS__eps_101.csv
Instance_5_3_2_0__LB_AP_EPS__eps_101,Instances/Tiny/Instance_5_3_2_0.txt,Tiny,lb_ap_eps,101,3600.0,results/raw/Instance_5_3_2_0__LB_AP_EPS__eps_101.csv
Instance_5_3_2_0__DECOMP_EPS__eps_101,Instances/Tiny/Instance_5_3_2_0.txt,Tiny,decomp_eps,101,3600.0,results/raw/Instance_5_3_2_0__DECOMP_EPS__eps_101.csv
Instance_5_3_2_0__CP_WWS_EPS__eps_102,Instances/Tiny/Instance_5_3_2_0.txt,Tiny,cp_wws_eps,102,3600.0,results/raw/Instance_5_3_2_0__CP_WWS_EPS__eps_102.csv
Instance_5_3_2_0__LB_AP_EPS__eps_102,Instances/Tiny/Instance_5_3_2_0.txt,Tiny,lb_ap_eps,102,3600.0,results/raw/Instance_5_3_2_0__LB_AP_EPS__eps_102.csv
Instance_5_3_2_0__DECOMP_EPS__eps_102,Instances/Tiny/Instance_5_3_2_0.txt,Tiny,decomp_eps,102,3600.0,results/raw/Instance_5_3_2_0__DECOMP_EPS__eps_102.csv
Instance_5_3_2_0__CP_WWS_EPS__eps_103,Instances/Tiny/Instance_5_3_2_0.txt,Tiny,cp_wws_eps,103,3600.0,results/raw/Instance_5_3_2_0__CP_WWS_EPS__eps_103.csv
Instance_5_3_2_0__LB_AP_EPS__eps_103,Instances/Tiny/Instance_5_3_2_0.txt,Tiny,lb_ap_eps,103,3600.0,results/raw/Instance_5_3_2_0__LB_AP_EPS__eps_103.csv
Instance_5_3_2_0__DECOMP_EPS__eps_103,Instances/Tiny/Instance_5_3_2_0.txt,Tiny,decomp_eps,103,3600.0,results/raw/Instance_5_3_2_0__DECOMP_EPS__eps_103.csv
Instance_5_3_2_0__CP_WWS_EPS__eps_104,Instances/Tiny/Instance_5_3_2_0.txt,Tiny,cp_wws_eps,104,3600.0,results/raw/Instance_5_3_2_0__CP_WWS_EPS__eps_104.csv
Instance_5_3_2_0__LB_AP_EPS__eps_104,Instances/Tiny/Instance_5_3_2_0.txt,Tiny,lb_ap_eps,104,3600.0,results/raw/Instance_5_3_2_0__LB_AP_EPS__eps_104.csv
Instance_5_3_2_0__DECOMP_EPS__eps_104,Instances/Tiny/Instance_5_3_2_0.txt,Tiny,decomp_eps,104,3600.0,results/raw/Instance_5_3_2_0__DECOMP_EPS__eps_104.csv
Instance_5_3_2_0__CP_WWS_EPS__eps_105,Instances/Tiny/Instance_5_3_2_0.txt,Tiny,cp_wws_eps,105,3600.0,results/raw/Instance_5_3_2_0__CP_WWS_EPS__eps_105.csv
Instance_5_3_2_0__LB_AP_EPS__eps_105,Instances/Tiny/Instance_5_3_2_0.txt,Tiny,lb_ap_eps,105,3600.0,results/raw/Instance_5_3_2_0__LB_AP_EPS__eps_105.csv
Instance_5_3_2_0__DECOMP_EPS__eps_105,Instances/Tiny/Instance_5_3_2_0.txt,Tiny,decomp_eps,105,3600.0,results/raw/Instance_5_3_2_0__DECOMP_EPS__eps_105.csv
Instance_5_3_2_0__CP_WWS_EPS__eps_106,Instances/Tiny/Instance_5_3_2_0.txt,Tiny,cp_wws_eps,106,3600.0,results/raw/Instance_5_3_2_0__CP_WWS_EPS__eps_106.csv
Instance_5_3_2_0__LB_AP_EPS__eps_106,Instances/Tiny/Instance_5_3_2_0.txt,Tiny,lb_ap_eps,106,3600.0,results/raw/Instance_5_3_2_0__LB_AP_EPS__eps_106.csv
Instance_5_3_2_0__DECOMP_EPS__eps_106,Instances/Tiny/Instance_5_3_2_0.txt,Tiny,decomp_eps,106,3600.0,results/raw/Instance_5_3_2_0__DECOMP_EPS__eps_106.csv
Instance_5_3_2_0__CP_WWS_EPS__eps_107,Instances/Tiny/Instance_5_3_2_0.txt,Tiny,cp_wws_eps,107,3600.0,results/raw/Instance_5_3_2_0__CP_WWS_EPS__eps_107.csv
Instance_5_3_2_0__LB_AP_EPS__eps_107,Instances/Tiny/Instance_5_3_2_0.txt,Tiny,lb_ap_eps,107,3600.0,results/raw/Instance_5_3_2_0__LB_AP_EPS__eps_107.csv
Instance_5_3_2_0__DECOMP_EPS__eps_107,Instances/Tiny/Instance_5_3_2_0.txt,Tiny,decomp_eps,107,3600.0,results/raw/Instance_5_3_2_0__DECOMP_EPS__eps_107.csv
Instance_5_3_2_0__CP_WWS_EPS__eps_108,Instances/Tiny/Instance_5_3_2_0.txt,Tiny,cp_wws_eps,108,3600.0,results/raw/Instance_5_3_2_0__CP_WWS_EPS__eps_108.csv
Instance_5_3_2_0__LB_AP_EPS__eps_108,Instances/Tiny/Instance_5_3_2_0.txt,Tiny,lb_ap_eps,108,3600.0,results/raw/Instance_5_3_2_0__LB_AP_EPS__eps_108.csv
Instance_5_3_2_0__DECOMP_EPS__eps_108,Instances/Tiny/Instance_5_3_2_0.txt,Tiny,decomp_eps,108,3600.0,results/raw/Instance_5_3_2_0__DECOMP_EPS__eps_108.csv
Instance_5_3_2_0__CP_WWS_EPS__eps_109,Instances/Tiny/Instance_5_3_2_0.txt,Tiny,cp_wws_eps,109,3600.0,results/raw/Instance_5_3_2_0__CP_WWS_EPS__eps_109.csv
Instance_5_3_2_0__LB_AP_EPS__eps_109,Instances/Tiny/Instance_5_3_2_0.txt,Tiny,lb_ap_eps,109,3600.0,results/raw/Instance_5_3_2_0__LB_AP_EPS__eps_109.csv
Instance_5_3_2_0__DECOMP_EPS__eps_109,Instances/Tiny/Instance_5_3_2_0.txt,Tiny,decomp_eps,109,3600.0,results/raw/Instance_5_3_2_0__DECOMP_EPS__eps_109.csv
Instance_5_3_2_0__CP_WWS_EPS__eps_110,Instances/Tiny/Instance_5_3_2_0.txt,Tiny,cp_wws_eps,110,3600.0,results/raw/Instance_5_3_2_0__CP_WWS_EPS__eps_110.csv
Instance_5_3_2_0__LB_AP_EPS__eps_110,Instances/Tiny/Instance_5_3_2_0.txt,Tiny,lb_ap_eps,110,3600.0,results/raw/Instance_5_3_2_0__LB_AP_EPS__eps_110.csv
Instance_5_3_2_0__DECOMP_EPS__eps_110,Instances/Tiny/Instance_5_3_2_0.txt,Tiny,decomp_eps,110,3600.0,results/raw/Instance_5_3_2_0__DECOMP_EPS__eps_110.csv
Instance_5_3_2_0__CP_WWS_EPS__eps_111,Instances/Tiny/Instance_5_3_2_0.txt,Tiny,cp_wws_eps,111,3600.0,results/raw/Instance_5_3_2_0__CP_WWS_EPS__eps_111.csv
Instance_5_3_2_0__LB_AP_EPS__eps_111,Instances/Tiny/Instance_5_3_2_0.txt,Tiny,lb_ap_eps,111,3600.0,results/raw/Instance_5_3_2_0__LB_AP_EPS__eps_111.csv
Instance_5_3_2_0__DECOMP_EPS__eps_111,Instances/Tiny/Instance_5_3_2_0.txt,Tiny,decomp_eps,111,3600.0,results/raw/Instance_5_3_2_0__DECOMP_EPS__eps_111.csv
Instance_5_3_2_0__CP_WWS_EPS__eps_112,Instances/Tiny/Instance_5_3_2_0.txt,Tiny,cp_wws_eps,112,3600.0,results/raw/Instance_5_3_2_0__CP_WWS_EPS__eps_112.csv
Instance_5_3_2_0__LB_AP_EPS__eps_112,Instances/Tiny/Instance_5_3_2_0.txt,Tiny,lb_ap_eps,112,3600.0,results/raw/Instance_5_3_2_0__LB_AP_EPS__eps_112.csv
Instance_5_3_2_0__DECOMP_EPS__eps_112,Instances/Tiny/Instance_5_3_2_0.txt,Tiny,decomp_eps,112,3600.0,results/raw/Instance_5_3_2_0__DECOMP_EPS__eps_112.csv
Instance_5_3_2_0__CP_WWS_EPS__eps_113,Instances/Tiny/Instance_5_3_2_0.txt,Tiny,cp_wws_eps,113,3600.0,results/raw/Instance_5_3_2_0__CP_WWS_EPS__eps_113.csv
Instance_5_3_2_0__LB_AP_EPS__eps_113,Instances/Tiny/Instance_5_3_2_0.txt,Tiny,lb_ap_eps,113,3600.0,results/raw/Instance_5_3_2_0__LB_AP_EPS__eps_113.csv
Instance_5_3_2_0__DECOMP_EPS__eps_113,Instances/Tiny/Instance_5_3_2_0.txt,Tiny,decomp_eps,113,3600.0,results/raw/Instance_5_3_2_0__DECOMP_EPS__eps_113.csv
Instance_5_3_2_0__CP_WWS_EPS__eps_114,Instances/Tiny/Instance_5_3_2_0.txt,Tiny,cp_wws_eps,114,3600.0,results/raw/Instance_5_3_2_0__CP_WWS_EPS__eps_114.csv
Instance_5_3_2_0__LB_AP_EPS__eps_114,Instances/Tiny/Instance_5_3_2_0.txt,Tiny,lb_ap_eps,114,3600.0,results/raw/Instance_5_3_2_0__LB_AP_EPS__eps_114.csv
Instance_5_3_2_0__DECOMP_EPS__eps_114,Instances/Tiny/Instance_5_3_2_0.txt,Tiny,decomp_eps,114,3600.0,results/raw/Instance_5_3_2_0__DECOMP_EPS__eps_114.csv
Instance_5_3_2_0__CP_WWS_EPS__eps_115,Instances/Tiny/Instance_5_3_2_0.txt,Tiny,cp_wws_eps,115,3600.0,results/raw/Instance_5_3_2_0__CP_WWS_EPS__eps_115.csv
Instance_5_3_2_0__LB_AP_EPS__eps_115,Instances/Tiny/Instance_5_3_2_0.txt,Tiny,lb_ap_eps,115,3600.0,results/raw/Instance_5_3_2_0__LB_AP_EPS__eps_115.csv
Instance_5_3_2_0__DECOMP_EPS__eps_115,Instances/Tiny/Instance_5_3_2_0.txt,Tiny,decomp_eps,115,3600.0,results/raw/Instance_5_3_2_0__DECOMP_EPS__eps_115.csv
Instance_5_3_2_0__CP_WWS_EPS__eps_116,Instances/Tiny/Instance_5_3_2_0.txt,Tiny,cp_wws_eps,116,3600.0,results/raw/Instance_5_3_2_0__CP_WWS_EPS__eps_116.csv
Instance_5_3_2_0__LB_AP_EPS__eps_116,Instances/Tiny/Instance_5_3_2_0.txt,Tiny,lb_ap_eps,116,3600.0,results/raw/Instance_5_3_2_0__LB_AP_EPS__eps_116.csv
Instance_5_3_2_0__DECOMP_EPS__eps_116,Instances/Tiny/Instance_5_3_2_0.txt,Tiny,decomp_eps,116,3600.0,results/raw/Instance_5_3_2_0__DECOMP_EPS__eps_116.csv
Instance_5_3_2_0__CP_WWS_EPS__eps_117,Instances/Tiny/Instance_5_3_2_0.txt,Tiny,cp_wws_eps,117,3600.0,results/raw/Instance_5_3_2_0__CP_WWS_EPS__eps_117.csv
Instance_5_3_2_0__LB_AP_EPS__eps_117,Instances/Tiny/Instance_5_3_2_0.txt,Tiny,lb_ap_eps,117,3600.0,results/raw/Instance_5_3_2_0__LB_AP_EPS__eps_117.csv
Instance_5_3_2_0__DECOMP_EPS__eps_117,Instances/Tiny/Instance_5_3_2_0.txt,Tiny,decomp_eps,117,3600.0,results/raw/Instance_5_3_2_0__DECOMP_EPS__eps_117.csv
Instance_5_3_2_0__CP_WWS_EPS__eps_118,Instances/Tiny/Instance_5_3_2_0.txt,Tiny,cp_wws_eps,118,3600.0,results/raw/Instance_5_3_2_0__CP_WWS_EPS__eps_118.csv
Instance_5_3_2_0__LB_AP_EPS__eps_118,Instances/Tiny/Instance_5_3_2_0.txt,Tiny,lb_ap_eps,118,3600.0,results/raw/Instance_5_3_2_0__LB_AP_EPS__eps_118.csv
Instance_5_3_2_0__DECOMP_EPS__eps_118,Instances/Tiny/Instance_5_3_2_0.txt,Tiny,decomp_eps,118,3600.0,results/raw/Instance_5_3_2_0__DECOMP_EPS__eps_118.csv
Instance_5_3_2_0__CP_WWS_EPS__eps_119,Instances/Tiny/Instance_5_3_2_0.txt,Tiny,cp_wws_eps,119,3600.0,results/raw/Instance_5_3_2_0__CP_WWS_EPS__eps_119.csv
Instance_5_3_2_0__LB_AP_EPS__eps_119,Instances/Tiny/Instance_5_3_2_0.txt,Tiny,lb_ap_eps,119,3600.0,results/raw/Instance_5_3_2_0__LB_AP_EPS__eps_119.csv
Instance_5_3_2_0__DECOMP_EPS__eps_119,Instances/Tiny/Instance_5_3_2_0.txt,Tiny,decomp_eps,119,3600.0,results/raw/Instance_5_3_2_0__DECOMP_EPS__eps_119.csv
Instance_5_3_2_0__CP_WWS_EPS__eps_120,Instances/Tiny/Instance_5_3_2_0.txt,Tiny,cp_wws_eps,120,3600.0,results/raw/Instance_5_3_2_0__CP_WWS_EPS__eps_120.csv
Instance_5_3_2_0__LB_AP_EPS__eps_120,Instances/Tiny/Instance_5_3_2_0.txt,Tiny,lb_ap_eps,120,3600.0,results/raw/Instance_5_3_2_0__LB_AP_EPS__eps_120.csv
Instance_5_3_2_0__DECOMP_EPS__eps_120,Instances/Tiny/Instance_5_3_2_0.txt,Tiny,decomp_eps,120,3600.0,results/raw/Instance_5_3_2_0__DECOMP_EPS__eps_120.csv
Instance_5_3_2_0__CP_WWS_EPS__eps_121,Instances/Tiny/Instance_5_3_2_0.txt,Tiny,cp_wws_eps,121,3600.0,results/raw/Instance_5_3_2_0__CP_WWS_EPS__eps_121.csv
Instance_5_3_2_0__LB_AP_EPS__eps_121,Instances/Tiny/Instance_5_3_2_0.txt,Tiny,lb_ap_eps,121,3600.0,results/raw/Instance_5_3_2_0__LB_AP_EPS__eps_121.csv
Instance_5_3_2_0__DECOMP_EPS__eps_121,Instances/Tiny/Instance_5_3_2_0.txt,Tiny,decomp_eps,121,3600.0,results/raw/Instance_5_3_2_0__DECOMP_EPS__eps_121.csv
Instance_5_3_2_0__CP_WWS_EPS__eps_122,Instances/Tiny/Instance_5_3_2_0.txt,Tiny,cp_wws_eps,122,3600.0,results/raw/Instance_5_3_2_0__CP_WWS_EPS__eps_122.csv
Instance_5_3_2_0__LB_AP_EPS__eps_122,Instances/Tiny/Instance_5_3_2_0.txt,Tiny,lb_ap_eps,122,3600.0,results/raw/Instance_5_3_2_0__LB_AP_EPS__eps_122.csv
Instance_5_3_2_0__DECOMP_EPS__eps_122,Instances/Tiny/Instance_5_3_2_0.txt,Tiny,decomp_eps,122,3600.0,results/raw/Instance_5_3_2_0__DECOMP_EPS__eps_122.csv
Instance_5_3_2_1__CP_WWS_EPS__eps_91,Instances/Tiny/Instance_5_3_2_1.txt,Tiny,cp_wws_eps,91,3600.0,results/raw/Instance_5_3_2_1__CP_WWS_EPS__eps_91.csv
Instance_5_3_2_1__LB_AP_EPS__eps_91,Instances/Tiny/Instance_5_3_2_1.txt,Tiny,lb_ap_eps,91,3600.0,results/raw/Instance_5_3_2_1__LB_AP_EPS__eps_91.csv
Instance_5_3_2_1__DECOMP_EPS__eps_91,Instances/Tiny/Instance_5_3_2_1.txt,Tiny,decomp_eps,91,3600.0,results/raw/Instance_5_3_2_1__DECOMP_EPS__eps_91.csv
Instance_5_3_2_1__CP_WWS_EPS__eps_92,Instances/Tiny/Instance_5_3_2_1.txt,Tiny,cp_wws_eps,92,3600.0,results/raw/Instance_5_3_2_1__CP_WWS_EPS__eps_92.csv
Instance_5_3_2_1__LB_AP_EPS__eps_92,Instances/Tiny/Instance_5_3_2_1.txt,Tiny,lb_ap_eps,92,3600.0,results/raw/Instance_5_3_2_1__LB_AP_EPS__eps_92.csv
Instance_5_3_2_1__DECOMP_EPS__eps_92,Instances/Tiny/Instance_5_3_2_1.txt,Tiny,decomp_eps,92,3600.0,results/raw/Instance_5_3_2_1__DECOMP_EPS__eps_92.csv
Instance_5_3_2_1__CP_WWS_EPS__eps_93,Instances/Tiny/Instance_5_3_2_1.txt,Tiny,cp_wws_eps,93,3600.0,results/raw/Instance_5_3_2_1__CP_WWS_EPS__eps_93.csv
Instance_5_3_2_1__LB_AP_EPS__eps_93,Instances/Tiny/Instance_5_3_2_1.txt,Tiny,lb_ap_eps,93,3600.0,results/raw/Instance_5_3_2_1__LB_AP_EPS__eps_93.csv
Instance_5_3_2_1__DECOMP_EPS__eps_93,Instances/Tiny/Instance_5_3_2_1.txt,Tiny,decomp_eps,93,3600.0,results/raw/Instance_5_3_2_1__DECOMP_EPS__eps_93.csv
Instance_5_3_2_2__CP_WWS_EPS__eps_114,Instances/Tiny/Instance_5_3_2_2.txt,Tiny,cp_wws_eps,114,3600.0,results/raw/Instance_5_3_2_2__CP_WWS_EPS__eps_114.csv
Instance_5_3_2_2__LB_AP_EPS__eps_114,Instances/Tiny/Instance_5_3_2_2.txt,Tiny,lb_ap_eps,114,3600.0,results/raw/Instance_5_3_2_2__LB_AP_EPS__eps_114.csv
Instance_5_3_2_2__DECOMP_EPS__eps_114,Instances/Tiny/Instance_5_3_2_2.txt,Tiny,decomp_eps,114,3600.0,results/raw/Instance_5_3_2_2__DECOMP_EPS__eps_114.csv
Instance_5_3_2_2__CP_WWS_EPS__eps_115,Instances/Tiny/Instance_5_3_2_2.txt,Tiny,cp_wws_eps,115,3600.0,results/raw/Instance_5_3_2_2__CP_WWS_EPS__eps_115.csv
Instance_5_3_2_2__LB_AP_EPS__eps_115,Instances/Tiny/Instance_5_3_2_2.txt,Tiny,lb_ap_eps,115,3600.0,results/raw/Instance_5_3_2_2__LB_AP_EPS__eps_115.csv
Instance_5_3_2_2__DECOMP_EPS__eps_115,Instances/Tiny/Instance_5_3_2_2.txt,Tiny,decomp_eps,115,3600.0,results/raw/Instance_5_3_2_2__DECOMP_EPS__eps_115.csv
Instance_5_3_2_2__CP_WWS_EPS__eps_116,Instances/Tiny/Instance_5_3_2_2.txt,Tiny,cp_wws_eps,116,3600.0,results/raw/Instance_5_3_2_2__CP_WWS_EPS__eps_116.csv
Instance_5_3_2_2__LB_AP_EPS__eps_116,Instances/Tiny/Instance_5_3_2_2.txt,Tiny,lb_ap_eps,116,3600.0,results/raw/Instance_5_3_2_2__LB_AP_EPS__eps_116.csv
Instance_5_3_2_2__DECOMP_EPS__eps_116,Instances/Tiny/Instance_5_3_2_2.txt,Tiny,decomp_eps,116,3600.0,results/raw/Instance_5_3_2_2__DECOMP_EPS__eps_116.csv
Instance_5_3_2_2__CP_WWS_EPS__eps_117,Instances/Tiny/Instance_5_3_2_2.txt,Tiny,cp_wws_eps,117,3600.0,results/raw/Instance_5_3_2_2__CP_WWS_EPS__eps_117.csv
Instance_5_3_2_2__LB_AP_EPS__eps_117,Instances/Tiny/Instance_5_3_2_2.txt,Tiny,lb_ap_eps,117,3600.0,results/raw/Instance_5_3_2_2__LB_AP_EPS__eps_117.csv
Instance_5_3_2_2__DECOMP_EPS__eps_117,Instances/Tiny/Instance_5_3_2_2.txt,Tiny,decomp_eps,117,3600.0,results/raw/Instance_5_3_2_2__DECOMP_EPS__eps_117.csv
Instance_5_3_2_2__CP_WWS_EPS__eps_118,Instances/Tiny/Instance_5_3_2_2.txt,Tiny,cp_wws_eps,118,3600.0,results/raw/Instance_5_3_2_2__CP_WWS_EPS__eps_118.csv
Instance_5_3_2_2__LB_AP_EPS__eps_118,Instances/Tiny/Instance_5_3_2_2.txt,Tiny,lb_ap_eps,118,3600.0,results/raw/Instance_5_3_2_2__LB_AP_EPS__eps_118.csv
Instance_5_3_2_2__DECOMP_EPS__eps_118,Instances/Tiny/Instance_5_3_2_2.txt,Tiny,decomp_eps,118,3600.0,results/raw/Instance_5_3_2_2__DECOMP_EPS__eps_118.csv
Instance_5_3_2_2__CP_WWS_EPS__eps_119,Instances/Tiny/Instance_5_3_2_2.txt,Tiny,cp_wws_eps,119,3600.0,results/raw/Instance_5_3_2_2__CP_WWS_EPS__eps_119.csv
Instance_5_3_2_2__LB_AP_EPS__eps_119,Instances/Tiny/Instance_5_3_2_2.txt,Tiny,lb_ap_eps,119,3600.0,results/raw/Instance_5_3_2_2__LB_AP_EPS__eps_119.csv
Instance_5_3_2_2__DECOMP_EPS__eps_119,Instances/Tiny/Instance_5_3_2_2.txt,Tiny,decomp_eps,119,3600.0,results/raw/Instance_5_3_2_2__DECOMP_EPS__eps_119.csv
Instance_5_3_2_2__CP_WWS_EPS__eps_120,Instances/Tiny/Instance_5_3_2_2.txt,Tiny,cp_wws_eps,120,3600.0,results/raw/Instance_5_3_2_2__CP_WWS_EPS__eps_120.csv
Instance_5_3_2_2__LB_AP_EPS__eps_120,Instances/Tiny/Instance_5_3_2_2.txt,Tiny,lb_ap_eps,120,3600.0,results/raw/Instance_5_3_2_2__LB_AP_EPS__eps_120.csv
Instance_5_3_2_2__DECOMP_EPS__eps_120,Instances/Tiny/Instance_5_3_2_2.txt,Tiny,decomp_eps,120,3600.0,results/raw/Instance_5_3_2_2__DECOMP_EPS__eps_120.csv
Instance_5_3_2_2__CP_WWS_EPS__eps_121,Instances/Tiny/Instance_5_3_2_2.txt,Tiny,cp_wws_eps,121,3600.0,results/raw/Instance_5_3_2_2__CP_WWS_EPS__eps_121.csv
Instance_5_3_2_2__LB_AP_EPS__eps_121,Instances/Tiny/Instance_5_3_2_2.txt,Tiny,lb_ap_eps,121,3600.0,results/raw/Instance_5_3_2_2__LB_AP_EPS__eps_121.csv
Instance_5_3_2_2__DECOMP_EPS__eps_121,Instances/Tiny/Instance_5_3_2_2.txt,Tiny,decomp_eps,121,3600.0,results/raw/Instance_5_3_2_2__DECOMP_EPS__eps_121.csv
Instance_5_3_2_2__CP_WWS_EPS__eps_122,Instances/Tiny/Instance_5_3_2_2.txt,Tiny,cp_wws_eps,122,3600.0,results/raw/Instance_5_3_2_2__CP_WWS_EPS__eps_122.csv
Instance_5_3_2_2__LB_AP_EPS__eps_122,Instances/Tiny/Instance_5_3_2_2.txt,Tiny,lb_ap_eps,122,3600.0,results/raw/Instance_5_3_2_2__LB_AP_EPS__eps_122.csv
Instance_5_3_2_2__DECOMP_EPS__eps_122,Instances/Tiny/Instance_5_3_2_2.txt,Tiny,decomp_eps,122,3600.0,results/raw/Instance_5_3_2_2__DECOMP_EPS__eps_122.csv
Instance_5_3_2_2__CP_WWS_EPS__eps_123,Instances/Tiny/Instance_5_3_2_2.txt,Tiny,cp_wws_eps,123,3600.0,results/raw/Instance_5_3_2_2__CP_WWS_EPS__eps_123.csv
Instance_5_3_2_2__LB_AP_EPS__eps_123,Instances/Tiny/Instance_5_3_2_2.txt,Tiny,lb_ap_eps,123,3600.0,results/raw/Instance_5_3_2_2__LB_AP_EPS__eps_123.csv
Instance_5_3_2_2__DECOMP_EPS__eps_123,Instances/Tiny/Instance_5_3_2_2.txt,Tiny,decomp_eps,123,3600.0,results/raw/Instance_5_3_2_2__DECOMP_EPS__eps_123.csv
Instance_5_3_2_2__CP_WWS_EPS__eps_124,Instances/Tiny/Instance_5_3_2_2.txt,Tiny,cp_wws_eps,124,3600.0,results/raw/Instance_5_3_2_2__CP_WWS_EPS__eps_124.csv
Instance_5_3_2_2__LB_AP_EPS__eps_124,Instances/Tiny/Instance_5_3_2_2.txt,Tiny,lb_ap_eps,124,3600.0,results/raw/Instance_5_3_2_2__LB_AP_EPS__eps_124.csv
Instance_5_3_2_2__DECOMP_EPS__eps_124,Instances/Tiny/Instance_5_3_2_2.txt,Tiny,decomp_eps,124,3600.0,results/raw/Instance_5_3_2_2__DECOMP_EPS__eps_124.csv
Instance_5_3_2_2__CP_WWS_EPS__eps_125,Instances/Tiny/Instance_5_3_2_2.txt,Tiny,cp_wws_eps,125,3600.0,results/raw/Instance_5_3_2_2__CP_WWS_EPS__eps_125.csv
Instance_5_3_2_2__LB_AP_EPS__eps_125,Instances/Tiny/Instance_5_3_2_2.txt,Tiny,lb_ap_eps,125,3600.0,results/raw/Instance_5_3_2_2__LB_AP_EPS__eps_125.csv
Instance_5_3_2_2__DECOMP_EPS__eps_125,Instances/Tiny/Instance_5_3_2_2.txt,Tiny,decomp_eps,125,3600.0,results/raw/Instance_5_3_2_2__DECOMP_EPS__eps_125.csv
Instance_5_3_2_2__CP_WWS_EPS__eps_126,Instances/Tiny/Instance_5_3_2_2.txt,Tiny,cp_wws_eps,126,3600.0,results/raw/Instance_5_3_2_2__CP_WWS_EPS__eps_126.csv
Instance_5_3_2_2__LB_AP_EPS__eps_126,Instances/Tiny/Instance_5_3_2_2.txt,Tiny,lb_ap_eps,126,3600.0,results/raw/Instance_5_3_2_2__LB_AP_EPS__eps_126.csv
Instance_5_3_2_2__DECOMP_EPS__eps_126,Instances/Tiny/Instance_5_3_2_2.txt,Tiny,decomp_eps,126,3600.0,results/raw/Instance_5_3_2_2__DECOMP_EPS__eps_126.csv
Instance_5_3_2_2__CP_WWS_EPS__eps_127,Instances/Tiny/Instance_5_3_2_2.txt,Tiny,cp_wws_eps,127,3600.0,results/raw/Instance_5_3_2_2__CP_WWS_EPS__eps_127.csv
Instance_5_3_2_2__LB_AP_EPS__eps_127,Instances/Tiny/Instance_5_3_2_2.txt,Tiny,lb_ap_eps,127,3600.0,results/raw/Instance_5_3_2_2__LB_AP_EPS__eps_127.csv
Instance_5_3_2_2__DECOMP_EPS__eps_127,Instances/Tiny/Instance_5_3_2_2.txt,Tiny,decomp_eps,127,3600.0,results/raw/Instance_5_3_2_2__DECOMP_EPS__eps_127.csv
Instance_5_3_2_2__CP_WWS_EPS__eps_128,Instances/Tiny/Instance_5_3_2_2.txt,Tiny,cp_wws_eps,128,3600.0,results/raw/Instance_5_3_2_2__CP_WWS_EPS__eps_128.csv
Instance_5_3_2_2__LB_AP_EPS__eps_128,Instances/Tiny/Instance_5_3_2_2.txt,Tiny,lb_ap_eps,128,3600.0,results/raw/Instance_5_3_2_2__LB_AP_EPS__eps_128.csv
Instance_5_3_2_2__DECOMP_EPS__eps_128,Instances/Tiny/Instance_5_3_2_2.txt,Tiny,decomp_eps,128,3600.0,results/raw/Instance_5_3_2_2__DECOMP_EPS__eps_128.csv
Instance_5_3_2_2__CP_WWS_EPS__eps_129,Instances/Tiny/Instance_5_3_2_2.txt,Tiny,cp_wws_eps,129,3600.0,results/raw/Instance_5_3_2_2__CP_WWS_EPS__eps_129.csv
Instance_5_3_2_2__LB_AP_EPS__eps_129,Instances/Tiny/Instance_5_3_2_2.txt,Tiny,lb_ap_eps,129,3600.0,results/raw/Instance_5_3_2_2__LB_AP_EPS__eps_129.csv
Instance_5_3_2_2__DECOMP_EPS__eps_129,Instances/Tiny/Instance_5_3_2_2.txt,Tiny,decomp_eps,129,3600.0,results/raw/Instance_5_3_2_2__DECOMP_EPS__eps_129.csv
Instance_5_3_2_2__CP_WWS_EPS__eps_130,Instances/Tiny/Instance_5_3_2_2.txt,Tiny,cp_wws_eps,130,3600.0,results/raw/Instance_5_3_2_2__CP_WWS_EPS__eps_130.csv
Instance_5_3_2_2__LB_AP_EPS__eps_130,Instances/Tiny/Instance_5_3_2_2.txt,Tiny,lb_ap_eps,130,3600.0,results/raw/Instance_5_3_2_2__LB_AP_EPS__eps_130.csv
Instance_5_3_2_2__DECOMP_EPS__eps_130,Instances/Tiny/Instance_5_3_2_2.txt,Tiny,decomp_eps,130,3600.0,results/raw/Instance_5_3_2_2__DECOMP_EPS__eps_130.csv
Instance_5_4_2_0__CP_WWS_EPS__eps_110,Instances/Tiny/Instance_5_4_2_0.txt,Tiny,cp_wws_eps,110,3600.0,results/raw/Instance_5_4_2_0__CP_WWS_EPS__eps_110.csv
Instance_5_4_2_0__LB_AP_EPS__eps_110,Instances/Tiny/Instance_5_4_2_0.txt,Tiny,lb_ap_eps,110,3600.0,results/raw/Instance_5_4_2_0__LB_AP_EPS__eps_110.csv
Instance_5_4_2_0__DECOMP_EPS__eps_110,Instances/Tiny/Instance_5_4_2_0.txt,Tiny,decomp_eps,110,3600.0,results/raw/Instance_5_4_2_0__DECOMP_EPS__eps_110.csv
Instance_5_4_2_0__CP_WWS_EPS__eps_111,Instances/Tiny/Instance_5_4_2_0.txt,Tiny,cp_wws_eps,111,3600.0,results/raw/Instance_5_4_2_0__CP_WWS_EPS__eps_111.csv
Instance_5_4_2_0__LB_AP_EPS__eps_111,Instances/Tiny/Instance_5_4_2_0.txt,Tiny,lb_ap_eps,111,3600.0,results/raw/Instance_5_4_2_0__LB_AP_EPS__eps_111.csv
Instance_5_4_2_0__DECOMP_EPS__eps_111,Instances/Tiny/Instance_5_4_2_0.txt,Tiny,decomp_eps,111,3600.0,results/raw/Instance_5_4_2_0__DECOMP_EPS__eps_111.csv
Instance_5_4_2_0__CP_WWS_EPS__eps_112,Instances/Tiny/Instance_5_4_2_0.txt,Tiny,cp_wws_eps,112,3600.0,results/raw/Instance_5_4_2_0__CP_WWS_EPS__eps_112.csv
Instance_5_4_2_0__LB_AP_EPS__eps_112,Instances/Tiny/Instance_5_4_2_0.txt,Tiny,lb_ap_eps,112,3600.0,results/raw/Instance_5_4_2_0__LB_AP_EPS__eps_112.csv
Instance_5_4_2_0__DECOMP_EPS__eps_112,Instances/Tiny/Instance_5_4_2_0.txt,Tiny,decomp_eps,112,3600.0,results/raw/Instance_5_4_2_0__DECOMP_EPS__eps_112.csv
Instance_5_4_2_0__CP_WWS_EPS__eps_113,Instances/Tiny/Instance_5_4_2_0.txt,Tiny,cp_wws_eps,113,3600.0,results/raw/Instance_5_4_2_0__CP_WWS_EPS__eps_113.csv
Instance_5_4_2_0__LB_AP_EPS__eps_113,Instances/Tiny/Instance_5_4_2_0.txt,Tiny,lb_ap_eps,113,3600.0,results/raw/Instance_5_4_2_0__LB_AP_EPS__eps_113.csv
Instance_5_4_2_0__DECOMP_EPS__eps_113,Instances/Tiny/Instance_5_4_2_0.txt,Tiny,decomp_eps,113,3600.0,results/raw/Instance_5_4_2_0__DECOMP_EPS__eps_113.csv
Instance_5_4_2_0__CP_WWS_EPS__eps_114,Instances/Tiny/Instance_5_4_2_0.txt,Tiny,cp_wws_eps,114,3600.0,results/raw/Instance_5_4_2_0__CP_WWS_EPS__eps_114.csv
Instance_5_4_2_0__LB_AP_EPS__eps_114,Instances/Tiny/Instance_5_4_2_0.txt,Tiny,lb_ap_eps,114,3600.0,results/raw/Instance_5_4_2_0__LB_AP_EPS__eps_114.csv
Instance_5_4_2_0__DECOMP_EPS__eps_114,Instances/Tiny/Instance_5_4_2_0.txt,Tiny,decomp_eps,114,3600.0,results/raw/Instance_5_4_2_0__DECOMP_EPS__eps_114.csv
Instance_5_4_2_0__CP_WWS_EPS__eps_115,Instances/Tiny/Instance_5_4_2_0.txt,Tiny,cp_wws_eps,115,3600.0,results/raw/Instance_5_4_2_0__CP_WWS_EPS__eps_115.csv
Instance_5_4_2_0__LB_AP_EPS__eps_115,Instances/Tiny/Instance_5_4_2_0.txt,Tiny,lb_ap_eps,115,3600.0,results/raw/Instance_5_4_2_0__LB_AP_EPS__eps_115.csv
Instance_5_4_2_0__DECOMP_EPS__eps_115,Instances/Tiny/Instance_5_4_2_0.txt,Tiny,decomp_eps,115,3600.0,results/raw/Instance_5_4_2_0__DECOMP_EPS__eps_115.csv
Instance_5_4_2_0__CP_WWS_EPS__eps_116,Instances/Tiny/Instance_5_4_2_0.txt,Tiny,cp_wws_eps,116,3600.0,results/raw/Instance_5_4_2_0__CP_WWS_EPS__eps_116.csv
Instance_5_4_2_0__LB_AP_EPS__eps_116,Instances/Tiny/Instance_5_4_2_0.txt,Tiny,lb_ap_eps,116,3600.0,results/raw/Instance_5_4_2_0__LB_AP_EPS__eps_116.csv
Instance_5_4_2_0__DECOMP_EPS__eps_116,Instances/Tiny/Instance_5_4_2_0.txt,Tiny,decomp_eps,116,3600.0,results/raw/Instance_5_4_2_0__DECOMP_EPS__eps_116.csv
Instance_5_4_2_0__CP_WWS_EPS__eps_117,Instances/Tiny/Instance_5_4_2_0.txt,Tiny,cp_wws_eps,117,3600.0,results/raw/Instance_5_4_2_0__CP_WWS_EPS__eps_117.csv
Instance_5_4_2_0__LB_AP_EPS__eps_117,Instances/Tiny/Instance_5_4_2_0.txt,Tiny,lb_ap_eps,117,3600.0,results/raw/Instance_5_4_2_0__LB_AP_EPS__eps_117.csv
Instance_5_4_2_0__DECOMP_EPS__eps_117,Instances/Tiny/Instance_5_4_2_0.txt,Tiny,decomp_eps,117,3600.0,results/raw/Instance_5_4_2_0__DECOMP_EPS__eps_117.csv
Instance_5_4_2_0__CP_WWS_EPS__eps_118,Instances/Tiny/Instance_5_4_2_0.txt,Tiny,cp_wws_eps,118,3600.0,results/raw/Instance_5_4_2_0__CP_WWS_EPS__eps_118.csv
Instance_5_4_2_0__LB_AP_EPS__eps_118,Instances/Tiny/Instance_5_4_2_0.txt,Tiny,lb_ap_eps,118,3600.0,results/raw/Instance_5_4_2_0__LB_AP_EPS__eps_118.csv
Instance_5_4_2_0__DECOMP_EPS__eps_118,Instances/Tiny/Instance_5_4_2_0.txt,Tiny,decomp_eps,118,3600.0,results/raw/Instance_5_4_2_0__DECOMP_EPS__eps_118.csv
Instance_5_4_2_0__CP_WWS_EPS__eps_119,Instances/Tiny/Instance_5_4_2_0.txt,Tiny,cp_wws_eps,119,3600.0,results/raw/Instance_5_4_2_0__CP_WWS_EPS__eps_119.csv
Instance_5_4_2_0__LB_AP_EPS__eps_119,Instances/Tiny/Instance_5_4_2_0.txt,Tiny,lb_ap_eps,119,3600.0,results/raw/Instance_5_4_2_0__LB_AP_EPS__eps_119.csv
Instance_5_4_2_0__DECOMP_EPS__eps_119,Instances/Tiny/Instance_5_4_2_0.txt,Tiny,decomp_eps,119,3600.0,results/raw/Instance_5_4_2_0__DECOMP_EPS__eps_119.csv
Instance_5_4_2_0__CP_WWS_EPS__eps_120,Instances/Tiny/Instance_5_4_2_0.txt,Tiny,cp_wws_eps,120,3600.0,results/raw/Instance_5_4_2_0__CP_WWS_EPS__eps_120.csv
Instance_5_4_2_0__LB_AP_EPS__eps_120,Instances/Tiny/Instance_5_4_2_0.txt,Tiny,lb_ap_eps,120,3600.0,results/raw/Instance_5_4_2_0__LB_AP_EPS__eps_120.csv
Instance_5_4_2_0__DECOMP_EPS__eps_120,Instances/Tiny/Instance_5_4_2_0.txt,Tiny,decomp_eps,120,3600.0,results/raw/Instance_5_4_2_0__DECOMP_EPS__eps_120.csv
Instance_5_4_2_0__CP_WWS_EPS__eps_121,Instances/Tiny/Instance_5_4_2_0.txt,Tiny,cp_wws_eps,121,3600.0,results/raw/Instance_5_4_2_0__CP_WWS_EPS__eps_121.csv
Instance_5_4_2_0__LB_AP_EPS__eps_121,Instances/Tiny/Instance_5_4_2_0.txt,Tiny,lb_ap_eps,121,3600.0,results/raw/Instance_5_4_2_0__LB_AP_EPS__eps_121.csv
Instance_5_4_2_0__DECOMP_EPS__eps_121,Instances/Tiny/Instance_5_4_2_0.txt,Tiny,decomp_eps,121,3600.0,results/raw/Instance_5_4_2_0__DECOMP_EPS__eps_121.csv
Instance_5_4_2_0__CP_WWS_EPS__eps_122,Instances/Tiny/Instance_5_4_2_0.txt,Tiny,cp_wws_eps,122,3600.0,results/raw/Instance_5_4_2_0__CP_WWS_EPS__eps_122.csv
Instance_5_4_2_0__LB_AP_EPS__eps_122,Instances/Tiny/Instance_5_4_2_0.txt,Tiny,lb_ap_eps,122,3600.0,results/raw/Instance_5_4_2_0__LB_AP_EPS__eps_122.csv
Instance_5_4_2_0__DECOMP_EPS__eps_122,Instances/Tiny/Instance_5_4_2_0.txt,Tiny,decomp_eps,122,3600.0,results/raw/Instance_5_4_2_0__DECOMP_EPS__eps_122.csv
Instance_5_4_2_0__CP_WWS_EPS__eps_123,Instances/Tiny/Instance_5_4_2_0.txt,Tiny,cp_wws_eps,123,3600.0,results/raw/Instance_5_4_2_0__CP_WWS_EPS__eps_123.csv
Instance_5_4_2_0__LB_AP_EPS__eps_123,Instances/Tiny/Instance_5_4_2_0.txt,Tiny,lb_ap_eps,123,3600.0,results/raw/Instance_5_4_2_0__LB_AP_EPS__eps_123.csv
Instance_5_4_2_0__DECOMP_EPS__eps_123,Instances/Tiny/Instance_5_4_2_0.txt,Tiny,decomp_eps,123,3600.0,results/raw/Instance_5_4_2_0__DECOMP_EPS__eps_123.csv
Instance_5_4_2_0__CP_WWS_EPS__eps_124,Instances/Tiny/Instance_5_4_2_0.txt,Tiny,cp_wws_eps,124,3600.0,results/raw/Instance_5_4_2_0__CP_WWS_EPS__eps_124.csv
Instance_5_4_2_0__LB_AP_EPS__eps_124,Instances/Tiny/Instance_5_4_2_0.txt,Tiny,lb_ap_eps,124,3600.0,results/raw/Instance_5_4_2_0__LB_AP_EPS__eps_124.csv
Instance_5_4_2_0__DECOMP_EPS__eps_124,Instances/Tiny/Instance_5_4_2_0.txt,Tiny,decomp_eps,124,3600.0,results/raw/Instance_5_4_2_0__DECOMP_EPS__eps_124.csv
Instance_5_4_2_0__CP_WWS_EPS__eps_125,Instances/Tiny/Instance_5_4_2_0.txt,Tiny,cp_wws_eps,125,3600.0,results/raw/Instance_5_4_2_0__CP_WWS_EPS__eps_125.csv
Instance_5_4_2_0__LB_AP_EPS__eps_125,Instances/Tiny/Instance_5_4_2_0.txt,Tiny,lb_ap_eps,125,3600.0,results/raw/Instance_5_4_2_0__LB_AP_EPS__eps_125.csv
Instance_5_4_2_0__DECOMP_EPS__eps_125,Instances/Tiny/Instance_5_4_2_0.txt,Tiny,decomp_eps,125,3600.0,results/raw/Instance_5_4_2_0__DECOMP_EPS__eps_125.csv
Instance_5_4_2_0__CP_WWS_EPS__eps_126,Instances/Tiny/Instance_5_4_2_0.txt,Tiny,cp_wws_eps,126,3600.0,results/raw/Instance_5_4_2_0__CP_WWS_EPS__eps_126.csv
Instance_5_4_2_0__LB_AP_EPS__eps_126,Instances/Tiny/Instance_5_4_2_0.txt,Tiny,lb_ap_eps,126,3600.0,results/raw/Instance_5_4_2_0__LB_AP_EPS__eps_126.csv
Instance_5_4_2_0__DECOMP_EPS__eps_126,Instances/Tiny/Instance_5_4_2_0.txt,Tiny,decomp_eps,126,3600.0,results/raw/Instance_5_4_2_0__DECOMP_EPS__eps_126.csv
Instance_5_4_2_0__CP_WWS_EPS__eps_127,Instances/Tiny/Instance_5_4_2_0.txt,Tiny,cp_wws_eps,127,3600.0,results/raw/Instance_5_4_2_0__CP_WWS_EPS__eps_127.csv
Instance_5_4_2_0__LB_AP_EPS__eps_127,Instances/Tiny/Instance_5_4_2_0.txt,Tiny,lb_ap_eps,127,3600.0,results/raw/Instance_5_4_2_0__LB_AP_EPS__eps_127.csv
Instance_5_4_2_0__DECOMP_EPS__eps_127,Instances/Tiny/Instance_5_4_2_0.txt,Tiny,decomp_eps,127,3600.0,results/raw/Instance_5_4_2_0__DECOMP_EPS__eps_127.csv
Instance_5_4_2_0__CP_WWS_EPS__eps_128,Instances/Tiny/Instance_5_4_2_0.txt,Tiny,cp_wws_eps,128,3600.0,results/raw/Instance_5_4_2_0__CP_WWS_EPS__eps_128.csv
Instance_5_4_2_0__LB_AP_EPS__eps_128,Instances/Tiny/Instance_5_4_2_0.txt,Tiny,lb_ap_eps,128,3600.0,results/raw/Instance_5_4_2_0__LB_AP_EPS__eps_128.csv
Instance_5_4_2_0__DECOMP_EPS__eps_128,Instances/Tiny/Instance_5_4_2_0.txt,Tiny,decomp_eps,128,3600.0,results/raw/Instance_5_4_2_0__DECOMP_EPS__eps_128.csv
Instance_5_4_2_0__CP_WWS_EPS__eps_129,Instances/Tiny/Instance_5_4_2_0.txt,Tiny,cp_wws_eps,129,3600.0,results/raw/Instance_5_4_2_0__CP_WWS_EPS__eps_129.csv
Instance_5_4_2_0__LB_AP_EPS__eps_129,Instances/Tiny/Instance_5_4_2_0.txt,Tiny,lb_ap_eps,129,3600.0,results/raw/Instance_5_4_2_0__LB_AP_EPS__eps_129.csv
Instance_5_4_2_0__DECOMP_EPS__eps_129,Instances/Tiny/Instance_5_4_2_0.txt,Tiny,decomp_eps,129,3600.0,results/raw/Instance_5_4_2_0__DECOMP_EPS__eps_129.csv
Instance_5_4_2_0__CP_WWS_EPS__eps_130,Instances/Tiny/Instance_5_4_2_0.txt,Tiny,cp_wws_eps,130,3600.0,results/raw/Instance_5_4_2_0__CP_WWS_EPS__eps_130.csv
Instance_5_4_2_0__LB_AP_EPS__eps_130,Instances/Tiny/Instance_5_4_2_0.txt,Tiny,lb_ap_eps,130,3600.0,results/raw/Instance_5_4_2_0__LB_AP_EPS__eps_130.csv
Instance_5_4_2_0__DECOMP_EPS__eps_130,Instances/Tiny/Instance_5_4_2_0.txt,Tiny,decomp_eps,130,3600.0,results/raw/Instance_5_4_2_0__DECOMP_EPS__eps_130.csv
Instance_5_4_2_0__CP_WWS_EPS__eps_131,Instances/Tiny/Instance_5_4_2_0.txt,Tiny,cp_wws_eps,131,3600.0,results/raw/Instance_5_4_2_0__CP_WWS_EPS__eps_131.csv
Instance_5_4_2_0__LB_AP_EPS__eps_131,Instances/Tiny/Instance_5_4_2_0.txt,Tiny,lb_ap_eps,131,3600.0,results/raw/Instance_5_4_2_0__LB_AP_EPS__eps_131.csv
Instance_5_4_2_0__DECOMP_EPS__eps_131,Instances/Tiny/Instance_5_4_2_0.txt,Tiny,decomp_eps,131,3600.0,results/raw/Instance_5_4_2_0__DECOMP_EPS__eps_131.csv
Instance_5_4_2_0__CP_WWS_EPS__eps_132,Instances/Tiny/Instance_5_4_2_0.txt,Tiny,cp_wws_eps,132,3600.0,results/raw/Instance_5_4_2_0__CP_WWS_EPS__eps_132.csv
Instance_5_4_2_0__LB_AP_EPS__eps_132,Instances/Tiny/Instance_5_4_2_0.txt,Tiny,lb_ap_eps,132,3600.0,results/raw/Instance_5_4_2_0__LB_AP_EPS__eps_132.csv
Instance_5_4_2_0__DECOMP_EPS__eps_132,Instances/Tiny/Instance_5_4_2_0.txt,Tiny,decomp_eps,132,3600.0,results/raw/Instance_5_4_2_0__DECOMP_EPS__eps_132.csv
Instance_5_4_2_0__CP_WWS_EPS__eps_133,Instances/Tiny/Instance_5_4_2_0.txt,Tiny,cp_wws_eps,133,3600.0,results/raw/Instance_5_4_2_0__CP_WWS_EPS__eps_133.csv
Instance_5_4_2_0__LB_AP_EPS__eps_133,Instances/Tiny/Instance_5_4_2_0.txt,Tiny,lb_ap_eps,133,3600.0,results/raw/Instance_5_4_2_0__LB_AP_EPS__eps_133.csv
Instance_5_4_2_0__DECOMP_EPS__eps_133,Instances/Tiny/Instance_5_4_2_0.txt,Tiny,decomp_eps,133,3600.0,results/raw/Instance_5_4_2_0__DECOMP_EPS__eps_133.csv
Instance_5_4_2_0__CP_WWS_EPS__eps_134,Instances/Tiny/Instance_5_4_2_0.txt,Tiny,cp_wws_eps,134,3600.0,results/raw/Instance_5_4_2_0__CP_WWS_EPS__eps_134.csv
Instance_5_4_2_0__LB_AP_EPS__eps_134,Instances/Tiny/Instance_5_4_2_0.txt,Tiny,lb_ap_eps,134,3600.0,results/raw/Instance_5_4_2_0__LB_AP_EPS__eps_134.csv
Instance_5_4_2_0__DECOMP_EPS__eps_134,Instances/Tiny/Instance_5_4_2_0.txt,Tiny,decomp_eps,134,3600.0,results/raw/Instance_5_4_2_0__DECOMP_EPS__eps_134.csv
Instance_5_4_2_0__CP_WWS_EPS__eps_135,Instances/Tiny/Instance_5_4_2_0.txt,Tiny,cp_wws_eps,135,3600.0,results/raw/Instance_5_4_2_0__CP_WWS_EPS__eps_135.csv
Instance_5_4_2_0__LB_AP_EPS__eps_135,Instances/Tiny/Instance_5_4_2_0.txt,Tiny,lb_ap_eps,135,3600.0,results/raw/Instance_5_4_2_0__LB_AP_EPS__eps_135.csv
Instance_5_4_2_0__DECOMP_EPS__eps_135,Instances/Tiny/Instance_5_4_2_0.txt,Tiny,decomp_eps,135,3600.0,results/raw/Instance_5_4_2_0__DECOMP_EPS__eps_135.csv
Instance_5_4_2_0__CP_WWS_EPS__eps_136,Instances/Tiny/Instance_5_4_2_0.txt,Tiny,cp_wws_eps,136,3600.0,results/raw/Instance_5_4_2_0__CP_WWS_EPS__eps_136.csv
Instance_5_4_2_0__LB_AP_EPS__eps_136,Instances/Tiny/Instance_5_4_2_0.txt,Tiny,lb_ap_eps,136,3600.0,results/raw/Instance_5_4_2_0__LB_AP_EPS__eps_136.csv
Instance_5_4_2_0__DECOMP_EPS__eps_136,Instances/Tiny/Instance_5_4_2_0.txt,Tiny,decomp_eps,136,3600.0,results/raw/Instance_5_4_2_0__DECOMP_EPS__eps_136.csv
Instance_5_4_2_0__CP_WWS_EPS__eps_137,Instances/Tiny/Instance_5_4_2_0.txt,Tiny,cp_wws_eps,137,3600.0,results/raw/Instance_5_4_2_0__CP_WWS_EPS__eps_137.csv
Instance_5_4_2_0__LB_AP_EPS__eps_137,Instances/Tiny/Instance_5_4_2_0.txt,Tiny,lb_ap_eps,137,3600.0,results/raw/Instance_5_4_2_0__LB_AP_EPS__eps_137.csv
Instance_5_4_2_0__DECOMP_EPS__eps_137,Instances/Tiny/Instance_5_4_2_0.txt,Tiny,decomp_eps,137,3600.0,results/raw/Instance_5_4_2_0__DECOMP_EPS__eps_137.csv
Instance_5_4_2_0__CP_WWS_EPS__eps_138,Instances/Tiny/Instance_5_4_2_0.txt,Tiny,cp_wws_eps,138,3600.0,results/raw/Instance_5_4_2_0__CP_WWS_EPS__eps_138.csv
Instance_5_4_2_0__LB_AP_EPS__eps_138,Instances/Tiny/Instance_5_4_2_0.txt,Tiny,lb_ap_eps,138,3600.0,results/raw/Instance_5_4_2_0__LB_AP_EPS__eps_138.csv
Instance_5_4_2_0__DECOMP_EPS__eps_138,Instances/Tiny/Instance_5_4_2_0.txt,Tiny,decomp_eps,138,3600.0,results/raw/Instance_5_4_2_0__DECOMP_EPS__eps_138.csv
Instance_5_4_2_0__CP_WWS_EPS__eps_139,Instances/Tiny/Instance_5_4_2_0.txt,Tiny,cp_wws_eps,139,3600.0,results/raw/Instance_5_4_2_0__CP_WWS_EPS__eps_139.csv
Instance_5_4_2_0__LB_AP_EPS__eps_139,Instances/Tiny/Instance_5_4_2_0.txt,Tiny,lb_ap_eps,139,3600.0,results/raw/Instance_5_4_2_0__LB_AP_EPS__eps_139.csv
Instance_5_4_2_0__DECOMP_EPS__eps_139,Instances/Tiny/Instance_5_4_2_0.txt,Tiny,decomp_eps,139,3600.0,results/raw/Instance_5_4_2_0__DECOMP_EPS__eps_139.csv
Instance_5_4_2_0__CP_WWS_EPS__eps_140,Instances/Tiny/Instance_5_4_2_0.txt,Tiny,cp_wws_eps,140,3600.0,results/raw/Instance_5_4_2_0__CP_WWS_EPS__eps_140.csv
Instance_5_4_2_0__LB_AP_EPS__eps_140,Instances/Tiny/Instance_5_4_2_0.txt,Tiny,lb_ap_eps,140,3600.0,results/raw/Instance_5_4_2_0__LB_AP_EPS__eps_140.csv
Instance_5_4_2_0__DECOMP_EPS__eps_140,Instances/Tiny/Instance_5_4_2_0.txt,Tiny,decomp_eps,140,3600.0,results/raw/Instance_5_4_2_0__DECOMP_EPS__eps_140.csv
Instance_5_4_2_1__CP_WWS_EPS__eps_99,Instances/Tiny/Instance_5_4_2_1.txt,Tiny,cp_wws_eps,99,3600.0,results/raw/Instance_5_4_2_1__CP_WWS_EPS__eps_99.csv
Instance_5_4_2_1__LB_AP_EPS__eps_99,Instances/Tiny/Instance_5_4_2_1.txt,Tiny,lb_ap_eps,99,3600.0,results/raw/Instance_5_4_2_1__LB_AP_EPS__eps_99.csv
Instance_5_4_2_1__DECOMP_EPS__eps_99,Instances/Tiny/Instance_5_4_2_1.txt,Tiny,decomp_eps,99,3600.0,results/raw/Instance_5_4_2_1__DECOMP_EPS__eps_99.csv
Instance_5_4_2_1__CP_WWS_EPS__eps_100,Instances/Tiny/Instance_5_4_2_1.txt,Tiny,cp_wws_eps,100,3600.0,results/raw/Instance_5_4_2_1__CP_WWS_EPS__eps_100.csv
Instance_5_4_2_1__LB_AP_EPS__eps_100,Instances/Tiny/Instance_5_4_2_1.txt,Tiny,lb_ap_eps,100,3600.0,results/raw/Instance_5_4_2_1__LB_AP_EPS__eps_100.csv
Instance_5_4_2_1__DECOMP_EPS__eps_100,Instances/Tiny/Instance_5_4_2_1.txt,Tiny,decomp_eps,100,3600.0,results/raw/Instance_5_4_2_1__DECOMP_EPS__eps_100.csv
Instance_5_4_2_1__CP_WWS_EPS__eps_101,Instances/Tiny/Instance_5_4_2_1.txt,Tiny,cp_wws_eps,101,3600.0,results/raw/Instance_5_4_2_1__CP_WWS_EPS__eps_101.csv
Instance_5_4_2_1__LB_AP_EPS__eps_101,Instances/Tiny/Instance_5_4_2_1.txt,Tiny,lb_ap_eps,101,3600.0,results/raw/Instance_5_4_2_1__LB_AP_EPS__eps_101.csv
Instance_5_4_2_1__DECOMP_EPS__eps_101,Instances/Tiny/Instance_5_4_2_1.txt,Tiny,decomp_eps,101,3600.0,results/raw/Instance_5_4_2_1__DECOMP_EPS__eps_101.csv
Instance_5_4_2_1__CP_WWS_EPS__eps_102,Instances/Tiny/Instance_5_4_2_1.txt,Tiny,cp_wws_eps,102,3600.0,results/raw/Instance_5_4_2_1__CP_WWS_EPS__eps_102.csv
Instance_5_4_2_1__LB_AP_EPS__eps_102,Instances/Tiny/Instance_5_4_2_1.txt,Tiny,lb_ap_eps,102,3600.0,results/raw/Instance_5_4_2_1__LB_AP_EPS__eps_102.csv
Instance_5_4_2_1__DECOMP_EPS__eps_102,Instances/Tiny/Instance_5_4_2_1.txt,Tiny,decomp_eps,102,3600.0,results/raw/Instance_5_4_2_1__DECOMP_EPS__eps_102.csv
Instance_5_4_2_1__CP_WWS_EPS__eps_103,Instances/Tiny/Instance_5_4_2_1.txt,Tiny,cp_wws_eps,103,3600.0,results/raw/Instance_5_4_2_1__CP_WWS_EPS__eps_103.csv
Instance_5_4_2_1__LB_AP_EPS__eps_103,Instances/Tiny/Instance_5_4_2_1.txt,Tiny,lb_ap_eps,103,3600.0,results/raw/Instance_5_4_2_1__LB_AP_EPS__eps_103.csv
Instance_5_4_2_1__DECOMP_EPS__eps_103,Instances/Tiny/Instance_5_4_2_1.txt,Tiny,decomp_eps,103,3600.0,results/raw/Instance_5_4_2_1__DECOMP_EPS__eps_103.csv
Instance_5_4_2_1__CP_WWS_EPS__eps_104,Instances/Tiny/Instance_5_4_2_1.txt,Tiny,cp_wws_eps,104,3600.0,results/raw/Instance_5_4_2_1__CP_WWS_EPS__eps_104.csv
Instance_5_4_2_1__LB_AP_EPS__eps_104,Instances/Tiny/Instance_5_4_2_1.txt,Tiny,lb_ap_eps,104,3600.0,results/raw/Instance_5_4_2_1__LB_AP_EPS__eps_104.csv
Instance_5_4_2_1__DECOMP_EPS__eps_104,Instances/Tiny/Instance_5_4_2_1.txt,Tiny,decomp_eps,104,3600.0,results/raw/Instance_5_4_2_1__DECOMP_EPS__eps_104.csv
Instance_5_4_2_1__CP_WWS_EPS__eps_105,Instances/Tiny/Instance_5_4_2_1.txt,Tiny,cp_wws_eps,105,3600.0,results/raw/Instance_5_4_2_1__CP_WWS_EPS__eps_105.csv
Instance_5_4_2_1__LB_AP_EPS__eps_105,Instances/Tiny/Instance_5_4_2_1.txt,Tiny,lb_ap_eps,105,3600.0,results/raw/Instance_5_4_2_1__LB_AP_EPS__eps_105.csv
Instance_5_4_2_1__DECOMP_EPS__eps_105,Instances/Tiny/Instance_5_4_2_1.txt,Tiny,decomp_eps,105,3600.0,results/raw/Instance_5_4_2_1__DECOMP_EPS__eps_105.csv
Instance_5_4_2_1__CP_WWS_EPS__eps_106,Instances/Tiny/Instance_5_4_2_1.txt,Tiny,cp_wws_eps,106,3600.0,results/raw/Instance_5_4_2_1__CP_WWS_EPS__eps_106.csv
Instance_5_4_2_1__LB_AP_EPS__eps_106,Instances/Tiny/Instance_5_4_2_1.txt,Tiny,lb_ap_eps,106,3600.0,results/raw/Instance_5_4_2_1__LB_AP_EPS__eps_106.csv
Instance_5_4_2_1__DECOMP_EPS__eps_106,Instances/Tiny/Instance_5_4_2_1.txt,Tiny,decomp_eps,106,3600.0,results/raw/Instance_5_4_2_1__DECOMP_EPS__eps_106.csv
Instance_5_4_2_1__CP_WWS_EPS__eps_107,Instances/Tiny/Instance_5_4_2_1.txt,Tiny,cp_wws_eps,107,3600.0,results/raw/Instance_5_4_2_1__CP_WWS_EPS__eps_107.csv
Instance_5_4_2_1__LB_AP_EPS__eps_107,Instances/Tiny/Instance_5_4_2_1.txt,Tiny,lb_ap_eps,107,3600.0,results/raw/Instance_5_4_2_1__LB_AP_EPS__eps_107.csv
Instance_5_4_2_1__DECOMP_EPS__eps_107,Instances/Tiny/Instance_5_4_2_1.txt,Tiny,decomp_eps,107,3600.0,results/raw/Instance_5_4_2_1__DECOMP_EPS__eps_107.csv
Instance_5_4_2_1__CP_WWS_EPS__eps_108,Instances/Tiny/Instance_5_4_2_1.txt,Tiny,cp_wws_eps,108,3600.0,results/raw/Instance_5_4_2_1__CP_WWS_EPS__eps_108.csv
Instance_5_4_2_1__LB_AP_EPS__eps_108,Instances/Tiny/Instance_5_4_2_1.txt,Tiny,lb_ap_eps,108,3600.0,results/raw/Instance_5_4_2_1__LB_AP_EPS__eps_108.csv
Instance_5_4_2_1__DECOMP_EPS__eps_108,Instances/Tiny/Instance_5_4_2_1.txt,Tiny,decomp_eps,108,3600.0,results/raw/Instance_5_4_2_1__DECOMP_EPS__eps_108.csv
Instance_5_4_2_1__CP_WWS_EPS__eps_109,Instances/Tiny/Instance_5_4_2_1.txt,Tiny,cp_wws_eps,109,3600.0,results/raw/Instance_5_4_2_1__CP_WWS_EPS__eps_109.csv
Instance_5_4_2_1__LB_AP_EPS__eps_109,Instances/Tiny/Instance_5_4_2_1.txt,Tiny,lb_ap_eps,109,3600.0,results/raw/Instance_5_4_2_1__LB_AP_EPS__eps_109.csv
Instance_5_4_2_1__DECOMP_EPS__eps_109,Instances/Tiny/Instance_5_4_2_1.txt,Tiny,decomp_eps,109,3600.0,results/raw/Instance_5_4_2_1__DECOMP_EPS__eps_109.csv
Instance_5_4_2_1__CP_WWS_EPS__eps_110,Instances/Tiny/Instance_5_4_2_1.txt,Tiny,cp_wws_eps,110,3600.0,results/raw/Instance_5_4_2_1__CP_WWS_EPS__eps_110.csv
Instance_5_4_2_1__LB_AP_EPS__eps_110,Instances/Tiny/Instance_5_4_2_1.txt,Tiny,lb_ap_eps,110,3600.0,results/raw/Instance_5_4_2_1__LB_AP_EPS__eps_110.csv
Instance_5_4_2_1__DECOMP_EPS__eps_110,Instances/Tiny/Instance_5_4_2_1.txt,Tiny,decomp_eps,110,3600.0,results/raw/Instance_5_4_2_1__DECOMP_EPS__eps_110.csv
Instance_5_4_2_1__CP_WWS_EPS__eps_111,Instances/Tiny/Instance_5_4_2_1.txt,Tiny,cp_wws_eps,111,3600.0,results/raw/Instance_5_4_2_1__CP_WWS_EPS__eps_111.csv
Instance_5_4_2_1__LB_AP_EPS__eps_111,Instances/Tiny/Instance_5_4_2_1.txt,Tiny,lb_ap_eps,111,3600.0,results/raw/Instance_5_4_2_1__LB_AP_EPS__eps_111.csv
Instance_5_4_2_1__DECOMP_EPS__eps_111,Instances/Tiny/Instance_5_4_2_1.txt,Tiny,decomp_eps,111,3600.0,results/raw/Instance_5_4_2_1__DECOMP_EPS__eps_111.csv
Instance_5_4_2_1__CP_WWS_EPS__eps_112,Instances/Tiny/Instance_5_4_2_1.txt,Tiny,cp_wws_eps,112,3600.0,results/raw/Instance_5_4_2_1__CP_WWS_EPS__eps_112.csv
Instance_5_4_2_1__LB_AP_EPS__eps_112,Instances/Tiny/Instance_5_4_2_1.txt,Tiny,lb_ap_eps,112,3600.0,results/raw/Instance_5_4_2_1__LB_AP_EPS__eps_112.csv
Instance_5_4_2_1__DECOMP_EPS__eps_112,Instances/Tiny/Instance_5_4_2_1.txt,Tiny,decomp_eps,112,3600.0,results/raw/Instance_5_4_2_1__DECOMP_EPS__eps_112.csv
Instance_5_4_2_1__CP_WWS_EPS__eps_113,Instances/Tiny/Instance_5_4_2_1.txt,Tiny,cp_wws_eps,113,3600.0,results/raw/Instance_5_4_2_1__CP_WWS_EPS__eps_113.csv
Instance_5_4_2_1__LB_AP_EPS__eps_113,Instances/Tiny/Instance_5_4_2_1.txt,Tiny,lb_ap_eps,113,3600.0,results/raw/Instance_5_4_2_1__LB_AP_EPS__eps_113.csv
Instance_5_4_2_1__DECOMP_EPS__eps_113,Instances/Tiny/Instance_5_4_2_1.txt,Tiny,decomp_eps,113,3600.0,results/raw/Instance_5_4_2_1__DECOMP_EPS__eps_113.csv
Instance_5_4_2_1__CP_WWS_EPS__eps_114,Instances/Tiny/Instance_5_4_2_1.txt,Tiny,cp_wws_eps,114,3600.0,results/raw/Instance_5_4_2_1__CP_WWS_EPS__eps_114.csv
Instance_5_4_2_1__LB_AP_EPS__eps_114,Instances/Tiny/Instance_5_4_2_1.txt,Tiny,lb_ap_eps,114,3600.0,results/raw/Instance_5_4_2_1__LB_AP_EPS__eps_114.csv
Instance_5_4_2_1__DECOMP_EPS__eps_114,Instances/Tiny/Instance_5_4_2_1.txt,Tiny,decomp_eps,114,3600.0,results/raw/Instance_5_4_2_1__DECOMP_EPS__eps_114.csv
Instance_5_4_2_1__CP_WWS_EPS__eps_115,Instances/Tiny/Instance_5_4_2_1.txt,Tiny,cp_wws_eps,115,3600.0,results/raw/Instance_5_4_2_1__CP_WWS_EPS__eps_115.csv
Instance_5_4_2_1__LB_AP_EPS__eps_115,Instances/Tiny/Instance_5_4_2_1.txt,Tiny,lb_ap_eps,115,3600.0,results/raw/Instance_5_4_2_1__LB_AP_EPS__eps_115.csv
Instance_5_4_2_1__DECOMP_EPS__eps_115,Instances/Tiny/Instance_5_4_2_1.txt,Tiny,decomp_eps,115,3600.0,results/raw/Instance_5_4_2_1__DECOMP_EPS__eps_115.csv
Instance_5_4_2_1__CP_WWS_EPS__eps_116,Instances/Tiny/Instance_5_4_2_1.txt,Tiny,cp_wws_eps,116,3600.0,results/raw/Instance_5_4_2_1__CP_WWS_EPS__eps_116.csv
Instance_5_4_2_1__LB_AP_EPS__eps_116,Instances/Tiny/Instance_5_4_2_1.txt,Tiny,lb_ap_eps,116,3600.0,results/raw/Instance_5_4_2_1__LB_AP_EPS__eps_116.csv
Instance_5_4_2_1__DECOMP_EPS__eps_116,Instances/Tiny/Instance_5_4_2_1.txt,Tiny,decomp_eps,116,3600.0,results/raw/Instance_5_4_2_1__DECOMP_EPS__eps_116.csv
Instance_5_4_2_2__CP_WWS_EPS__eps_106,Instances/Tiny/Instance_5_4_2_2.txt,Tiny,cp_wws_eps,106,3600.0,results/raw/Instance_5_4_2_2__CP_WWS_EPS__eps_106.csv
Instance_5_4_2_2__LB_AP_EPS__eps_106,Instances/Tiny/Instance_5_4_2_2.txt,Tiny,lb_ap_eps,106,3600.0,results/raw/Instance_5_4_2_2__LB_AP_EPS__eps_106.csv
Instance_5_4_2_2__DECOMP_EPS__eps_106,Instances/Tiny/Instance_5_4_2_2.txt,Tiny,decomp_eps,106,3600.0,results/raw/Instance_5_4_2_2__DECOMP_EPS__eps_106.csv
Instance_5_4_2_2__CP_WWS_EPS__eps_107,Instances/Tiny/Instance_5_4_2_2.txt,Tiny,cp_wws_eps,107,3600.0,results/raw/Instance_5_4_2_2__CP_WWS_EPS__eps_107.csv
Instance_5_4_2_2__LB_AP_EPS__eps_107,Instances/Tiny/Instance_5_4_2_2.txt,Tiny,lb_ap_eps,107,3600.0,results/raw/Instance_5_4_2_2__LB_AP_EPS__eps_107.csv
Instance_5_4_2_2__DECOMP_EPS__eps_107,Instances/Tiny/Instance_5_4_2_2.txt,Tiny,decomp_eps,107,3600.0,results/raw/Instance_5_4_2_2__DECOMP_EPS__eps_107.csv
Instance_5_4_2_2__CP_WWS_EPS__eps_108,Instances/Tiny/Instance_5_4_2_2.txt,Tiny,cp_wws_eps,108,3600.0,results/raw/Instance_5_4_2_2__CP_WWS_EPS__eps_108.csv
Instance_5_4_2_2__LB_AP_EPS__eps_108,Instances/Tiny/Instance_5_4_2_2.txt,Tiny,lb_ap_eps,108,3600.0,results/raw/Instance_5_4_2_2__LB_AP_EPS__eps_108.csv
Instance_5_4_2_2__DECOMP_EPS__eps_108,Instances/Tiny/Instance_5_4_2_2.txt,Tiny,decomp_eps,108,3600.0,results/raw/Instance_5_4_2_2__DECOMP_EPS__eps_108.csv
Instance_5_4_2_2__CP_WWS_EPS__eps_109,Instances/Tiny/Instance_5_4_2_2.txt,Tiny,cp_wws_eps,109,3600.0,results/raw/Instance_5_4_2_2__CP_WWS_EPS__eps_109.csv
Instance_5_4_2_2__LB_AP_EPS__eps_109,Instances/Tiny/Instance_5_4_2_2.txt,Tiny,lb_ap_eps,109,3600.0,results/raw/Instance_5_4_2_2__LB_AP_EPS__eps_109.csv
Instance_5_4_2_2__DECOMP_EPS__eps_109,Instances/Tiny/Instance_5_4_2_2.txt,Tiny,decomp_eps,109,3600.0,results/raw/Instance_5_4_2_2__DECOMP_EPS__eps_109.csv
Instance_5_4_2_2__CP_WWS_EPS__eps_110,Instances/Tiny/Instance_5_4_2_2.txt,Tiny,cp_wws_eps,110,3600.0,results/raw/Instance_5_4_2_2__CP_WWS_EPS__eps_110.csv
Instance_5_4_2_2__LB_AP_EPS__eps_110,Instances/Tiny/Instance_5_4_2_2.txt,Tiny,lb_ap_eps,110,3600.0,results/raw/Instance_5_4_2_2__LB_AP_EPS__eps_110.csv
Instance_5_4_2_2__DECOMP_EPS__eps_110,Instances/Tiny/Instance_5_4_2_2.txt,Tiny,decomp_eps,110,3600.0,results/raw/Instance_5_4_2_2__DECOMP_EPS__eps_110.csv
Instance_5_4_2_2__CP_WWS_EPS__eps_111,Instances/Tiny/Instance_5_4_2_2.txt,Tiny,cp_wws_eps,111,3600.0,results/raw/Instance_5_4_2_2__CP_WWS_EPS__eps_111.csv
Instance_5_4_2_2__LB_AP_EPS__eps_111,Instances/Tiny/Instance_5_4_2_2.txt,Tiny,lb_ap_eps,111,3600.0,results/raw/Instance_5_4_2_2__LB_AP_EPS__eps_111.csv
Instance_5_4_2_2__DECOMP_EPS__eps_111,Instances/Tiny/Instance_5_4_2_2.txt,Tiny,decomp_eps,111,3600.0,results/raw/Instance_5_4_2_2__DECOMP_EPS__eps_111.csv
Instance_5_4_2_2__CP_WWS_EPS__eps_112,Instances/Tiny/Instance_5_4_2_2.txt,Tiny,cp_wws_eps,112,3600.0,results/raw/Instance_5_4_2_2__CP_WWS_EPS__eps_112.csv
Instance_5_4_2_2__LB_AP_EPS__eps_112,Instances/Tiny/Instance_5_4_2_2.txt,Tiny,lb_ap_eps,112,3600.0,results/raw/Instance_5_4_2_2__LB_AP_EPS__eps_112.csv
Instance_5_4_2_2__DECOMP_EPS__eps_112,Instances/Tiny/Instance_5_4_2_2.txt,Tiny,decomp_eps,112,3600.0,results/raw/Instance_5_4_2_2__DECOMP_EPS__eps_112.csv
Instance_5_4_2_2__CP_WWS_EPS__eps_113,Instances/Tiny/Instance_5_4_2_2.txt,Tiny,cp_wws_eps,113,3600.0,results/raw/Instance_5_4_2_2__CP_WWS_EPS__eps_113.csv
Instance_5_4_2_2__LB_AP_EPS__eps_113,Instances/Tiny/Instance_5_4_2_2.txt,Tiny,lb_ap_eps,113,3600.0,results/raw/Instance_5_4_2_2__LB_AP_EPS__eps_113.csv
Instance_5_4_2_2__DECOMP_EPS__eps_113,Instances/Tiny/Instance_5_4_2_2.txt,Tiny,decomp_eps,113,3600.0,results/raw/Instance_5_4_2_2__DECOMP_EPS__eps_113.csv
Instance_5_4_2_2__CP_WWS_EPS__eps_114,Instances/Tiny/Instance_5_4_2_2.txt,Tiny,cp_wws_eps,114,3600.0,results/raw/Instance_5_4_2_2__CP_WWS_EPS__eps_114.csv
Instance_5_4_2_2__LB_AP_EPS__eps_114,Instances/Tiny/Instance_5_4_2_2.txt,Tiny,lb_ap_eps,114,3600.0,results/raw/Instance_5_4_2_2__LB_AP_EPS__eps_114.csv
Instance_5_4_2_2__DECOMP_EPS__eps_114,Instances/Tiny/Instance_5_4_2_2.txt,Tiny,decomp_eps,114,3600.0,results/raw/Instance_5_4_2_2__DECOMP_EPS__eps_114.csv
Instance_5_4_2_2__CP_WWS_EPS__eps_115,Instances/Tiny/Instance_5_4_2_2.txt,Tiny,cp_wws_eps,115,3600.0,results/raw/Instance_5_4_2_2__CP_WWS_EPS__eps_115.csv
Instance_5_4_2_2__LB_AP_EPS__eps_115,Instances/Tiny/Instance_5_4_2_2.txt,Tiny,lb_ap_eps,115,3600.0,results/raw/Instance_5_4_2_2__LB_AP_EPS__eps_115.csv
Instance_5_4_2_2__DECOMP_EPS__eps_115,Instances/Tiny/Instance_5_4_2_2.txt,Tiny,decomp_eps,115,3600.0,results/raw/Instance_5_4_2_2__DECOMP_EPS__eps_115.csv
Instance_5_4_2_2__CP_WWS_EPS__eps_116,Instances/Tiny/Instance_5_4_2_2.txt,Tiny,cp_wws_eps,116,3600.0,results/raw/Instance_5_4_2_2__CP_WWS_EPS__eps_116.csv
Instance_5_4_2_2__LB_AP_EPS__eps_116,Instances/Tiny/Instance_5_4_2_2.txt,Tiny,lb_ap_eps,116,3600.0,results/raw/Instance_5_4_2_2__LB_AP_EPS__eps_116.csv
Instance_5_4_2_2__DECOMP_EPS__eps_116,Instances/Tiny/Instance_5_4_2_2.txt,Tiny,decomp_eps,116,3600.0,results/raw/Instance_5_4_2_2__DECOMP_EPS__eps_116.csv
Instance_5_4_2_2__CP_WWS_EPS__eps_117,Instances/Tiny/Instance_5_4_2_2.txt,Tiny,cp_wws_eps,117,3600.0,results/raw/Instance_5_4_2_2__CP_WWS_EPS__eps_117.csv
Instance_5_4_2_2__LB_AP_EPS__eps_117,Instances/Tiny/Instance_5_4_2_2.txt,Tiny,lb_ap_eps,117,3600.0,results/raw/Instance_5_4_2_2__LB_AP_EPS__eps_117.csv
Instance_5_4_2_2__DECOMP_EPS__eps_117,Instances/Tiny/Instance_5_4_2_2.txt,Tiny,decomp_eps,117,3600.0,results/raw/Instance_5_4_2_2__DECOMP_EPS__eps_117.csv
Instance_5_4_2_2__CP_WWS_EPS__eps_118,Instances/Tiny/Instance_5_4_2_2.txt,Tiny,cp_wws_eps,118,3600.0,results/raw/Instance_5_4_2_2__CP_WWS_EPS__eps_118.csv
Instance_5_4_2_2__LB_AP_EPS__eps_118,Instances/Tiny/Instance_5_4_2_2.txt,Tiny,lb_ap_eps,118,3600.0,results/raw/Instance_5_4_2_2__LB_AP_EPS__eps_118.csv
Instance_5_4_2_2__DECOMP_EPS__eps_118,Instances/Tiny/Instance_5_4_2_2.txt,Tiny,decomp_eps,118,3600.0,results/raw/Instance_5_4_2_2__DECOMP_EPS__eps_118.csv
Instance_5_4_2_2__CP_WWS_EPS__eps_119,Instances/Tiny/Instance_5_4_2_2.txt,Tiny,cp_wws_eps,119,3600.0,results/raw/Instance_5_4_2_2__CP_WWS_EPS__eps_119.csv
Instance_5_4_2_2__LB_AP_EPS__eps_119,Instances/Tiny/Instance_5_4_2_2.txt,Tiny,lb_ap_eps,119,3600.0,results/raw/Instance_5_4_2_2__LB_AP_EPS__eps_119.csv
Instance_5_4_2_2__DECOMP_EPS__eps_119,Instances/Tiny/Instance_5_4_2_2.txt,Tiny,decomp_eps,119,3600.0,results/raw/Instance_5_4_2_2__DECOMP_EPS__eps_119.csv
Instance_5_4_2_2__CP_WWS_EPS__eps_120,Instances/Tiny/Instance_5_4_2_2.txt,Tiny,cp_wws_eps,120,3600.0,results/raw/Instance_5_4_2_2__CP_WWS_EPS__eps_120.csv
Instance_5_4_2_2__LB_AP_EPS__eps_120,Instances/Tiny/Instance_5_4_2_2.txt,Tiny,lb_ap_eps,120,3600.0,results/raw/Instance_5_4_2_2__LB_AP_EPS__eps_120.csv
Instance_5_4_2_2__DECOMP_EPS__eps_120,Instances/Tiny/Instance_5_4_2_2.txt,Tiny,decomp_eps,120,3600.0,results/raw/Instance_5_4_2_2__DECOMP_EPS__eps_120.csv
Instance_5_4_2_2__CP_WWS_EPS__eps_121,Instances/Tiny/Instance_5_4_2_2.txt,Tiny,cp_wws_eps,121,3600.0,results/raw/Instance_5_4_2_2__CP_WWS_EPS__eps_121.csv
Instance_5_4_2_2__LB_AP_EPS__eps_121,Instances/Tiny/Instance_5_4_2_2.txt,Tiny,lb_ap_eps,121,3600.0,results/raw/Instance_5_4_2_2__LB_AP_EPS__eps_121.csv
Instance_5_4_2_2__DECOMP_EPS__eps_121,Instances/Tiny/Instance_5_4_2_2.txt,Tiny,decomp_eps,121,3600.0,results/raw/Instance_5_4_2_2__DECOMP_EPS__eps_121.csv
Instance_5_4_2_2__CP_WWS_EPS__eps_122,Instances/Tiny/Instance_5_4_2_2.txt,Tiny,cp_wws_eps,122,3600.0,results/raw/Instance_5_4_2_2__CP_WWS_EPS__eps_122.csv
Instance_5_4_2_2__LB_AP_EPS__eps_122,Instances/Tiny/Instance_5_4_2_2.txt,Tiny,lb_ap_eps,122,3600.0,results/raw/Instance_5_4_2_2__LB_AP_EPS__eps_122.csv
Instance_5_4_2_2__DECOMP_EPS__eps_122,Instances/Tiny/Instance_5_4_2_2.txt,Tiny,decomp_eps,122,3600.0,results/raw/Instance_5_4_2_2__DECOMP_EPS__eps_122.csv
Instance_5_4_2_2__CP_WWS_EPS__eps_123,Instances/Tiny/Instance_5_4_2_2.txt,Tiny,cp_wws_eps,123,3600.0,results/raw/Instance_5_4_2_2__CP_WWS_EPS__eps_123.csv
Instance_5_4_2_2__LB_AP_EPS__eps_123,Instances/Tiny/Instance_5_4_2_2.txt,Tiny,lb_ap_eps,123,3600.0,results/raw/Instance_5_4_2_2__LB_AP_EPS__eps_123.csv
Instance_5_4_2_2__DECOMP_EPS__eps_123,Instances/Tiny/Instance_5_4_2_2.txt,Tiny,decomp_eps,123,3600.0,results/raw/Instance_5_4_2_2__DECOMP_EPS__eps_123.csv
Instance_5_4_2_2__CP_WWS_EPS__eps_124,Instances/Tiny/Instance_5_4_2_2.txt,Tiny,cp_wws_eps,124,3600.0,results/raw/Instance_5_4_2_2__CP_WWS_EPS__eps_124.csv
Instance_5_4_2_2__LB_AP_EPS__eps_124,Instances/Tiny/Instance_5_4_2_2.txt,Tiny,lb_ap_eps,124,3600.0,results/raw/Instance_5_4_2_2__LB_AP_EPS__eps_124.csv
Instance_5_4_2_2__DECOMP_EPS__eps_124,Instances/Tiny/Instance_5_4_2_2.txt,Tiny,decomp_eps,124,3600.0,results/raw/Instance_5_4_2_2__DECOMP_EPS__eps_124.csv
Instance_5_4_2_2__CP_WWS_EPS__eps_125,Instances/Tiny/Instance_5_4_2_2.txt,Tiny,cp_wws_eps,125,3600.0,results/raw/Instance_5_4_2_2__CP_WWS_EPS__eps_125.csv
Instance_5_4_2_2__LB_AP_EPS__eps_125,Instances/Tiny/Instance_5_4_2_2.txt,Tiny,lb_ap_eps,125,3600.0,results/raw/Instance_5_4_2_2__LB_AP_EPS__eps_125.csv
Instance_5_4_2_2__DECOMP_EPS__eps_125,Instances/Tiny/Instance_5_4_2_2.txt,Tiny,decomp_eps,125,3600.0,results/raw/Instance_5_4_2_2__DECOMP_EPS__eps_125.csv
Instance_5_4_2_2__CP_WWS_EPS__eps_126,Instances/Tiny/Instance_5_4_2_2.txt,Tiny,cp_wws_eps,126,3600.0,results/raw/Instance_5_4_2_2__CP_WWS_EPS__eps_126.csv
Instance_5_4_2_2__LB_AP_EPS__eps_126,Instances/Tiny/Instance_5_4_2_2.txt,Tiny,lb_ap_eps,126,3600.0,results/raw/Instance_5_4_2_2__LB_AP_EPS__eps_126.csv
Instance_5_4_2_2__DECOMP_EPS__eps_126,Instances/Tiny/Instance_5_4_2_2.txt,Tiny,decomp_eps,126,3600.0,results/raw/Instance_5_4_2_2__DECOMP_EPS__eps_126.csv
Instance_5_4_2_2__CP_WWS_EPS__eps_127,Instances/Tiny/Instance_5_4_2_2.txt,Tiny,cp_wws_eps,127,3600.0,results/raw/Instance_5_4_2_2__CP_WWS_EPS__eps_127.csv
Instance_5_4_2_2__LB_AP_EPS__eps_127,Instances/Tiny/Instance_5_4_2_2.txt,Tiny,lb_ap_eps,127,3600.0,results/raw/Instance_5_4_2_2__LB_AP_EPS__eps_127.csv
Instance_5_4_2_2__DECOMP_EPS__eps_127,Instances/Tiny/Instance_5_4_2_2.txt,Tiny,decomp_eps,127,3600.0,results/raw/Instance_5_4_2_2__DECOMP_EPS__eps_127.csv
Instance_5_4_2_2__CP_WWS_EPS__eps_128,Instances/Tiny/Instance_5_4_2_2.txt,Tiny,cp_wws_eps,128,3600.0,results/raw/Instance_5_4_2_2__CP_WWS_EPS__eps_128.csv
Instance_5_4_2_2__LB_AP_EPS__eps_128,Instances/Tiny/Instance_5_4_2_2.txt,Tiny,lb_ap_eps,128,3600.0,results/raw/Instance_5_4_2_2__LB_AP_EPS__eps_128.csv
Instance_5_4_2_2__DECOMP_EPS__eps_128,Instances/Tiny/Instance_5_4_2_2.txt,Tiny,decomp_eps,128,3600.0,results/raw/Instance_5_4_2_2__DECOMP_EPS__eps_128.csv
Instance_5_4_2_2__CP_WWS_EPS__eps_129,Instances/Tiny/Instance_5_4_2_2.txt,Tiny,cp_wws_eps,129,3600.0,results/raw/Instance_5_4_2_2__CP_WWS_EPS__eps_129.csv
Instance_5_4_2_2__LB_AP_EPS__eps_129,Instances/Tiny/Instance_5_4_2_2.txt,Tiny,lb_ap_eps,129,3600.0,results/raw/Instance_5_4_2_2__LB_AP_EPS__eps_129.csv
Instance_5_4_2_2__DECOMP_EPS__eps_129,Instances/Tiny/Instance_5_4_2_2.txt,Tiny,decomp_eps,129,3600.0,results/raw/Instance_5_4_2_2__DECOMP_EPS__eps_129.csv
Instance_5_4_2_2__CP_WWS_EPS__eps_130,Instances/Tiny/Instance_5_4_2_2.txt,Tiny,cp_wws_eps,130,3600.0,results/raw/Instance_5_4_2_2__CP_WWS_EPS__eps_130.csv
Instance_5_4_2_2__LB_AP_EPS__eps_130,Instances/Tiny/Instance_5_4_2_2.txt,Tiny,lb_ap_eps,130,3600.0,results/raw/Instance_5_4_2_2__LB_AP_EPS__eps_130.csv
Instance_5_4_2_2__DECOMP_EPS__eps_130,Instances/Tiny/Instance_5_4_2_2.txt,Tiny,decomp_eps,130,3600.0,results/raw/Instance_5_4_2_2__DECOMP_EPS__eps_130.csv
Instance_5_4_2_2__CP_WWS_EPS__eps_131,Instances/Tiny/Instance_5_4_2_2.txt,Tiny,cp_wws_eps,131,3600.0,results/raw/Instance_5_4_2_2__CP_WWS_EPS__eps_131.csv
Instance_5_4_2_2__LB_AP_EPS__eps_131,Instances/Tiny/Instance_5_4_2_2.txt,Tiny,lb_ap_eps,131,3600.0,results/raw/Instance_5_4_2_2__LB_AP_EPS__eps_131.csv
Instance_5_4_2_2__DECOMP_EPS__eps_131,Instances/Tiny/Instance_5_4_2_2.txt,Tiny,decomp_eps,131,3600.0,results/raw/Instance_5_4_2_2__DECOMP_EPS__eps_131.csv
Instance_5_4_2_2__CP_WWS_EPS__eps_132,Instances/Tiny/Instance_5_4_2_2.txt,Tiny,cp_wws_eps,132,3600.0,results/raw/Instance_5_4_2_2__CP_WWS_EPS__eps_132.csv
Instance_5_4_2_2__LB_AP_EPS__eps_132,Instances/Tiny/Instance_5_4_2_2.txt,Tiny,lb_ap_eps,132,3600.0,results/raw/Instance_5_4_2_2__LB_AP_EPS__eps_132.csv
Instance_5_4_2_2__DECOMP_EPS__eps_132,Instances/Tiny/Instance_5_4_2_2.txt,Tiny,decomp_eps,132,3600.0,results/raw/Instance_5_4_2_2__DECOMP_EPS__eps_132.csv
Instance_5_4_2_2__CP_WWS_EPS__eps_133,Instances/Tiny/Instance_5_4_2_2.txt,Tiny,cp_wws_eps,133,3600.0,results/raw/Instance_5_4_2_2__CP_WWS_EPS__eps_133.csv
Instance_5_4_2_2__LB_AP_EPS__eps_133,Instances/Tiny/Instance_5_4_2_2.txt,Tiny,lb_ap_eps,133,3600.0,results/raw/Instance_5_4_2_2__LB_AP_EPS__eps_133.csv
Instance_5_4_2_2__DECOMP_EPS__eps_133,Instances/Tiny/Instance_5_4_2_2.txt,Tiny,decomp_eps,133,3600.0,results/raw/Instance_5_4_2_2__DECOMP_EPS__eps_133.csv
Instance_5_4_2_2__CP_WWS_EPS__eps_134,Instances/Tiny/Instance_5_4_2_2.txt,Tiny,cp_wws_eps,134,3600.0,results/raw/Instance_5_4_2_2__CP_WWS_EPS__eps_134.csv
Instance_5_4_2_2__LB_AP_EPS__eps_134,Instances/Tiny/Instance_5_4_2_2.txt,Tiny,lb_ap_eps,134,3600.0,results/raw/Instance_5_4_2_2__LB_AP_EPS__eps_134.csv
Instance_5_4_2_2__DECOMP_EPS__eps_134,Instances/Tiny/Instance_5_4_2_2.txt,Tiny,decomp_eps,134,3600.0,results/raw/Instance_5_4_2_2__DECOMP_EPS__eps_134.csv
Instance_5_4_2_2__CP_WWS_EPS__eps_135,Instances/Tiny/Instance_5_4_2_2.txt,Tiny,cp_wws_eps,135,3600.0,results/raw/Instance_5_4_2_2__CP_WWS_EPS__eps_135.csv
Instance_5_4_2_2__LB_AP_EPS__eps_135,Instances/Tiny/Instance_5_4_2_2.txt,Tiny,lb_ap_eps,135,3600.0,results/raw/Instance_5_4_2_2__LB_AP_EPS__eps_135.csv
Instance_5_4_2_2__DECOMP_EPS__eps_135,Instances/Tiny/Instance_5_4_2_2.txt,Tiny,decomp_eps,135,3600.0,results/raw/Instance_5_4_2_2__DECOMP_EPS__eps_135.csv
Instance_5_4_2_2__CP_WWS_EPS__eps_136,Instances/Tiny/Instance_5_4_2_2.txt,Tiny,cp_wws_eps,136,3600.0,results/raw/Instance_5_4_2_2__CP_WWS_EPS__eps_136.csv
Instance_5_4_2_2__LB_AP_EPS__eps_136,Instances/Tiny/Instance_5_4_2_2.txt,Tiny,lb_ap_eps,136,3600.0,results/raw/Instance_5_4_2_2__LB_AP_EPS__eps_136.csv
Instance_5_4_2_2__DECOMP_EPS__eps_136,Instances/Tiny/Instance_5_4_2_2.txt,Tiny,decomp_eps,136,3600.0,results/raw/Instance_5_4_2_2__DECOMP_EPS__eps_136.csv
Instance_5_4_2_2__CP_WWS_EPS__eps_137,Instances/Tiny/Instance_5_4_2_2.txt,Tiny,cp_wws_eps,137,3600.0,results/raw/Instance_5_4_2_2__CP_WWS_EPS__eps_137.csv
Instance_5_4_2_2__LB_AP_EPS__eps_137,Instances/Tiny/Instance_5_4_2_2.txt,Tiny,lb_ap_eps,137,3600.0,results/raw/Instance_5_4_2_2__LB_AP_EPS__eps_137.csv
Instance_5_4_2_2__DECOMP_EPS__eps_137,Instances/Tiny/Instance_5_4_2_2.txt,Tiny,decomp_eps,137,3600.0,results/raw/Instance_5_4_2_2__DECOMP_EPS__eps_137.csv
Instance_5_4_2_2__CP_WWS_EPS__eps_138,Instances/Tiny/Instance_5_4_2_2.txt,Tiny,cp_wws_eps,138,3600.0,results/raw/Instance_5_4_2_2__CP_WWS_EPS__eps_138.csv
Instance_5_4_2_2__LB_AP_EPS__eps_138,Instances/Tiny/Instance_5_4_2_2.txt,Tiny,lb_ap_eps,138,3600.0,results/raw/Instance_5_4_2_2__LB_AP_EPS__eps_138.csv
Instance_5_4_2_2__DECOMP_EPS__eps_138,Instances/Tiny/Instance_5_4_2_2.txt,Tiny,decomp_eps,138,3600.0,results/raw/Instance_5_4_2_2__DECOMP_EPS__eps_138.csv
Instance_5_4_2_2__CP_WWS_EPS__eps_139,Instances/Tiny/Instance_5_4_2_2.txt,Tiny,cp_wws_eps,139,3600.0,results/raw/Instance_5_4_2_2__CP_WWS_EPS__eps_139.csv
Instance_5_4_2_2__LB_AP_EPS__eps_139,Instances/Tiny/Instance_5_4_2_2.txt,Tiny,lb_ap_eps,139,3600.0,results/raw/Instance_5_4_2_2__LB_AP_EPS__eps_139.csv
Instance_5_4_2_2__DECOMP_EPS__eps_139,Instances/Tiny/Instance_5_4_2_2.txt,Tiny,decomp_eps,139,3600.0,results/raw/Instance_5_4_2_2__DECOMP_EPS__eps_139.csv
Instance_5_4_2_2__CP_WWS_EPS__eps_140,Instances/Tiny/Instance_5_4_2_2.txt,Tiny,cp_wws_eps,140,3600.0,results/raw/Instance_5_4_2_2__CP_WWS_EPS__eps_140.csv
Instance_5_4_2_2__LB_AP_EPS__eps_140,Instances/Tiny/Instance_5_4_2_2.txt,Tiny,lb_ap_eps,140,3600.0,results/raw/Instance_5_4_2_2__LB_AP_EPS__eps_140.csv
Instance_5_4_2_2__DECOMP_EPS__eps_140,Instances/Tiny/Instance_5_4_2_2.txt,Tiny,decomp_eps,140,3600.0,results/raw/Instance_5_4_2_2__DECOMP_EPS__eps_140.csv
Instance_5_4_2_2__CP_WWS_EPS__eps_141,Instances/Tiny/Instance_5_4_2_2.txt,Tiny,cp_wws_eps,141,3600.0,results/raw/Instance_5_4_2_2__CP_WWS_EPS__eps_141.csv
Instance_5_4_2_2__LB_AP_EPS__eps_141,Instances/Tiny/Instance_5_4_2_2.txt,Tiny,lb_ap_eps,141,3600.0,results/raw/Instance_5_4_2_2__LB_AP_EPS__eps_141.csv
Instance_5_4_2_2__DECOMP_EPS__eps_141,Instances/Tiny/Instance_5_4_2_2.txt,Tiny,decomp_eps,141,3600.0,results/raw/Instance_5_4_2_2__DECOMP_EPS__eps_141.csv
Instance_5_4_2_2__CP_WWS_EPS__eps_142,Instances/Tiny/Instance_5_4_2_2.txt,Tiny,cp_wws_eps,142,3600.0,results/raw/Instance_5_4_2_2__CP_WWS_EPS__eps_142.csv
Instance_5_4_2_2__LB_AP_EPS__eps_142,Instances/Tiny/Instance_5_4_2_2.txt,Tiny,lb_ap_eps,142,3600.0,results/raw/Instance_5_4_2_2__LB_AP_EPS__eps_142.csv
Instance_5_4_2_2__DECOMP_EPS__eps_142,Instances/Tiny/Instance_5_4_2_2.txt,Tiny,decomp_eps,142,3600.0,results/raw/Instance_5_4_2_2__DECOMP_EPS__eps_142.csv
Instance_5_4_2_2__CP_WWS_EPS__eps_143,Instances/Tiny/Instance_5_4_2_2.txt,Tiny,cp_wws_eps,143,3600.0,results/raw/Instance_5_4_2_2__CP_WWS_EPS__eps_143.csv
Instance_5_4_2_2__LB_AP_EPS__eps_143,Instances/Tiny/Instance_5_4_2_2.txt,Tiny,lb_ap_eps,143,3600.0,results/raw/Instance_5_4_2_2__LB_AP_EPS__eps_143.csv
Instance_5_4_2_2__DECOMP_EPS__eps_143,Instances/Tiny/Instance_5_4_2_2.txt,Tiny,decomp_eps,143,3600.0,results/raw/Instance_5_4_2_2__DECOMP_EPS__eps_143.csv
Instance_5_4_2_2__CP_WWS_EPS__eps_144,Instances/Tiny/Instance_5_4_2_2.txt,Tiny,cp_wws_eps,144,3600.0,results/raw/Instance_5_4_2_2__CP_WWS_EPS__eps_144.csv
Instance_5_4_2_2__LB_AP_EPS__eps_144,Instances/Tiny/Instance_5_4_2_2.txt,Tiny,lb_ap_eps,144,3600.0,results/raw/Instance_5_4_2_2__LB_AP_EPS__eps_144.csv
Instance_5_4_2_2__DECOMP_EPS__eps_144,Instances/Tiny/Instance_5_4_2_2.txt,Tiny,decomp_eps,144,3600.0,results/raw/Instance_5_4_2_2__DECOMP_EPS__eps_144.csv
Instance_5_4_2_2__CP_WWS_EPS__eps_145,Instances/Tiny/Instance_5_4_2_2.txt,Tiny,cp_wws_eps,145,3600.0,results/raw/Instance_5_4_2_2__CP_WWS_EPS__eps_145.csv
Instance_5_4_2_2__LB_AP_EPS__eps_145,Instances/Tiny/Instance_5_4_2_2.txt,Tiny,lb_ap_eps,145,3600.0,results/raw/Instance_5_4_2_2__LB_AP_EPS__eps_145.csv
Instance_5_4_2_2__DECOMP_EPS__eps_145,Instances/Tiny/Instance_5_4_2_2.txt,Tiny,decomp_eps,145,3600.0,results/raw/Instance_5_4_2_2__DECOMP_EPS__eps_145.csv
Instance_5_4_2_2__CP_WWS_EPS__eps_146,Instances/Tiny/Instance_5_4_2_2.txt,Tiny,cp_wws_eps,146,3600.0,results/raw/Instance_5_4_2_2__CP_WWS_EPS__eps_146.csv
Instance_5_4_2_2__LB_AP_EPS__eps_146,Instances/Tiny/Instance_5_4_2_2.txt,Tiny,lb_ap_eps,146,3600.0,results/raw/Instance_5_4_2_2__LB_AP_EPS__eps_146.csv
Instance_5_4_2_2__DECOMP_EPS__eps_146,Instances/Tiny/Instance_5_4_2_2.txt,Tiny,decomp_eps,146,3600.0,results/raw/Instance_5_4_2_2__DECOMP_EPS__eps_146.csv
Instance_5_4_2_2__CP_WWS_EPS__eps_147,Instances/Tiny/Instance_5_4_2_2.txt,Tiny,cp_wws_eps,147,3600.0,results/raw/Instance_5_4_2_2__CP_WWS_EPS__eps_147.csv
Instance_5_4_2_2__LB_AP_EPS__eps_147,Instances/Tiny/Instance_5_4_2_2.txt,Tiny,lb_ap_eps,147,3600.0,results/raw/Instance_5_4_2_2__LB_AP_EPS__eps_147.csv
Instance_5_4_2_2__DECOMP_EPS__eps_147,Instances/Tiny/Instance_5_4_2_2.txt,Tiny,decomp_eps,147,3600.0,results/raw/Instance_5_4_2_2__DECOMP_EPS__eps_147.csv
Instance_5_4_2_2__CP_WWS_EPS__eps_148,Instances/Tiny/Instance_5_4_2_2.txt,Tiny,cp_wws_eps,148,3600.0,results/raw/Instance_5_4_2_2__CP_WWS_EPS__eps_148.csv
Instance_5_4_2_2__LB_AP_EPS__eps_148,Instances/Tiny/Instance_5_4_2_2.txt,Tiny,lb_ap_eps,148,3600.0,results/raw/Instance_5_4_2_2__LB_AP_EPS__eps_148.csv
Instance_5_4_2_2__DECOMP_EPS__eps_148,Instances/Tiny/Instance_5_4_2_2.txt,Tiny,decomp_eps,148,3600.0,results/raw/Instance_5_4_2_2__DECOMP_EPS__eps_148.csv
Instance_5_4_2_2__CP_WWS_EPS__eps_149,Instances/Tiny/Instance_5_4_2_2.txt,Tiny,cp_wws_eps,149,3600.0,results/raw/Instance_5_4_2_2__CP_WWS_EPS__eps_149.csv
Instance_5_4_2_2__LB_AP_EPS__eps_149,Instances/Tiny/Instance_5_4_2_2.txt,Tiny,lb_ap_eps,149,3600.0,results/raw/Instance_5_4_2_2__LB_AP_EPS__eps_149.csv
Instance_5_4_2_2__DECOMP_EPS__eps_149,Instances/Tiny/Instance_5_4_2_2.txt,Tiny,decomp_eps,149,3600.0,results/raw/Instance_5_4_2_2__DECOMP_EPS__eps_149.csv
Instance_5_5_2_0__CP_WWS_EPS__eps_164,Instances/Tiny/Instance_5_5_2_0.txt,Tiny,cp_wws_eps,164,3600.0,results/raw/Instance_5_5_2_0__CP_WWS_EPS__eps_164.csv
Instance_5_5_2_0__LB_AP_EPS__eps_164,Instances/Tiny/Instance_5_5_2_0.txt,Tiny,lb_ap_eps,164,3600.0,results/raw/Instance_5_5_2_0__LB_AP_EPS__eps_164.csv
Instance_5_5_2_0__DECOMP_EPS__eps_164,Instances/Tiny/Instance_5_5_2_0.txt,Tiny,decomp_eps,164,3600.0,results/raw/Instance_5_5_2_0__DECOMP_EPS__eps_164.csv
Instance_5_5_2_0__CP_WWS_EPS__eps_165,Instances/Tiny/Instance_5_5_2_0.txt,Tiny,cp_wws_eps,165,3600.0,results/raw/Instance_5_5_2_0__CP_WWS_EPS__eps_165.csv
Instance_5_5_2_0__LB_AP_EPS__eps_165,Instances/Tiny/Instance_5_5_2_0.txt,Tiny,lb_ap_eps,165,3600.0,results/raw/Instance_5_5_2_0__LB_AP_EPS__eps_165.csv
Instance_5_5_2_0__DECOMP_EPS__eps_165,Instances/Tiny/Instance_5_5_2_0.txt,Tiny,decomp_eps,165,3600.0,results/raw/Instance_5_5_2_0__DECOMP_EPS__eps_165.csv
Instance_5_5_2_0__CP_WWS_EPS__eps_166,Instances/Tiny/Instance_5_5_2_0.txt,Tiny,cp_wws_eps,166,3600.0,results/raw/Instance_5_5_2_0__CP_WWS_EPS__eps_166.csv
Instance_5_5_2_0__LB_AP_EPS__eps_166,Instances/Tiny/Instance_5_5_2_0.txt,Tiny,lb_ap_eps,166,3600.0,results/raw/Instance_5_5_2_0__LB_AP_EPS__eps_166.csv
Instance_5_5_2_0__DECOMP_EPS__eps_166,Instances/Tiny/Instance_5_5_2_0.txt,Tiny,decomp_eps,166,3600.0,results/raw/Instance_5_5_2_0__DECOMP_EPS__eps_166.csv
Instance_5_5_2_1__CP_WWS_EPS__eps_120,Instances/Tiny/Instance_5_5_2_1.txt,Tiny,cp_wws_eps,120,3600.0,results/raw/Instance_5_5_2_1__CP_WWS_EPS__eps_120.csv
Instance_5_5_2_1__LB_AP_EPS__eps_120,Instances/Tiny/Instance_5_5_2_1.txt,Tiny,lb_ap_eps,120,3600.0,results/raw/Instance_5_5_2_1__LB_AP_EPS__eps_120.csv
Instance_5_5_2_1__DECOMP_EPS__eps_120,Instances/Tiny/Instance_5_5_2_1.txt,Tiny,decomp_eps,120,3600.0,results/raw/Instance_5_5_2_1__DECOMP_EPS__eps_120.csv
Instance_5_5_2_1__CP_WWS_EPS__eps_121,Instances/Tiny/Instance_5_5_2_1.txt,Tiny,cp_wws_eps,121,3600.0,results/raw/Instance_5_5_2_1__CP_WWS_EPS__eps_121.csv
Instance_5_5_2_1__LB_AP_EPS__eps_121,Instances/Tiny/Instance_5_5_2_1.txt,Tiny,lb_ap_eps,121,3600.0,results/raw/Instance_5_5_2_1__LB_AP_EPS__eps_121.csv
Instance_5_5_2_1__DECOMP_EPS__eps_121,Instances/Tiny/Instance_5_5_2_1.txt,Tiny,decomp_eps,121,3600.0,results/raw/Instance_5_5_2_1__DECOMP_EPS__eps_121.csv
Instance_5_5_2_1__CP_WWS_EPS__eps_122,Instances/Tiny/Instance_5_5_2_1.txt,Tiny,cp_wws_eps,122,3600.0,results/raw/Instance_5_5_2_1__CP_WWS_EPS__eps_122.csv
Instance_5_5_2_1__LB_AP_EPS__eps_122,Instances/Tiny/Instance_5_5_2_1.txt,Tiny,lb_ap_eps,122,3600.0,results/raw/Instance_5_5_2_1__LB_AP_EPS__eps_122.csv
Instance_5_5_2_1__DECOMP_EPS__eps_122,Instances/Tiny/Instance_5_5_2_1.txt,Tiny,decomp_eps,122,3600.0,results/raw/Instance_5_5_2_1__DECOMP_EPS__eps_122.csv
Instance_5_5_2_1__CP_WWS_EPS__eps_123,Instances/Tiny/Instance_5_5_2_1.txt,Tiny,cp_wws_eps,123,3600.0,results/raw/Instance_5_5_2_1__CP_WWS_EPS__eps_123.csv
Instance_5_5_2_1__LB_AP_EPS__eps_123,Instances/Tiny/Instance_5_5_2_1.txt,Tiny,lb_ap_eps,123,3600.0,results/raw/Instance_5_5_2_1__LB_AP_EPS__eps_123.csv
Instance_5_5_2_1__DECOMP_EPS__eps_123,Instances/Tiny/Instance_5_5_2_1.txt,Tiny,decomp_eps,123,3600.0,results/raw/Instance_5_5_2_1__DECOMP_EPS__eps_123.csv
Instance_5_5_2_1__CP_WWS_EPS__eps_124,Instances/Tiny/Instance_5_5_2_1.txt,Tiny,cp_wws_eps,124,3600.0,results/raw/Instance_5_5_2_1__CP_WWS_EPS__eps_124.csv
Instance_5_5_2_1__LB_AP_EPS__eps_124,Instances/Tiny/Instance_5_5_2_1.txt,Tiny,lb_ap_eps,124,3600.0,results/raw/Instance_5_5_2_1__LB_AP_EPS__eps_124.csv
Instance_5_5_2_1__DECOMP_EPS__eps_124,Instances/Tiny/Instance_5_5_2_1.txt,Tiny,decomp_eps,124,3600.0,results/raw/Instance_5_5_2_1__DECOMP_EPS__eps_124.csv
Instance_5_5_2_1__CP_WWS_EPS__eps_125,Instances/Tiny/Instance_5_5_2_1.txt,Tiny,cp_wws_eps,125,3600.0,results/raw/Instance_5_5_2_1__CP_WWS_EPS__eps_125.csv
Instance_5_5_2_1__LB_AP_EPS__eps_125,Instances/Tiny/Instance_5_5_2_1.txt,Tiny,lb_ap_eps,125,3600.0,results/raw/Instance_5_5_2_1__LB_AP_EPS__eps_125.csv
Instance_5_5_2_1__DECOMP_EPS__eps_125,Instances/Tiny/Instance_5_5_2_1.txt,Tiny,decomp_eps,125,3600.0,results/raw/Instance_5_5_2_1__DECOMP_EPS__eps_125.csv
Instance_5_5_2_1__CP_WWS_EPS__eps_126,Instances/Tiny/Instance_5_5_2_1.txt,Tiny,cp_wws_eps,126,3600.0,results/raw/Instance_5_5_2_1__CP_WWS_EPS__eps_126.csv
Instance_5_5_2_1__LB_AP_EPS__eps_126,Instances/Tiny/Instance_5_5_2_1.txt,Tiny,lb_ap_eps,126,3600.0,results/raw/Instance_5_5_2_1__LB_AP_EPS__eps_126.csv
Instance_5_5_2_1__DECOMP_EPS__eps_126,Instances/Tiny/Instance_5_5_2_1.txt,Tiny,decomp_eps,126,3600.0,results/raw/Instance_5_5_2_1__DECOMP_EPS__eps_126.csv
Instance_5_5_2_1__CP_WWS_EPS__eps_127,Instances/Tiny/Instance_5_5_2_1.txt,Tiny,cp_wws_eps,127,3600.0,results/raw/Instance_5_5_2_1__CP_WWS_EPS__eps_127.csv
Instance_5_5_2_1__LB_AP_EPS__eps_127,Instances/Tiny/Instance_5_5_2_1.txt,Tiny,lb_ap_eps,127,3600.0,results/raw/Instance_5_5_2_1__LB_AP_EPS__eps_127.csv
Instance_5_5_2_1__DECOMP_EPS__eps_127,Instances/Tiny/Instance_5_5_2_1.txt,Tiny,decomp_eps,127,3600.0,results/raw/Instance_5_5_2_1__DECOMP_EPS__eps_127.csv
Instance_5_5_2_1__CP_WWS_EPS__eps_128,Instances/Tiny/Instance_5_5_2_1.txt,Tiny,cp_wws_eps,128,3600.0,results/raw/Instance_5_5_2_1__CP_WWS_EPS__eps_128.csv
Instance_5_5_2_1__LB_AP_EPS__eps_128,Instances/Tiny/Instance_5_5_2_1.txt,Tiny,lb_ap_eps,128,3600.0,results/raw/Instance_5_5_2_1__LB_AP_EPS__eps_128.csv
Instance_5_5_2_1__DECOMP_EPS__eps_128,Instances/Tiny/Instance_5_5_2_1.txt,Tiny,decomp_eps,128,3600.0,results/raw/Instance_5_5_2_1__DECOMP_EPS__eps_128.csv
Instance_5_5_2_1__CP_WWS_EPS__eps_129,Instances/Tiny/Instance_5_5_2_1.txt,Tiny,cp_wws_eps,129,3600.0,results/raw/Instance_5_5_2_1__CP_WWS_EPS__eps_129.csv
Instance_5_5_2_1__LB_AP_EPS__eps_129,Instances/Tiny/Instance_5_5_2_1.txt,Tiny,lb_ap_eps,129,3600.0,results/raw/Instance_5_5_2_1__LB_AP_EPS__eps_129.csv
Instance_5_5_2_1__DECOMP_EPS__eps_129,Instances/Tiny/Instance_5_5_2_1.txt,Tiny,decomp_eps,129,3600.0,results/raw/Instance_5_5_2_1__DECOMP_EPS__eps_129.csv
Instance_5_5_2_1__CP_WWS_EPS__eps_130,Instances/Tiny/Instance_5_5_2_1.txt,Tiny,cp_wws_eps,130,3600.0,results/raw/Instance_5_5_2_1__CP_WWS_EPS__eps_130.csv
Instance_5_5_2_1__LB_AP_EPS__eps_130,Instances/Tiny/Instance_5_5_2_1.txt,Tiny,lb_ap_eps,130,3600.0,results/raw/Instance_5_5_2_1__LB_AP_EPS__eps_130.csv
Instance_5_5_2_1__DECOMP_EPS__eps_130,Instances/Tiny/Instance_5_5_2_1.txt,Tiny,decomp_eps,130,3600.0,results/raw/Instance_5_5_2_1__DECOMP_EPS__eps_130.csv
Instance_5_5_2_1__CP_WWS_EPS__eps_131,Instances/Tiny/Instance_5_5_2_1.txt,Tiny,cp_wws_eps,131,3600.0,results/raw/Instance_5_5_2_1__CP_WWS_EPS__eps_131.csv
Instance_5_5_2_1__LB_AP_EPS__eps_131,Instances/Tiny/Instance_5_5_2_1.txt,Tiny,lb_ap_eps,131,3600.0,results/raw/Instance_5_5_2_1__LB_AP_EPS__eps_131.csv
Instance_5_5_2_1__DECOMP_EPS__eps_131,Instances/Tiny/Instance_5_5_2_1.txt,Tiny,decomp_eps,131,3600.0,results/raw/Instance_5_5_2_1__DECOMP_EPS__eps_131.csv
Instance_5_5_2_1__CP_WWS_EPS__eps_132,Instances/Tiny/Instance_5_5_2_1.txt,Tiny,cp_wws_eps,132,3600.0,results/raw/Instance_5_5_2_1__CP_WWS_EPS__eps_132.csv
Instance_5_5_2_1__LB_AP_EPS__eps_132,Instances/Tiny/Instance_5_5_2_1.txt,Tiny,lb_ap_eps,132,3600.0,results/raw/Instance_5_5_2_1__LB_AP_EPS__eps_132.csv
Instance_5_5_2_1__DECOMP_EPS__eps_132,Instances/Tiny/Instance_5_5_2_1.txt,Tiny,decomp_eps,132,3600.0,results/raw/Instance_5_5_2_1__DECOMP_EPS__eps_132.csv
Instance_5_5_2_1__CP_WWS_EPS__eps_133,Instances/Tiny/Instance_5_5_2_1.txt,Tiny,cp_wws_eps,133,3600.0,results/raw/Instance_5_5_2_1__CP_WWS_EPS__eps_133.csv
Instance_5_5_2_1__LB_AP_EPS__eps_133,Instances/Tiny/Instance_5_5_2_1.txt,Tiny,lb_ap_eps,133,3600.0,results/raw/Instance_5_5_2_1__LB_AP_EPS__eps_133.csv
Instance_5_5_2_1__DECOMP_EPS__eps_133,Instances/Tiny/Instance_5_5_2_1.txt,Tiny,decomp_eps,133,3600.0,results/raw/Instance_5_5_2_1__DECOMP_EPS__eps_133.csv
Instance_5_5_2_1__CP_WWS_EPS__eps_134,Instances/Tiny/Instance_5_5_2_1.txt,Tiny,cp_wws_eps,134,3600.0,results/raw/Instance_5_5_2_1__CP_WWS_EPS__eps_134.csv
Instance_5_5_2_1__LB_AP_EPS__eps_134,Instances/Tiny/Instance_5_5_2_1.txt,Tiny,lb_ap_eps,134,3600.0,results/raw/Instance_5_5_2_1__LB_AP_EPS__eps_134.csv
Instance_5_5_2_1__DECOMP_EPS__eps_134,Instances/Tiny/Instance_5_5_2_1.txt,Tiny,decomp_eps,134,3600.0,results/raw/Instance_5_5_2_1__DECOMP_EPS__eps_134.csv
Instance_5_5_2_1__CP_WWS_EPS__eps_135,Instances/Tiny/Instance_5_5_2_1.txt,Tiny,cp_wws_eps,135,3600.0,results/raw/Instance_5_5_2_1__CP_WWS_EPS__eps_135.csv
Instance_5_5_2_1__LB_AP_EPS__eps_135,Instances/Tiny/Instance_5_5_2_1.txt,Tiny,lb_ap_eps,135,3600.0,results/raw/Instance_5_5_2_1__LB_AP_EPS__eps_135.csv
Instance_5_5_2_1__DECOMP_EPS__eps_135,Instances/Tiny/Instance_5_5_2_1.txt,Tiny,decomp_eps,135,3600.0,results/raw/Instance_5_5_2_1__DECOMP_EPS__eps_135.csv
Instance_5_5_2_1__CP_WWS_EPS__eps_136,Instances/Tiny/Instance_5_5_2_1.txt,Tiny,cp_wws_eps,136,3600.0,results/raw/Instance_5_5_2_1__CP_WWS_EPS__eps_136.csv
Instance_5_5_2_1__LB_AP_EPS__eps_136,Instances/Tiny/Instance_5_5_2_1.txt,Tiny,lb_ap_eps,136,3600.0,results/raw/Instance_5_5_2_1__LB_AP_EPS__eps_136.csv
Instance_5_5_2_1__DECOMP_EPS__eps_136,Instances/Tiny/Instance_5_5_2_1.txt,Tiny,decomp_eps,136,3600.0,results/raw/Instance_5_5_2_1__DECOMP_EPS__eps_136.csv
Instance_6_2_2_1__CP_WWS_EPS__eps_59,Instances/Tiny/Instance_6_2_2_1.txt,Tiny,cp_wws_eps,59,3600.0,results/raw/Instance_6_2_2_1__CP_WWS_EPS__eps_59.csv
Instance_6_2_2_1__LB_AP_EPS__eps_59,Instances/Tiny/Instance_6_2_2_1.txt,Tiny,lb_ap_eps,59,3600.0,results/raw/Instance_6_2_2_1__LB_AP_EPS__eps_59.csv
Instance_6_2_2_1__DECOMP_EPS__eps_59,Instances/Tiny/Instance_6_2_2_1.txt,Tiny,decomp_eps,59,3600.0,results/raw/Instance_6_2_2_1__DECOMP_EPS__eps_59.csv
Instance_6_2_2_1__CP_WWS_EPS__eps_60,Instances/Tiny/Instance_6_2_2_1.txt,Tiny,cp_wws_eps,60,3600.0,results/raw/Instance_6_2_2_1__CP_WWS_EPS__eps_60.csv
Instance_6_2_2_1__LB_AP_EPS__eps_60,Instances/Tiny/Instance_6_2_2_1.txt,Tiny,lb_ap_eps,60,3600.0,results/raw/Instance_6_2_2_1__LB_AP_EPS__eps_60.csv
Instance_6_2_2_1__DECOMP_EPS__eps_60,Instances/Tiny/Instance_6_2_2_1.txt,Tiny,decomp_eps,60,3600.0,results/raw/Instance_6_2_2_1__DECOMP_EPS__eps_60.csv
Instance_6_2_2_1__CP_WWS_EPS__eps_61,Instances/Tiny/Instance_6_2_2_1.txt,Tiny,cp_wws_eps,61,3600.0,results/raw/Instance_6_2_2_1__CP_WWS_EPS__eps_61.csv
Instance_6_2_2_1__LB_AP_EPS__eps_61,Instances/Tiny/Instance_6_2_2_1.txt,Tiny,lb_ap_eps,61,3600.0,results/raw/Instance_6_2_2_1__LB_AP_EPS__eps_61.csv
Instance_6_2_2_1__DECOMP_EPS__eps_61,Instances/Tiny/Instance_6_2_2_1.txt,Tiny,decomp_eps,61,3600.0,results/raw/Instance_6_2_2_1__DECOMP_EPS__eps_61.csv
Instance_6_2_2_1__CP_WWS_EPS__eps_62,Instances/Tiny/Instance_6_2_2_1.txt,Tiny,cp_wws_eps,62,3600.0,results/raw/Instance_6_2_2_1__CP_WWS_EPS__eps_62.csv
Instance_6_2_2_1__LB_AP_EPS__eps_62,Instances/Tiny/Instance_6_2_2_1.txt,Tiny,lb_ap_eps,62,3600.0,results/raw/Instance_6_2_2_1__LB_AP_EPS__eps_62.csv
Instance_6_2_2_1__DECOMP_EPS__eps_62,Instances/Tiny/Instance_6_2_2_1.txt,Tiny,decomp_eps,62,3600.0,results/raw/Instance_6_2_2_1__DECOMP_EPS__eps_62.csv
Instance_6_2_2_1__CP_WWS_EPS__eps_63,Instances/Tiny/Instance_6_2_2_1.txt,Tiny,cp_wws_eps,63,3600.0,results/raw/Instance_6_2_2_1__CP_WWS_EPS__eps_63.csv
Instance_6_2_2_1__LB_AP_EPS__eps_63,Instances/Tiny/Instance_6_2_2_1.txt,Tiny,lb_ap_eps,63,3600.0,results/raw/Instance_6_2_2_1__LB_AP_EPS__eps_63.csv
Instance_6_2_2_1__DECOMP_EPS__eps_63,Instances/Tiny/Instance_6_2_2_1.txt,Tiny,decomp_eps,63,3600.0,results/raw/Instance_6_2_2_1__DECOMP_EPS__eps_63.csv
Instance_6_2_2_1__CP_WWS_EPS__eps_64,Instances/Tiny/Instance_6_2_2_1.txt,Tiny,cp_wws_eps,64,3600.0,results/raw/Instance_6_2_2_1__CP_WWS_EPS__eps_64.csv
Instance_6_2_2_1__LB_AP_EPS__eps_64,Instances/Tiny/Instance_6_2_2_1.txt,Tiny,lb_ap_eps,64,3600.0,results/raw/Instance_6_2_2_1__LB_AP_EPS__eps_64.csv
Instance_6_2_2_1__DECOMP_EPS__eps_64,Instances/Tiny/Instance_6_2_2_1.txt,Tiny,decomp_eps,64,3600.0,results/raw/Instance_6_2_2_1__DECOMP_EPS__eps_64.csv
Instance_6_2_2_1__CP_WWS_EPS__eps_65,Instances/Tiny/Instance_6_2_2_1.txt,Tiny,cp_wws_eps,65,3600.0,results/raw/Instance_6_2_2_1__CP_WWS_EPS__eps_65.csv
Instance_6_2_2_1__LB_AP_EPS__eps_65,Instances/Tiny/Instance_6_2_2_1.txt,Tiny,lb_ap_eps,65,3600.0,results/raw/Instance_6_2_2_1__LB_AP_EPS__eps_65.csv
Instance_6_2_2_1__DECOMP_EPS__eps_65,Instances/Tiny/Instance_6_2_2_1.txt,Tiny,decomp_eps,65,3600.0,results/raw/Instance_6_2_2_1__DECOMP_EPS__eps_65.csv
Instance_6_2_2_1__CP_WWS_EPS__eps_66,Instances/Tiny/Instance_6_2_2_1.txt,Tiny,cp_wws_eps,66,3600.0,results/raw/Instance_6_2_2_1__CP_WWS_EPS__eps_66.csv
Instance_6_2_2_1__LB_AP_EPS__eps_66,Instances/Tiny/Instance_6_2_2_1.txt,Tiny,lb_ap_eps,66,3600.0,results/raw/Instance_6_2_2_1__LB_AP_EPS__eps_66.csv
Instance_6_2_2_1__DECOMP_EPS__eps_66,Instances/Tiny/Instance_6_2_2_1.txt,Tiny,decomp_eps,66,3600.0,results/raw/Instance_6_2_2_1__DECOMP_EPS__eps_66.csv
Instance_6_2_2_1__CP_WWS_EPS__eps_67,Instances/Tiny/Instance_6_2_2_1.txt,Tiny,cp_wws_eps,67,3600.0,results/raw/Instance_6_2_2_1__CP_WWS_EPS__eps_67.csv
Instance_6_2_2_1__LB_AP_EPS__eps_67,Instances/Tiny/Instance_6_2_2_1.txt,Tiny,lb_ap_eps,67,3600.0,results/raw/Instance_6_2_2_1__LB_AP_EPS__eps_67.csv
Instance_6_2_2_1__DECOMP_EPS__eps_67,Instances/Tiny/Instance_6_2_2_1.txt,Tiny,decomp_eps,67,3600.0,results/raw/Instance_6_2_2_1__DECOMP_EPS__eps_67.csv
Instance_6_2_2_1__CP_WWS_EPS__eps_68,Instances/Tiny/Instance_6_2_2_1.txt,Tiny,cp_wws_eps,68,3600.0,results/raw/Instance_6_2_2_1__CP_WWS_EPS__eps_68.csv
Instance_6_2_2_1__LB_AP_EPS__eps_68,Instances/Tiny/Instance_6_2_2_1.txt,Tiny,lb_ap_eps,68,3600.0,results/raw/Instance_6_2_2_1__LB_AP_EPS__eps_68.csv
Instance_6_2_2_1__DECOMP_EPS__eps_68,Instances/Tiny/Instance_6_2_2_1.txt,Tiny,decomp_eps,68,3600.0,results/raw/Instance_6_2_2_1__DECOMP_EPS__eps_68.csv
Instance_6_2_2_1__CP_WWS_EPS__eps_69,Instances/Tiny/Instance_6_2_2_1.txt,Tiny,cp_wws_eps,69,3600.0,results/raw/Instance_6_2_2_1__CP_WWS_EPS__eps_69.csv
Instance_6_2_2_1__LB_AP_EPS__eps_69,Instances/Tiny/Instance_6_2_2_1.txt,Tiny,lb_ap_eps,69,3600.0,results/raw/Instance_6_2_2_1__LB_AP_EPS__eps_69.csv
Instance_6_2_2_1__DECOMP_EPS__eps_69,Instances/Tiny/Instance_6_2_2_1.txt,Tiny,decomp_eps,69,3600.0,results/raw/Instance_6_2_2_1__DECOMP_EPS__eps_69.csv
Instance_6_2_2_1__CP_WWS_EPS__eps_70,Instances/Tiny/Instance_6_2_2_1.txt,Tiny,cp_wws_eps,70,3600.0,results/raw/Instance_6_2_2_1__CP_WWS_EPS__eps_70.csv
Instance_6_2_2_1__LB_AP_EPS__eps_70,Instances/Tiny/Instance_6_2_2_1.txt,Tiny,lb_ap_eps,70,3600.0,results/raw/Instance_6_2_2_1__LB_AP_EPS__eps_70.csv
Instance_6_2_2_1__DECOMP_EPS__eps_70,Instances/Tiny/Instance_6_2_2_1.txt,Tiny,decomp_eps,70,3600.0,results/raw/Instance_6_2_2_1__DECOMP_EPS__eps_70.csv
Instance_6_2_2_1__CP_WWS_EPS__eps_71,Instances/Tiny/Instance_6_2_2_1.txt,Tiny,cp_wws_eps,71,3600.0,results/raw/Instance_6_2_2_1__CP_WWS_EPS__eps_71.csv
Instance_6_2_2_1__LB_AP_EPS__eps_71,Instances/Tiny/Instance_6_2_2_1.txt,Tiny,lb_ap_eps,71,3600.0,results/raw/Instance_6_2_2_1__LB_AP_EPS__eps_71.csv
Instance_6_2_2_1__DECOMP_EPS__eps_71,Instances/Tiny/Instance_6_2_2_1.txt,Tiny,decomp_eps,71,3600.0,results/raw/Instance_6_2_2_1__DECOMP_EPS__eps_71.csv
Instance_6_2_2_1__CP_WWS_EPS__eps_72,Instances/Tiny/Instance_6_2_2_1.txt,Tiny,cp_wws_eps,72,3600.0,results/raw/Instance_6_2_2_1__CP_WWS_EPS__eps_72.csv
Instance_6_2_2_1__LB_AP_EPS__eps_72,Instances/Tiny/Instance_6_2_2_1.txt,Tiny,lb_ap_eps,72,3600.0,results/raw/Instance_6_2_2_1__LB_AP_EPS__eps_72.csv
Instance_6_2_2_1__DECOMP_EPS__eps_72,Instances/Tiny/Instance_6_2_2_1.txt,Tiny,decomp_eps,72,3600.0,results/raw/Instance_6_2_2_1__DECOMP_EPS__eps_72.csv
Instance_6_2_2_1__CP_WWS_EPS__eps_73,Instances/Tiny/Instance_6_2_2_1.txt,Tiny,cp_wws_eps,73,3600.0,results/raw/Instance_6_2_2_1__CP_WWS_EPS__eps_73.csv
Instance_6_2_2_1__LB_AP_EPS__eps_73,Instances/Tiny/Instance_6_2_2_1.txt,Tiny,lb_ap_eps,73,3600.0,results/raw/Instance_6_2_2_1__LB_AP_EPS__eps_73.csv
Instance_6_2_2_1__DECOMP_EPS__eps_73,Instances/Tiny/Instance_6_2_2_1.txt,Tiny,decomp_eps,73,3600.0,results/raw/Instance_6_2_2_1__DECOMP_EPS__eps_73.csv
Instance_6_2_2_1__CP_WWS_EPS__eps_74,Instances/Tiny/Instance_6_2_2_1.txt,Tiny,cp_wws_eps,74,3600.0,results/raw/Instance_6_2_2_1__CP_WWS_EPS__eps_74.csv
Instance_6_2_2_1__LB_AP_EPS__eps_74,Instances/Tiny/Instance_6_2_2_1.txt,Tiny,lb_ap_eps,74,3600.0,results/raw/Instance_6_2_2_1__LB_AP_EPS__eps_74.csv
Instance_6_2_2_1__DECOMP_EPS__eps_74,Instances/Tiny/Instance_6_2_2_1.txt,Tiny,decomp_eps,74,3600.0,results/raw/Instance_6_2_2_1__DECOMP_EPS__eps_74.csv
Instance_6_2_2_1__CP_WWS_EPS__eps_75,Instances/Tiny/Instance_6_2_2_1.txt,Tiny,cp_wws_eps,75,3600.0,results/raw/Instance_6_2_2_1__CP_WWS_EPS__eps_75.csv
Instance_6_2_2_1__LB_AP_EPS__eps_75,Instances/Tiny/Instance_6_2_2_1.txt,Tiny,lb_ap_eps,75,3600.0,results/raw/Instance_6_2_2_1__LB_AP_EPS__eps_75.csv
Instance_6_2_2_1__DECOMP_EPS__eps_75,Instances/Tiny/Instance_6_2_2_1.txt,Tiny,decomp_eps,75,3600.0,results/raw/Instance_6_2_2_1__DECOMP_EPS__eps_75.csv
Instance_6_2_2_1__CP_WWS_EPS__eps_76,Instances/Tiny/Instance_6_2_2_1.txt,Tiny,cp_wws_eps,76,3600.0,results/raw/Instance_6_2_2_1__CP_WWS_EPS__eps_76.csv
Instance_6_2_2_1__LB_AP_EPS__eps_76,Instances/Tiny/Instance_6_2_2_1.txt,Tiny,lb_ap_eps,76,3600.0,results/raw/Instance_6_2_2_1__LB_AP_EPS__eps_76.csv
Instance_6_2_2_1__DECOMP_EPS__eps_76,Instances/Tiny/Instance_6_2_2_1.txt,Tiny,decomp_eps,76,3600.0,results/raw/Instance_6_2_2_1__DECOMP_EPS__eps_76.csv
Instance_6_2_2_1__CP_WWS_EPS__eps_77,Instances/Tiny/Instance_6_2_2_1.txt,Tiny,cp_wws_eps,77,3600.0,results/raw/Instance_6_2_2_1__CP_WWS_EPS__eps_77.csv
Instance_6_2_2_1__LB_AP_EPS__eps_77,Instances/Tiny/Instance_6_2_2_1.txt,Tiny,lb_ap_eps,77,3600.0,results/raw/Instance_6_2_2_1__LB_AP_EPS__eps_77.csv
Instance_6_2_2_1__DECOMP_EPS__eps_77,Instances/Tiny/Instance_6_2_2_1.txt,Tiny,decomp_eps,77,3600.0,results/raw/Instance_6_2_2_1__DECOMP_EPS__eps_77.csv
Instance_6_2_2_1__CP_WWS_EPS__eps_78,Instances/Tiny/Instance_6_2_2_1.txt,Tiny,cp_wws_eps,78,3600.0,results/raw/Instance_6_2_2_1__CP_WWS_EPS__eps_78.csv
Instance_6_2_2_1__LB_AP_EPS__eps_78,Instances/Tiny/Instance_6_2_2_1.txt,Tiny,lb_ap_eps,78,3600.0,results/raw/Instance_6_2_2_1__LB_AP_EPS__eps_78.csv
Instance_6_2_2_1__DECOMP_EPS__eps_78,Instances/Tiny/Instance_6_2_2_1.txt,Tiny,decomp_eps,78,3600.0,results/raw/Instance_6_2_2_1__DECOMP_EPS__eps_78.csv
Instance_6_2_2_1__CP_WWS_EPS__eps_79,Instances/Tiny/Instance_6_2_2_1.txt,Tiny,cp_wws_eps,79,3600.0,results/raw/Instance_6_2_2_1__CP_WWS_EPS__eps_79.csv
Instance_6_2_2_1__LB_AP_EPS__eps_79,Instances/Tiny/Instance_6_2_2_1.txt,Tiny,lb_ap_eps,79,3600.0,results/raw/Instance_6_2_2_1__LB_AP_EPS__eps_79.csv
Instance_6_2_2_1__DECOMP_EPS__eps_79,Instances/Tiny/Instance_6_2_2_1.txt,Tiny,decomp_eps,79,3600.0,results/raw/Instance_6_2_2_1__DECOMP_EPS__eps_79.csv
Instance_6_2_2_1__CP_WWS_EPS__eps_80,Instances/Tiny/Instance_6_2_2_1.txt,Tiny,cp_wws_eps,80,3600.0,results/raw/Instance_6_2_2_1__CP_WWS_EPS__eps_80.csv
Instance_6_2_2_1__LB_AP_EPS__eps_80,Instances/Tiny/Instance_6_2_2_1.txt,Tiny,lb_ap_eps,80,3600.0,results/raw/Instance_6_2_2_1__LB_AP_EPS__eps_80.csv
Instance_6_2_2_1__DECOMP_EPS__eps_80,Instances/Tiny/Instance_6_2_2_1.txt,Tiny,decomp_eps,80,3600.0,results/raw/Instance_6_2_2_1__DECOMP_EPS__eps_80.csv
Instance_6_2_2_1__CP_WWS_EPS__eps_81,Instances/Tiny/Instance_6_2_2_1.txt,Tiny,cp_wws_eps,81,3600.0,results/raw/Instance_6_2_2_1__CP_WWS_EPS__eps_81.csv
Instance_6_2_2_1__LB_AP_EPS__eps_81,Instances/Tiny/Instance_6_2_2_1.txt,Tiny,lb_ap_eps,81,3600.0,results/raw/Instance_6_2_2_1__LB_AP_EPS__eps_81.csv
Instance_6_2_2_1__DECOMP_EPS__eps_81,Instances/Tiny/Instance_6_2_2_1.txt,Tiny,decomp_eps,81,3600.0,results/raw/Instance_6_2_2_1__DECOMP_EPS__eps_81.csv
Instance_6_2_2_1__CP_WWS_EPS__eps_82,Instances/Tiny/Instance_6_2_2_1.txt,Tiny,cp_wws_eps,82,3600.0,results/raw/Instance_6_2_2_1__CP_WWS_EPS__eps_82.csv
Instance_6_2_2_1__LB_AP_EPS__eps_82,Instances/Tiny/Instance_6_2_2_1.txt,Tiny,lb_ap_eps,82,3600.0,results/raw/Instance_6_2_2_1__LB_AP_EPS__eps_82.csv
Instance_6_2_2_1__DECOMP_EPS__eps_82,Instances/Tiny/Instance_6_2_2_1.txt,Tiny,decomp_eps,82,3600.0,results/raw/Instance_6_2_2_1__DECOMP_EPS__eps_82.csv
Instance_6_2_2_1__CP_WWS_EPS__eps_83,Instances/Tiny/Instance_6_2_2_1.txt,Tiny,cp_wws_eps,83,3600.0,results/raw/Instance_6_2_2_1__CP_WWS_EPS__eps_83.csv
Instance_6_2_2_1__LB_AP_EPS__eps_83,Instances/Tiny/Instance_6_2_2_1.txt,Tiny,lb_ap_eps,83,3600.0,results/raw/Instance_6_2_2_1__LB_AP_EPS__eps_83.csv
Instance_6_2_2_1__DECOMP_EPS__eps_83,Instances/Tiny/Instance_6_2_2_1.txt,Tiny,decomp_eps,83,3600.0,results/raw/Instance_6_2_2_1__DECOMP_EPS__eps_83.csv
Instance_6_2_2_1__CP_WWS_EPS__eps_84,Instances/Tiny/Instance_6_2_2_1.txt,Tiny,cp_wws_eps,84,3600.0,results/raw/Instance_6_2_2_1__CP_WWS_EPS__eps_84.csv
Instance_6_2_2_1__LB_AP_EPS__eps_84,Instances/Tiny/Instance_6_2_2_1.txt,Tiny,lb_ap_eps,84,3600.0,results/raw/Instance_6_2_2_1__LB_AP_EPS__eps_84.csv
Instance_6_2_2_1__DECOMP_EPS__eps_84,Instances/Tiny/Instance_6_2_2_1.txt,Tiny,decomp_eps,84,3600.0,results/raw/Instance_6_2_2_1__DECOMP_EPS__eps_84.csv
Instance_6_2_2_1__CP_WWS_EPS__eps_85,Instances/Tiny/Instance_6_2_2_1.txt,Tiny,cp_wws_eps,85,3600.0,results/raw/Instance_6_2_2_1__CP_WWS_EPS__eps_85.csv
Instance_6_2_2_1__LB_AP_EPS__eps_85,Instances/Tiny/Instance_6_2_2_1.txt,Tiny,lb_ap_eps,85,3600.0,results/raw/Instance_6_2_2_1__LB_AP_EPS__eps_85.csv
Instance_6_2_2_1__DECOMP_EPS__eps_85,Instances/Tiny/Instance_6_2_2_1.txt,Tiny,decomp_eps,85,3600.0,results/raw/Instance_6_2_2_1__DECOMP_EPS__eps_85.csv
Instance_6_2_2_1__CP_WWS_EPS__eps_86,Instances/Tiny/Instance_6_2_2_1.txt,Tiny,cp_wws_eps,86,3600.0,results/raw/Instance_6_2_2_1__CP_WWS_EPS__eps_86.csv
Instance_6_2_2_1__LB_AP_EPS__eps_86,Instances/Tiny/Instance_6_2_2_1.txt,Tiny,lb_ap_eps,86,3600.0,results/raw/Instance_6_2_2_1__LB_AP_EPS__eps_86.csv
Instance_6_2_2_1__DECOMP_EPS__eps_86,Instances/Tiny/Instance_6_2_2_1.txt,Tiny,decomp_eps,86,3600.0,results/raw/Instance_6_2_2_1__DECOMP_EPS__eps_86.csv
Instance_6_2_2_1__CP_WWS_EPS__eps_87,Instances/Tiny/Instance_6_2_2_1.txt,Tiny,cp_wws_eps,87,3600.0,results/raw/Instance_6_2_2_1__CP_WWS_EPS__eps_87.csv
Instance_6_2_2_1__LB_AP_EPS__eps_87,Instances/Tiny/Instance_6_2_2_1.txt,Tiny,lb_ap_eps,87,3600.0,results/raw/Instance_6_2_2_1__LB_AP_EPS__eps_87.csv
Instance_6_2_2_1__DECOMP_EPS__eps_87,Instances/Tiny/Instance_6_2_2_1.txt,Tiny,decomp_eps,87,3600.0,results/raw/Instance_6_2_2_1__DECOMP_EPS__eps_87.csv
Instance_6_2_2_1__CP_WWS_EPS__eps_88,Instances/Tiny/Instance_6_2_2_1.txt,Tiny,cp_wws_eps,88,3600.0,results/raw/Instance_6_2_2_1__CP_WWS_EPS__eps_88.csv
Instance_6_2_2_1__LB_AP_EPS__eps_88,Instances/Tiny/Instance_6_2_2_1.txt,Tiny,lb_ap_eps,88,3600.0,results/raw/Instance_6_2_2_1__LB_AP_EPS__eps_88.csv
Instance_6_2_2_1__DECOMP_EPS__eps_88,Instances/Tiny/Instance_6_2_2_1.txt,Tiny,decomp_eps,88,3600.0,results/raw/Instance_6_2_2_1__DECOMP_EPS__eps_88.csv
Instance_6_2_2_1__CP_WWS_EPS__eps_89,Instances/Tiny/Instance_6_2_2_1.txt,Tiny,cp_wws_eps,89,3600.0,results/raw/Instance_6_2_2_1__CP_WWS_EPS__eps_89.csv
Instance_6_2_2_1__LB_AP_EPS__eps_89,Instances/Tiny/Instance_6_2_2_1.txt,Tiny,lb_ap_eps,89,3600.0,results/raw/Instance_6_2_2_1__LB_AP_EPS__eps_89.csv
Instance_6_2_2_1__DECOMP_EPS__eps_89,Instances/Tiny/Instance_6_2_2_1.txt,Tiny,decomp_eps,89,3600.0,results/raw/Instance_6_2_2_1__DECOMP_EPS__eps_89.csv
Instance_6_2_2_1__CP_WWS_EPS__eps_90,Instances/Tiny/Instance_6_2_2_1.txt,Tiny,cp_wws_eps,90,3600.0,results/raw/Instance_6_2_2_1__CP_WWS_EPS__eps_90.csv
Instance_6_2_2_1__LB_AP_EPS__eps_90,Instances/Tiny/Instance_6_2_2_1.txt,Tiny,lb_ap_eps,90,3600.0,results/raw/Instance_6_2_2_1__LB_AP_EPS__eps_90.csv
Instance_6_2_2_1__DECOMP_EPS__eps_90,Instances/Tiny/Instance_6_2_2_1.txt,Tiny,decomp_eps,90,3600.0,results/raw/Instance_6_2_2_1__DECOMP_EPS__eps_90.csv
Instance_6_2_2_1__CP_WWS_EPS__eps_91,Instances/Tiny/Instance_6_2_2_1.txt,Tiny,cp_wws_eps,91,3600.0,results/raw/Instance_6_2_2_1__CP_WWS_EPS__eps_91.csv
Instance_6_2_2_1__LB_AP_EPS__eps_91,Instances/Tiny/Instance_6_2_2_1.txt,Tiny,lb_ap_eps,91,3600.0,results/raw/Instance_6_2_2_1__LB_AP_EPS__eps_91.csv
Instance_6_2_2_1__DECOMP_EPS__eps_91,Instances/Tiny/Instance_6_2_2_1.txt,Tiny,decomp_eps,91,3600.0,results/raw/Instance_6_2_2_1__DECOMP_EPS__eps_91.csv
Instance_6_2_2_1__CP_WWS_EPS__eps_92,Instances/Tiny/Instance_6_2_2_1.txt,Tiny,cp_wws_eps,92,3600.0,results/raw/Instance_6_2_2_1__CP_WWS_EPS__eps_92.csv
Instance_6_2_2_1__LB_AP_EPS__eps_92,Instances/Tiny/Instance_6_2_2_1.txt,Tiny,lb_ap_eps,92,3600.0,results/raw/Instance_6_2_2_1__LB_AP_EPS__eps_92.csv
Instance_6_2_2_1__DECOMP_EPS__eps_92,Instances/Tiny/Instance_6_2_2_1.txt,Tiny,decomp_eps,92,3600.0,results/raw/Instance_6_2_2_1__DECOMP_EPS__eps_92.csv
Instance_6_2_2_1__CP_WWS_EPS__eps_93,Instances/Tiny/Instance_6_2_2_1.txt,Tiny,cp_wws_eps,93,3600.0,results/raw/Instance_6_2_2_1__CP_WWS_EPS__eps_93.csv
Instance_6_2_2_1__LB_AP_EPS__eps_93,Instances/Tiny/Instance_6_2_2_1.txt,Tiny,lb_ap_eps,93,3600.0,results/raw/Instance_6_2_2_1__LB_AP_EPS__eps_93.csv
Instance_6_2_2_1__DECOMP_EPS__eps_93,Instances/Tiny/Instance_6_2_2_1.txt,Tiny,decomp_eps,93,3600.0,results/raw/Instance_6_2_2_1__DECOMP_EPS__eps_93.csv
Instance_6_2_2_1__CP_WWS_EPS__eps_94,Instances/Tiny/Instance_6_2_2_1.txt,Tiny,cp_wws_eps,94,3600.0,results/raw/Instance_6_2_2_1__CP_WWS_EPS__eps_94.csv
Instance_6_2_2_1__LB_AP_EPS__eps_94,Instances/Tiny/Instance_6_2_2_1.txt,Tiny,lb_ap_eps,94,3600.0,results/raw/Instance_6_2_2_1__LB_AP_EPS__eps_94.csv
Instance_6_2_2_1__DECOMP_EPS__eps_94,Instances/Tiny/Instance_6_2_2_1.txt,Tiny,decomp_eps,94,3600.0,results/raw/Instance_6_2_2_1__DECOMP_EPS__eps_94.csv
Instance_6_2_2_1__CP_WWS_EPS__eps_95,Instances/Tiny/Instance_6_2_2_1.txt,Tiny,cp_wws_eps,95,3600.0,results/raw/Instance_6_2_2_1__CP_WWS_EPS__eps_95.csv
Instance_6_2_2_1__LB_AP_EPS__eps_95,Instances/Tiny/Instance_6_2_2_1.txt,Tiny,lb_ap_eps,95,3600.0,results/raw/Instance_6_2_2_1__LB_AP_EPS__eps_95.csv
Instance_6_2_2_1__DECOMP_EPS__eps_95,Instances/Tiny/Instance_6_2_2_1.txt,Tiny,decomp_eps,95,3600.0,results/raw/Instance_6_2_2_1__DECOMP_EPS__eps_95.csv
Instance_6_2_2_1__CP_WWS_EPS__eps_96,Instances/Tiny/Instance_6_2_2_1.txt,Tiny,cp_wws_eps,96,3600.0,results/raw/Instance_6_2_2_1__CP_WWS_EPS__eps_96.csv
Instance_6_2_2_1__LB_AP_EPS__eps_96,Instances/Tiny/Instance_6_2_2_1.txt,Tiny,lb_ap_eps,96,3600.0,results/raw/Instance_6_2_2_1__LB_AP_EPS__eps_96.csv
Instance_6_2_2_1__DECOMP_EPS__eps_96,Instances/Tiny/Instance_6_2_2_1.txt,Tiny,decomp_eps,96,3600.0,results/raw/Instance_6_2_2_1__DECOMP_EPS__eps_96.csv
Instance_6_2_2_1__CP_WWS_EPS__eps_97,Instances/Tiny/Instance_6_2_2_1.txt,Tiny,cp_wws_eps,97,3600.0,results/raw/Instance_6_2_2_1__CP_WWS_EPS__eps_97.csv
Instance_6_2_2_1__LB_AP_EPS__eps_97,Instances/Tiny/Instance_6_2_2_1.txt,Tiny,lb_ap_eps,97,3600.0,results/raw/Instance_6_2_2_1__LB_AP_EPS__eps_97.csv
Instance_6_2_2_1__DECOMP_EPS__eps_97,Instances/Tiny/Instance_6_2_2_1.txt,Tiny,decomp_eps,97,3600.0,results/raw/Instance_6_2_2_1__DECOMP_EPS__eps_97.csv
Instance_6_2_2_1__CP_WWS_EPS__eps_98,Instances/Tiny/Instance_6_2_2_1.txt,Tiny,cp_wws_eps,98,3600.0,results/raw/Instance_6_2_2_1__CP_WWS_EPS__eps_98.csv
Instance_6_2_2_1__LB_AP_EPS__eps_98,Instances/Tiny/Instance_6_2_2_1.txt,Tiny,lb_ap_eps,98,3600.0,results/raw/Instance_6_2_2_1__LB_AP_EPS__eps_98.csv
Instance_6_2_2_1__DECOMP_EPS__eps_98,Instances/Tiny/Instance_6_2_2_1.txt,Tiny,decomp_eps,98,3600.0,results/raw/Instance_6_2_2_1__DECOMP_EPS__eps_98.csv
Instance_6_2_2_1__CP_WWS_EPS__eps_99,Instances/Tiny/Instance_6_2_2_1.txt,Tiny,cp_wws_eps,99,3600.0,results/raw/Instance_6_2_2_1__CP_WWS_EPS__eps_99.csv
Instance_6_2_2_1__LB_AP_EPS__eps_99,Instances/Tiny/Instance_6_2_2_1.txt,Tiny,lb_ap_eps,99,3600.0,results/raw/Instance_6_2_2_1__LB_AP_EPS__eps_99.csv
Instance_6_2_2_1__DECOMP_EPS__eps_99,Instances/Tiny/Instance_6_2_2_1.txt,Tiny,decomp_eps,99,3600.0,results/raw/Instance_6_2_2_1__DECOMP_EPS__eps_99.csv
Instance_6_2_2_1__CP_WWS_EPS__eps_100,Instances/Tiny/Instance_6_2_2_1.txt,Tiny,cp_wws_eps,100,3600.0,results/raw/Instance_6_2_2_1__CP_WWS_EPS__eps_100.csv
Instance_6_2_2_1__LB_AP_EPS__eps_100,Instances/Tiny/Instance_6_2_2_1.txt,Tiny,lb_ap_eps,100,3600.0,results/raw/Instance_6_2_2_1__LB_AP_EPS__eps_100.csv
Instance_6_2_2_1__DECOMP_EPS__eps_100,Instances/Tiny/Instance_6_2_2_1.txt,Tiny,decomp_eps,100,3600.0,results/raw/Instance_6_2_2_1__DECOMP_EPS__eps_100.csv
Instance_6_2_2_1__CP_WWS_EPS__eps_101,Instances/Tiny/Instance_6_2_2_1.txt,Tiny,cp_wws_eps,101,3600.0,results/raw/Instance_6_2_2_1__CP_WWS_EPS__eps_101.csv
Instance_6_2_2_1__LB_AP_EPS__eps_101,Instances/Tiny/Instance_6_2_2_1.txt,Tiny,lb_ap_eps,101,3600.0,results/raw/Instance_6_2_2_1__LB_AP_EPS__eps_101.csv
Instance_6_2_2_1__DECOMP_EPS__eps_101,Instances/Tiny/Instance_6_2_2_1.txt,Tiny,decomp_eps,101,3600.0,results/raw/Instance_6_2_2_1__DECOMP_EPS__eps_101.csv
Instance_6_2_2_1__CP_WWS_EPS__eps_102,Instances/Tiny/Instance_6_2_2_1.txt,Tiny,cp_wws_eps,102,3600.0,results/raw/Instance_6_2_2_1__CP_WWS_EPS__eps_102.csv
Instance_6_2_2_1__LB_AP_EPS__eps_102,Instances/Tiny/Instance_6_2_2_1.txt,Tiny,lb_ap_eps,102,3600.0,results/raw/Instance_6_2_2_1__LB_AP_EPS__eps_102.csv
Instance_6_2_2_1__DECOMP_EPS__eps_102,Instances/Tiny/Instance_6_2_2_1.txt,Tiny,decomp_eps,102,3600.0,results/raw/Instance_6_2_2_1__DECOMP_EPS__eps_102.csv
Instance_6_2_2_1__CP_WWS_EPS__eps_103,Instances/Tiny/Instance_6_2_2_1.txt,Tiny,cp_wws_eps,103,3600.0,results/raw/Instance_6_2_2_1__CP_WWS_EPS__eps_103.csv
Instance_6_2_2_1__LB_AP_EPS__eps_103,Instances/Tiny/Instance_6_2_2_1.txt,Tiny,lb_ap_eps,103,3600.0,results/raw/Instance_6_2_2_1__LB_AP_EPS__eps_103.csv
Instance_6_2_2_1__DECOMP_EPS__eps_103,Instances/Tiny/Instance_6_2_2_1.txt,Tiny,decomp_eps,103,3600.0,results/raw/Instance_6_2_2_1__DECOMP_EPS__eps_103.csv
Instance_6_2_2_1__CP_WWS_EPS__eps_104,Instances/Tiny/Instance_6_2_2_1.txt,Tiny,cp_wws_eps,104,3600.0,results/raw/Instance_6_2_2_1__CP_WWS_EPS__eps_104.csv
Instance_6_2_2_1__LB_AP_EPS__eps_104,Instances/Tiny/Instance_6_2_2_1.txt,Tiny,lb_ap_eps,104,3600.0,results/raw/Instance_6_2_2_1__LB_AP_EPS__eps_104.csv
Instance_6_2_2_1__DECOMP_EPS__eps_104,Instances/Tiny/Instance_6_2_2_1.txt,Tiny,decomp_eps,104,3600.0,results/raw/Instance_6_2_2_1__DECOMP_EPS__eps_104.csv
Instance_6_2_2_1__CP_WWS_EPS__eps_105,Instances/Tiny/Instance_6_2_2_1.txt,Tiny,cp_wws_eps,105,3600.0,results/raw/Instance_6_2_2_1__CP_WWS_EPS__eps_105.csv
Instance_6_2_2_1__LB_AP_EPS__eps_105,Instances/Tiny/Instance_6_2_2_1.txt,Tiny,lb_ap_eps,105,3600.0,results/raw/Instance_6_2_2_1__LB_AP_EPS__eps_105.csv
Instance_6_2_2_1__DECOMP_EPS__eps_105,Instances/Tiny/Instance_6_2_2_1.txt,Tiny,decomp_eps,105,3600.0,results/raw/Instance_6_2_2_1__DECOMP_EPS__eps_105.csv
Instance_6_2_2_1__CP_WWS_EPS__eps_106,Instances/Tiny/Instance_6_2_2_1.txt,Tiny,cp_wws_eps,106,3600.0,results/raw/Instance_6_2_2_1__CP_WWS_EPS__eps_106.csv
Instance_6_2_2_1__LB_AP_EPS__eps_106,Instances/Tiny/Instance_6_2_2_1.txt,Tiny,lb_ap_eps,106,3600.0,results/raw/Instance_6_2_2_1__LB_AP_EPS__eps_106.csv
Instance_6_2_2_1__DECOMP_EPS__eps_106,Instances/Tiny/Instance_6_2_2_1.txt,Tiny,decomp_eps,106,3600.0,results/raw/Instance_6_2_2_1__DECOMP_EPS__eps_106.csv
Instance_6_3_2_0__CP_WWS_EPS__eps_109,Instances/Tiny/Instance_6_3_2_0.txt,Tiny,cp_wws_eps,109,3600.0,results/raw/Instance_6_3_2_0__CP_WWS_EPS__eps_109.csv
Instance_6_3_2_0__LB_AP_EPS__eps_109,Instances/Tiny/Instance_6_3_2_0.txt,Tiny,lb_ap_eps,109,3600.0,results/raw/Instance_6_3_2_0__LB_AP_EPS__eps_109.csv
Instance_6_3_2_0__DECOMP_EPS__eps_109,Instances/Tiny/Instance_6_3_2_0.txt,Tiny,decomp_eps,109,3600.0,results/raw/Instance_6_3_2_0__DECOMP_EPS__eps_109.csv
Instance_6_3_2_0__CP_WWS_EPS__eps_110,Instances/Tiny/Instance_6_3_2_0.txt,Tiny,cp_wws_eps,110,3600.0,results/raw/Instance_6_3_2_0__CP_WWS_EPS__eps_110.csv
Instance_6_3_2_0__LB_AP_EPS__eps_110,Instances/Tiny/Instance_6_3_2_0.txt,Tiny,lb_ap_eps,110,3600.0,results/raw/Instance_6_3_2_0__LB_AP_EPS__eps_110.csv
Instance_6_3_2_0__DECOMP_EPS__eps_110,Instances/Tiny/Instance_6_3_2_0.txt,Tiny,decomp_eps,110,3600.0,results/raw/Instance_6_3_2_0__DECOMP_EPS__eps_110.csv
Instance_6_3_2_0__CP_WWS_EPS__eps_111,Instances/Tiny/Instance_6_3_2_0.txt,Tiny,cp_wws_eps,111,3600.0,results/raw/Instance_6_3_2_0__CP_WWS_EPS__eps_111.csv
Instance_6_3_2_0__LB_AP_EPS__eps_111,Instances/Tiny/Instance_6_3_2_0.txt,Tiny,lb_ap_eps,111,3600.0,results/raw/Instance_6_3_2_0__LB_AP_EPS__eps_111.csv
Instance_6_3_2_0__DECOMP_EPS__eps_111,Instances/Tiny/Instance_6_3_2_0.txt,Tiny,decomp_eps,111,3600.0,results/raw/Instance_6_3_2_0__DECOMP_EPS__eps_111.csv
Instance_6_3_2_0__CP_WWS_EPS__eps_112,Instances/Tiny/Instance_6_3_2_0.txt,Tiny,cp_wws_eps,112,3600.0,results/raw/Instance_6_3_2_0__CP_WWS_EPS__eps_112.csv
Instance_6_3_2_0__LB_AP_EPS__eps_112,Instances/Tiny/Instance_6_3_2_0.txt,Tiny,lb_ap_eps,112,3600.0,results/raw/Instance_6_3_2_0__LB_AP_EPS__eps_112.csv
Instance_6_3_2_0__DECOMP_EPS__eps_112,Instances/Tiny/Instance_6_3_2_0.txt,Tiny,decomp_eps,112,3600.0,results/raw/Instance_6_3_2_0__DECOMP_EPS__eps_112.csv
Instance_6_3_2_0__CP_WWS_EPS__eps_113,Instances/Tiny/Instance_6_3_2_0.txt,Tiny,cp_wws_eps,113,3600.0,results/raw/Instance_6_3_2_0__CP_WWS_EPS__eps_113.csv
Instance_6_3_2_0__LB_AP_EPS__eps_113,Instances/Tiny/Instance_6_3_2_0.txt,Tiny,lb_ap_eps,113,3600.0,results/raw/Instance_6_3_2_0__LB_AP_EPS__eps_113.csv
Instance_6_3_2_0__DECOMP_EPS__eps_113,Instances/Tiny/Instance_6_3_2_0.txt,Tiny,decomp_eps,113,3600.0,results/raw/Instance_6_3_2_0__DECOMP_EPS__eps_113.csv
Instance_6_3_2_0__CP_WWS_EPS__eps_114,Instances/Tiny/Instance_6_3_2_0.txt,Tiny,cp_wws_eps,114,3600.0,results/raw/Instance_6_3_2_0__CP_WWS_EPS__eps_114.csv
Instance_6_3_2_0__LB_AP_EPS__eps_114,Instances/Tiny/Instance_6_3_2_0.txt,Tiny,lb_ap_eps,114,3600.0,results/raw/Instance_6_3_2_0__LB_AP_EPS__eps_114.csv
Instance_6_3_2_0__DECOMP_EPS__eps_114,Instances/Tiny/Instance_6_3_2_0.txt,Tiny,decomp_eps,114,3600.0,results/raw/Instance_6_3_2_0__DECOMP_EPS__eps_114.csv
Instance_6_3_2_0__CP_WWS_EPS__eps_115,Instances/Tiny/Instance_6_3_2_0.txt,Tiny,cp_wws_eps,115,3600.0,results/raw/Instance_6_3_2_0__CP_WWS_EPS__eps_115.csv
Instance_6_3_2_0__LB_AP_EPS__eps_115,Instances/Tiny/Instance_6_3_2_0.txt,Tiny,lb_ap_eps,115,3600.0,results/raw/Instance_6_3_2_0__LB_AP_EPS__eps_115.csv
Instance_6_3_2_0__DECOMP_EPS__eps_115,Instances/Tiny/Instance_6_3_2_0.txt,Tiny,decomp_eps,115,3600.0,results/raw/Instance_6_3_2_0__DECOMP_EPS__eps_115.csv
Instance_6_3_2_0__CP_WWS_EPS__eps_116,Instances/Tiny/Instance_6_3_2_0.txt,Tiny,cp_wws_eps,116,3600.0,results/raw/Instance_6_3_2_0__CP_WWS_EPS__eps_116.csv
Instance_6_3_2_0__LB_AP_EPS__eps_116,Instances/Tiny/Instance_6_3_2_0.txt,Tiny,lb_ap_eps,116,3600.0,results/raw/Instance_6_3_2_0__LB_AP_EPS__eps_116.csv
Instance_6_3_2_0__DECOMP_EPS__eps_116,Instances/Tiny/Instance_6_3_2_0.txt,Tiny,decomp_eps,116,3600.0,results/raw/Instance_6_3_2_0__DECOMP_EPS__eps_116.csv
Instance_6_3_2_1__CP_WWS_EPS__eps_105,Instances/Tiny/Instance_6_3_2_1.txt,Tiny,cp_wws_eps,105,3600.0,results/raw/Instance_6_3_2_1__CP_WWS_EPS__eps_105.csv
Instance_6_3_2_1__LB_AP_EPS__eps_105,Instances/Tiny/Instance_6_3_2_1.txt,Tiny,lb_ap_eps,105,3600.0,results/raw/Instance_6_3_2_1__LB_AP_EPS__eps_105.csv
Instance_6_3_2_1__DECOMP_EPS__eps_105,Instances/Tiny/Instance_6_3_2_1.txt,Tiny,decomp_eps,105,3600.0,results/raw/Instance_6_3_2_1__DECOMP_EPS__eps_105.csv
Instance_6_3_2_1__CP_WWS_EPS__eps_106,Instances/Tiny/Instance_6_3_2_1.txt,Tiny,cp_wws_eps,106,3600.0,results/raw/Instance_6_3_2_1__CP_WWS_EPS__eps_106.csv
Instance_6_3_2_1__LB_AP_EPS__eps_106,Instances/Tiny/Instance_6_3_2_1.txt,Tiny,lb_ap_eps,106,3600.0,results/raw/Instance_6_3_2_1__LB_AP_EPS__eps_106.csv
Instance_6_3_2_1__DECOMP_EPS__eps_106,Instances/Tiny/Instance_6_3_2_1.txt,Tiny,decomp_eps,106,3600.0,results/raw/Instance_6_3_2_1__DECOMP_EPS__eps_106.csv
Instance_6_3_2_1__CP_WWS_EPS__eps_107,Instances/Tiny/Instance_6_3_2_1.txt,Tiny,cp_wws_eps,107,3600.0,results/raw/Instance_6_3_2_1__CP_WWS_EPS__eps_107.csv
Instance_6_3_2_1__LB_AP_EPS__eps_107,Instances/Tiny/Instance_6_3_2_1.txt,Tiny,lb_ap_eps,107,3600.0,results/raw/Instance_6_3_2_1__LB_AP_EPS__eps_107.csv
Instance_6_3_2_1__DECOMP_EPS__eps_107,Instances/Tiny/Instance_6_3_2_1.txt,Tiny,decomp_eps,107,3600.0,results/raw/Instance_6_3_2_1__DECOMP_EPS__eps_107.csv
Instance_6_3_2_1__CP_WWS_EPS__eps_108,Instances/Tiny/Instance_6_3_2_1.txt,Tiny,cp_wws_eps,108,3600.0,results/raw/Instance_6_3_2_1__CP_WWS_EPS__eps_108.csv
Instance_6_3_2_1__LB_AP_EPS__eps_108,Instances/Tiny/Instance_6_3_2_1.txt,Tiny,lb_ap_eps,108,3600.0,results/raw/Instance_6_3_2_1__LB_AP_EPS__eps_108.csv
Instance_6_3_2_1__DECOMP_EPS__eps_108,Instances/Tiny/Instance_6_3_2_1.txt,Tiny,decomp_eps,108,3600.0,results/raw/Instance_6_3_2_1__DECOMP_EPS__eps_108.csv
Instance_6_3_2_1__CP_WWS_EPS__eps_109,Instances/Tiny/Instance_6_3_2_1.txt,Tiny,cp_wws_eps,109,3600.0,results/raw/Instance_6_3_2_1__CP_WWS_EPS__eps_109.csv
Instance_6_3_2_1__LB_AP_EPS__eps_109,Instances/Tiny/Instance_6_3_2_1.txt,Tiny,lb_ap_eps,109,3600.0,results/raw/Instance_6_3_2_1__LB_AP_EPS__eps_109.csv
Instance_6_3_2_1__DECOMP_EPS__eps_109,Instances/Tiny/Instance_6_3_2_1.txt,Tiny,decomp_eps,109,3600.0,results/raw/Instance_6_3_2_1__DECOMP_EPS__eps_109.csv
Instance_6_3_2_1__CP_WWS_EPS__eps_110,Instances/Tiny/Instance_6_3_2_1.txt,Tiny,cp_wws_eps,110,3600.0,results/raw/Instance_6_3_2_1__CP_WWS_EPS__eps_110.csv
Instance_6_3_2_1__LB_AP_EPS__eps_110,Instances/Tiny/Instance_6_3_2_1.txt,Tiny,lb_ap_eps,110,3600.0,results/raw/Instance_6_3_2_1__LB_AP_EPS__eps_110.csv
Instance_6_3_2_1__DECOMP_EPS__eps_110,Instances/Tiny/Instance_6_3_2_1.txt,Tiny,decomp_eps,110,3600.0,results/raw/Instance_6_3_2_1__DECOMP_EPS__eps_110.csv
Instance_6_3_2_1__CP_WWS_EPS__eps_111,Instances/Tiny/Instance_6_3_2_1.txt,Tiny,cp_wws_eps,111,3600.0,results/raw/Instance_6_3_2_1__CP_WWS_EPS__eps_111.csv
Instance_6_3_2_1__LB_AP_EPS__eps_111,Instances/Tiny/Instance_6_3_2_1.txt,Tiny,lb_ap_eps,111,3600.0,results/raw/Instance_6_3_2_1__LB_AP_EPS__eps_111.csv
Instance_6_3_2_1__DECOMP_EPS__eps_111,Instances/Tiny/Instance_6_3_2_1.txt,Tiny,decomp_eps,111,3600.0,results/raw/Instance_6_3_2_1__DECOMP_EPS__eps_111.csv
Instance_6_3_2_1__CP_WWS_EPS__eps_112,Instances/Tiny/Instance_6_3_2_1.txt,Tiny,cp_wws_eps,112,3600.0,results/raw/Instance_6_3_2_1__CP_WWS_EPS__eps_112.csv
Instance_6_3_2_1__LB_AP_EPS__eps_112,Instances/Tiny/Instance_6_3_2_1.txt,Tiny,lb_ap_eps,112,3600.0,results/raw/Instance_6_3_2_1__LB_AP_EPS__eps_112.csv
Instance_6_3_2_1__DECOMP_EPS__eps_112,Instances/Tiny/Instance_6_3_2_1.txt,Tiny,decomp_eps,112,3600.0,results/raw/Instance_6_3_2_1__DECOMP_EPS__eps_112.csv
Instance_6_3_2_1__CP_WWS_EPS__eps_113,Instances/Tiny/Instance_6_3_2_1.txt,Tiny,cp_wws_eps,113,3600.0,results/raw/Instance_6_3_2_1__CP_WWS_EPS__eps_113.csv
Instance_6_3_2_1__LB_AP_EPS__eps_113,Instances/Tiny/Instance_6_3_2_1.txt,Tiny,lb_ap_eps,113,3600.0,results/raw/Instance_6_3_2_1__LB_AP_EPS__eps_113.csv
Instance_6_3_2_1__DECOMP_EPS__eps_113,Instances/Tiny/Instance_6_3_2_1.txt,Tiny,decomp_eps,113,3600.0,results/raw/Instance_6_3_2_1__DECOMP_EPS__eps_113.csv
Instance_6_3_2_1__CP_WWS_EPS__eps_114,Instances/Tiny/Instance_6_3_2_1.txt,Tiny,cp_wws_eps,114,3600.0,results/raw/Instance_6_3_2_1__CP_WWS_EPS__eps_114.csv
Instance_6_3_2_1__LB_AP_EPS__eps_114,Instances/Tiny/Instance_6_3_2_1.txt,Tiny,lb_ap_eps,114,3600.0,results/raw/Instance_6_3_2_1__LB_AP_EPS__eps_114.csv
Instance_6_3_2_1__DECOMP_EPS__eps_114,Instances/Tiny/Instance_6_3_2_1.txt,Tiny,decomp_eps,114,3600.0,results/raw/Instance_6_3_2_1__DECOMP_EPS__eps_114.csv
Instance_6_3_2_1__CP_WWS_EPS__eps_115,Instances/Tiny/Instance_6_3_2_1.txt,Tiny,cp_wws_eps,115,3600.0,results/raw/Instance_6_3_2_1__CP_WWS_EPS__eps_115.csv
Instance_6_3_2_1__LB_AP_EPS__eps_115,Instances/Tiny/Instance_6_3_2_1.txt,Tiny,lb_ap_eps,115,3600.0,results/raw/Instance_6_3_2_1__LB_AP_EPS__eps_115.csv
Instance_6_3_2_1__DECOMP_EPS__eps_115,Instances/Tiny/Instance_6_3_2_1.txt,Tiny,decomp_eps,115,3600.0,results/raw/Instance_6_3_2_1__DECOMP_EPS__eps_115.csv
Instance_6_3_2_1__CP_WWS_EPS__eps_116,Instances/Tiny/Instance_6_3_2_1.txt,Tiny,cp_wws_eps,116,3600.0,results/raw/Instance_6_3_2_1__CP_WWS_EPS__eps_116.csv
Instance_6_3_2_1__LB_AP_EPS__eps_116,Instances/Tiny/Instance_6_3_2_1.txt,Tiny,lb_ap_eps,116,3600.0,results/raw/Instance_6_3_2_1__LB_AP_EPS__eps_116.csv
Instance_6_3_2_1__DECOMP_EPS__eps_116,Instances/Tiny/Instance_6_3_2_1.txt,Tiny,decomp_eps,116,3600.0,results/raw/Instance_6_3_2_1__DECOMP_EPS__eps_116.csv
Instance_6_3_2_1__CP_WWS_EPS__eps_117,Instances/Tiny/Instance_6_3_2_1.txt,Tiny,cp_wws_eps,117,3600.0,results/raw/Instance_6_3_2_1__CP_WWS_EPS__eps_117.csv
Instance_6_3_2_1__LB_AP_EPS__eps_117,Instances/Tiny/Instance_6_3_2_1.txt,Tiny,lb_ap_eps,117,3600.0,results/raw/Instance_6_3_2_1__LB_AP_EPS__eps_117.csv
Instance_6_3_2_1__DECOMP_EPS__eps_117,Instances/Tiny/Instance_6_3_2_1.txt,Tiny,decomp_eps,117,3600.0,results/raw/Instance_6_3_2_1__DECOMP_EPS__eps_117.csv
Instance_6_3_2_1__CP_WWS_EPS__eps_118,Instances/Tiny/Instance_6_3_2_1.txt,Tiny,cp_wws_eps,118,3600.0,results/raw/Instance_6_3_2_1__CP_WWS_EPS__eps_118.csv
Instance_6_3_2_1__LB_AP_EPS__eps_118,Instances/Tiny/Instance_6_3_2_1.txt,Tiny,lb_ap_eps,118,3600.0,results/raw/Instance_6_3_2_1__LB_AP_EPS__eps_118.csv
Instance_6_3_2_1__DECOMP_EPS__eps_118,Instances/Tiny/Instance_6_3_2_1.txt,Tiny,decomp_eps,118,3600.0,results/raw/Instance_6_3_2_1__DECOMP_EPS__eps_118.csv
Instance_6_3_2_1__CP_WWS_EPS__eps_119,Instances/Tiny/Instance_6_3_2_1.txt,Tiny,cp_wws_eps,119,3600.0,results/raw/Instance_6_3_2_1__CP_WWS_EPS__eps_119.csv
Instance_6_3_2_1__LB_AP_EPS__eps_119,Instances/Tiny/Instance_6_3_2_1.txt,Tiny,lb_ap_eps,119,3600.0,results/raw/Instance_6_3_2_1__LB_AP_EPS__eps_119.csv
Instance_6_3_2_1__DECOMP_EPS__eps_119,Instances/Tiny/Instance_6_3_2_1.txt,Tiny,decomp_eps,119,3600.0,results/raw/Instance_6_3_2_1__DECOMP_EPS__eps_119.csv
Instance_6_3_2_1__CP_WWS_EPS__eps_120,Instances/Tiny/Instance_6_3_2_1.txt,Tiny,cp_wws_eps,120,3600.0,results/raw/Instance_6_3_2_1__CP_WWS_EPS__eps_120.csv
Instance_6_3_2_1__LB_AP_EPS__eps_120,Instances/Tiny/Instance_6_3_2_1.txt,Tiny,lb_ap_eps,120,3600.0,results/raw/Instance_6_3_2_1__LB_AP_EPS__eps_120.csv
Instance_6_3_2_1__DECOMP_EPS__eps_120,Instances/Tiny/Instance_6_3_2_1.txt,Tiny,decomp_eps,120,3600.0,results/raw/Instance_6_3_2_1__DECOMP_EPS__eps_120.csv
Instance_6_3_2_2__CP_WWS_EPS__eps_114,Instances/Tiny/Instance_6_3_2_2.txt,Tiny,cp_wws_eps,114,3600.0,results/raw/Instance_6_3_2_2__CP_WWS_EPS__eps_114.csv
Instance_6_3_2_2__LB_AP_EPS__eps_114,Instances/Tiny/Instance_6_3_2_2.txt,Tiny,lb_ap_eps,114,3600.0,results/raw/Instance_6_3_2_2__LB_AP_EPS__eps_114.csv
Instance_6_3_2_2__DECOMP_EPS__eps_114,Instances/Tiny/Instance_6_3_2_2.txt,Tiny,decomp_eps,114,3600.0,results/raw/Instance_6_3_2_2__DECOMP_EPS__eps_114.csv
Instance_6_3_2_2__CP_WWS_EPS__eps_115,Instances/Tiny/Instance_6_3_2_2.txt,Tiny,cp_wws_eps,115,3600.0,results/raw/Instance_6_3_2_2__CP_WWS_EPS__eps_115.csv
Instance_6_3_2_2__LB_AP_EPS__eps_115,Instances/Tiny/Instance_6_3_2_2.txt,Tiny,lb_ap_eps,115,3600.0,results/raw/Instance_6_3_2_2__LB_AP_EPS__eps_115.csv
Instance_6_3_2_2__DECOMP_EPS__eps_115,Instances/Tiny/Instance_6_3_2_2.txt,Tiny,decomp_eps,115,3600.0,results/raw/Instance_6_3_2_2__DECOMP_EPS__eps_115.csv
Instance_6_3_2_2__CP_WWS_EPS__eps_116,Instances/Tiny/Instance_6_3_2_2.txt,Tiny,cp_wws_eps,116,3600.0,results/raw/Instance_6_3_2_2__CP_WWS_EPS__eps_116.csv
Instance_6_3_2_2__LB_AP_EPS__eps_116,Instances/Tiny/Instance_6_3_2_2.txt,Tiny,lb_ap_eps,116,3600.0,results/raw/Instance_6_3_2_2__LB_AP_EPS__eps_116.csv
Instance_6_3_2_2__DECOMP_EPS__eps_116,Instances/Tiny/Instance_6_3_2_2.txt,Tiny,decomp_eps,116,3600.0,results/raw/Instance_6_3_2_2__DECOMP_EPS__eps_116.csv
Instance_6_3_2_2__CP_WWS_EPS__eps_117,Instances/Tiny/Instance_6_3_2_2.txt,Tiny,cp_wws_eps,117,3600.0,results/raw/Instance_6_3_2_2__CP_WWS_EPS__eps_117.csv
Instance_6_3_2_2__LB_AP_EPS__eps_117,Instances/Tiny/Instance_6_3_2_2.txt,Tiny,lb_ap_eps,117,3600.0,results/raw/Instance_6_3_2_2__LB_AP_EPS__eps_117.csv
Instance_6_3_2_2__DECOMP_EPS__eps_117,Instances/Tiny/Instance_6_3_2_2.txt,Tiny,decomp_eps,117,3600.0,results/raw/Instance_6_3_2_2__DECOMP_EPS__eps_117.csv
Instance_6_3_2_2__CP_WWS_EPS__eps_118,Instances/Tiny/Instance_6_3_2_2.txt,Tiny,cp_wws_eps,118,3600.0,results/raw/Instance_6_3_2_2__CP_WWS_EPS__eps_118.csv
Instance_6_3_2_2__LB_AP_EPS__eps_118,Instances/Tiny/Instance_6_3_2_2.txt,Tiny,lb_ap_eps,118,3600.0,results/raw/Instance_6_3_2_2__LB_AP_EPS__eps_118.csv
Instance_6_3_2_2__DECOMP_EPS__eps_118,Instances/Tiny/Instance_6_3_2_2.txt,Tiny,decomp_eps,118,3600.0,results/raw/Instance_6_3_2_2__DECOMP_EPS__eps_118.csv
Instance_6_4_2_0__CP_WWS_EPS__eps_108,Instances/Tiny/Instance_6_4_2_0.txt,Tiny,cp_wws_eps,108,3600.0,results/raw/Instance_6_4_2_0__CP_WWS_EPS__eps_108.csv
Instance_6_4_2_0__LB_AP_EPS__eps_108,Instances/Tiny/Instance_6_4_2_0.txt,Tiny,lb_ap_eps,108,3600.0,results/raw/Instance_6_4_2_0__LB_AP_EPS__eps_108.csv
Instance_6_4_2_0__DECOMP_EPS__eps_108,Instances/Tiny/Instance_6_4_2_0.txt,Tiny,decomp_eps,108,3600.0,results/raw/Instance_6_4_2_0__DECOMP_EPS__eps_108.csv
Instance_6_4_2_0__CP_WWS_EPS__eps_109,Instances/Tiny/Instance_6_4_2_0.txt,Tiny,cp_wws_eps,109,3600.0,results/raw/Instance_6_4_2_0__CP_WWS_EPS__eps_109.csv
Instance_6_4_2_0__LB_AP_EPS__eps_109,Instances/Tiny/Instance_6_4_2_0.txt,Tiny,lb_ap_eps,109,3600.0,results/raw/Instance_6_4_2_0__LB_AP_EPS__eps_109.csv
Instance_6_4_2_0__DECOMP_EPS__eps_109,Instances/Tiny/Instance_6_4_2_0.txt,Tiny,decomp_eps,109,3600.0,results/raw/Instance_6_4_2_0__DECOMP_EPS__eps_109.csv
Instance_6_4_2_0__CP_WWS_EPS__eps_110,Instances/Tiny/Instance_6_4_2_0.txt,Tiny,cp_wws_eps,110,3600.0,results/raw/Instance_6_4_2_0__CP_WWS_EPS__eps_110.csv
Instance_6_4_2_0__LB_AP_EPS__eps_110,Instances/Tiny/Instance_6_4_2_0.txt,Tiny,lb_ap_eps,110,3600.0,results/raw/Instance_6_4_2_0__LB_AP_EPS__eps_110.csv
Instance_6_4_2_0__DECOMP_EPS__eps_110,Instances/Tiny/Instance_6_4_2_0.txt,Tiny,decomp_eps,110,3600.0,results/raw/Instance_6_4_2_0__DECOMP_EPS__eps_110.csv
Instance_6_4_2_0__CP_WWS_EPS__eps_111,Instances/Tiny/Instance_6_4_2_0.txt,Tiny,cp_wws_eps,111,3600.0,results/raw/Instance_6_4_2_0__CP_WWS_EPS__eps_111.csv
Instance_6_4_2_0__LB_AP_EPS__eps_111,Instances/Tiny/Instance_6_4_2_0.txt,Tiny,lb_ap_eps,111,3600.0,results/raw/Instance_6_4_2_0__LB_AP_EPS__eps_111.csv
Instance_6_4_2_0__DECOMP_EPS__eps_111,Instances/Tiny/Instance_6_4_2_0.txt,Tiny,decomp_eps,111,3600.0,results/raw/Instance_6_4_2_0__DECOMP_EPS__eps_111.csv
Instance_6_4_2_0__CP_WWS_EPS__eps_112,Instances/Tiny/Instance_6_4_2_0.txt,Tiny,cp_wws_eps,112,3600.0,results/raw/Instance_6_4_2_0__CP_WWS_EPS__eps_112.csv
Instance_6_4_2_0__LB_AP_EPS__eps_112,Instances/Tiny/Instance_6_4_2_0.txt,Tiny,lb_ap_eps,112,3600.0,results/raw/Instance_6_4_2_0__LB_AP_EPS__eps_112.csv
Instance_6_4_2_0__DECOMP_EPS__eps_112,Instances/Tiny/Instance_6_4_2_0.txt,Tiny,decomp_eps,112,3600.0,results/raw/Instance_6_4_2_0__DECOMP_EPS__eps_112.csv
Instance_6_4_2_0__CP_WWS_EPS__eps_113,Instances/Tiny/Instance_6_4_2_0.txt,Tiny,cp_wws_eps,113,3600.0,results/raw/Instance_6_4_2_0__CP_WWS_EPS__eps_113.csv
Instance_6_4_2_0__LB_AP_EPS__eps_113,Instances/Tiny/Instance_6_4_2_0.txt,Tiny,lb_ap_eps,113,3600.0,results/raw/Instance_6_4_2_0__LB_AP_EPS__eps_113.csv
Instance_6_4_2_0__DECOMP_EPS__eps_113,Instances/Tiny/Instance_6_4_2_0.txt,Tiny,decomp_eps,113,3600.0,results/raw/Instance_6_4_2_0__DECOMP_EPS__eps_113.csv
Instance_6_4_2_0__CP_WWS_EPS__eps_114,Instances/Tiny/Instance_6_4_2_0.txt,Tiny,cp_wws_eps,114,3600.0,results/raw/Instance_6_4_2_0__CP_WWS_EPS__eps_114.csv
Instance_6_4_2_0__LB_AP_EPS__eps_114,Instances/Tiny/Instance_6_4_2_0.txt,Tiny,lb_ap_eps,114,3600.0,results/raw/Instance_6_4_2_0__LB_AP_EPS__eps_114.csv
Instance_6_4_2_0__DECOMP_EPS__eps_114,Instances/Tiny/Instance_6_4_2_0.txt,Tiny,decomp_eps,114,3600.0,results/raw/Instance_6_4_2_0__DECOMP_EPS__eps_114.csv
Instance_6_4_2_0__CP_WWS_EPS__eps_115,Instances/Tiny/Instance_6_4_2_0.txt,Tiny,cp_wws_eps,115,3600.0,results/raw/Instance_6_4_2_0__CP_WWS_EPS__eps_115.csv
Instance_6_4_2_0__LB_AP_EPS__eps_115,Instances/Tiny/Instance_6_4_2_0.txt,Tiny,lb_ap_eps,115,3600.0,results/raw/Instance_6_4_2_0__LB_AP_EPS__eps_115.csv
Instance_6_4_2_0__DECOMP_EPS__eps_115,Instances/Tiny/Instance_6_4_2_0.txt,Tiny,decomp_eps,115,3600.0,results/raw/Instance_6_4_2_0__DECOMP_EPS__eps_115.csv
Instance_6_4_2_0__CP_WWS_EPS__eps_116,Instances/Tiny/Instance_6_4_2_0.txt,Tiny,cp_wws_eps,116,3600.0,results/raw/Instance_6_4_2_0__CP_WWS_EPS__eps_116.csv
Instance_6_4_2_0__LB_AP_EPS__eps_116,Instances/Tiny/Instance_6_4_2_0.txt,Tiny,lb_ap_eps,116,3600.0,results/raw/Instance_6_4_2_0__LB_AP_EPS__eps_116.csv
Instance_6_4_2_0__DECOMP_EPS__eps_116,Instances/Tiny/Instance_6_4_2_0.txt,Tiny,decomp_eps,116,3600.0,results/raw/Instance_6_4_2_0__DECOMP_EPS__eps_116.csv
Instance_6_4_2_0__CP_WWS_EPS__eps_117,Instances/Tiny/Instance_6_4_2_0.txt,Tiny,cp_wws_eps,117,3600.0,results/raw/Instance_6_4_2_0__CP_WWS_EPS__eps_117.csv
Instance_6_4_2_0__LB_AP_EPS__eps_117,Instances/Tiny/Instance_6_4_2_0.txt,Tiny,lb_ap_eps,117,3600.0,results/raw/Instance_6_4_2_0__LB_AP_EPS__eps_117.csv
Instance_6_4_2_0__DECOMP_EPS__eps_117,Instances/Tiny/Instance_6_4_2_0.txt,Tiny,decomp_eps,117,3600.0,results/raw/Instance_6_4_2_0__DECOMP_EPS__eps_117.csv
Instance_6_4_2_0__CP_WWS_EPS__eps_118,Instances/Tiny/Instance_6_4_2_0.txt,Tiny,cp_wws_eps,118,3600.0,results/raw/Instance_6_4_2_0__CP_WWS_EPS__eps_118.csv
Instance_6_4_2_0__LB_AP_EPS__eps_118,Instances/Tiny/Instance_6_4_2_0.txt,Tiny,lb_ap_eps,118,3600.0,results/raw/Instance_6_4_2_0__LB_AP_EPS__eps_118.csv
Instance_6_4_2_0__DECOMP_EPS__eps_118,Instances/Tiny/Instance_6_4_2_0.txt,Tiny,decomp_eps,118,3600.0,results/raw/Instance_6_4_2_0__DECOMP_EPS__eps_118.csv
Instance_6_4_2_0__CP_WWS_EPS__eps_119,Instances/Tiny/Instance_6_4_2_0.txt,Tiny,cp_wws_eps,119,3600.0,results/raw/Instance_6_4_2_0__CP_WWS_EPS__eps_119.csv
Instance_6_4_2_0__LB_AP_EPS__eps_119,Instances/Tiny/Instance_6_4_2_0.txt,Tiny,lb_ap_eps,119,3600.0,results/raw/Instance_6_4_2_0__LB_AP_EPS__eps_119.csv
Instance_6_4_2_0__DECOMP_EPS__eps_119,Instances/Tiny/Instance_6_4_2_0.txt,Tiny,decomp_eps,119,3600.0,results/raw/Instance_6_4_2_0__DECOMP_EPS__eps_119.csv
Instance_6_4_2_0__CP_WWS_EPS__eps_120,Instances/Tiny/Instance_6_4_2_0.txt,Tiny,cp_wws_eps,120,3600.0,results/raw/Instance_6_4_2_0__CP_WWS_EPS__eps_120.csv
Instance_6_4_2_0__LB_AP_EPS__eps_120,Instances/Tiny/Instance_6_4_2_0.txt,Tiny,lb_ap_eps,120,3600.0,results/raw/Instance_6_4_2_0__LB_AP_EPS__eps_120.csv
Instance_6_4_2_0__DECOMP_EPS__eps_120,Instances/Tiny/Instance_6_4_2_0.txt,Tiny,decomp_eps,120,3600.0,results/raw/Instance_6_4_2_0__DECOMP_EPS__eps_120.csv
Instance_6_4_2_0__CP_WWS_EPS__eps_121,Instances/Tiny/Instance_6_4_2_0.txt,Tiny,cp_wws_eps,121,3600.0,results/raw/Instance_6_4_2_0__CP_WWS_EPS__eps_121.csv
Instance_6_4_2_0__LB_AP_EPS__eps_121,Instances/Tiny/Instance_6_4_2_0.txt,Tiny,lb_ap_eps,121,3600.0,results/raw/Instance_6_4_2_0__LB_AP_EPS__eps_121.csv
Instance_6_4_2_0__DECOMP_EPS__eps_121,Instances/Tiny/Instance_6_4_2_0.txt,Tiny,decomp_eps,121,3600.0,results/raw/Instance_6_4_2_0__DECOMP_EPS__eps_121.csv
Instance_6_4_2_0__CP_WWS_EPS__eps_122,Instances/Tiny/Instance_6_4_2_0.txt,Tiny,cp_wws_eps,122,3600.0,results/raw/Instance_6_4_2_0__CP_WWS_EPS__eps_122.csv
Instance_6_4_2_0__LB_AP_EPS__eps_122,Instances/Tiny/Instance_6_4_2_0.txt,Tiny,lb_ap_eps,122,3600.0,results/raw/Instance_6_4_2_0__LB_AP_EPS__eps_122.csv
Instance_6_4_2_0__DECOMP_EPS__eps_122,Instances/Tiny/Instance_6_4_2_0.txt,Tiny,decomp_eps,122,3600.0,results/raw/Instance_6_4_2_0__DECOMP_EPS__eps_122.csv
Instance_6_4_2_0__CP_WWS_EPS__eps_123,Instances/Tiny/Instance_6_4_2_0.txt,Tiny,cp_wws_eps,123,3600.0,results/raw/Instance_6_4_2_0__CP_WWS_EPS__eps_123.csv
Instance_6_4_2_0__LB_AP_EPS__eps_123,Instances/Tiny/Instance_6_4_2_0.txt,Tiny,lb_ap_eps,123,3600.0,results/raw/Instance_6_4_2_0__LB_AP_EPS__eps_123.csv
Instance_6_4_2_0__DECOMP_EPS__eps_123,Instances/Tiny/Instance_6_4_2_0.txt,Tiny,decomp_eps,123,3600.0,results/raw/Instance_6_4_2_0__DECOMP_EPS__eps_123.csv
Instance_6_4_2_0__CP_WWS_EPS__eps_124,Instances/Tiny/Instance_6_4_2_0.txt,Tiny,cp_wws_eps,124,3600.0,results/raw/Instance_6_4_2_0__CP_WWS_EPS__eps_124.csv
Instance_6_4_2_0__LB_AP_EPS__eps_124,Instances/Tiny/Instance_6_4_2_0.txt,Tiny,lb_ap_eps,124,3600.0,results/raw/Instance_6_4_2_0__LB_AP_EPS__eps_124.csv
Instance_6_4_2_0__DECOMP_EPS__eps_124,Instances/Tiny/Instance_6_4_2_0.txt,Tiny,decomp_eps,124,3600.0,results/raw/Instance_6_4_2_0__DECOMP_EPS__eps_124.csv
Instance_6_4_2_0__CP_WWS_EPS__eps_125,Instances/Tiny/Instance_6_4_2_0.txt,Tiny,cp_wws_eps,125,3600.0,results/raw/Instance_6_4_2_0__CP_WWS_EPS__eps_125.csv
Instance_6_4_2_0__LB_AP_EPS__eps_125,Instances/Tiny/Instance_6_4_2_0.txt,Tiny,lb_ap_eps,125,3600.0,results/raw/Instance_6_4_2_0__LB_AP_EPS__eps_125.csv
Instance_6_4_2_0__DECOMP_EPS__eps_125,Instances/Tiny/Instance_6_4_2_0.txt,Tiny,decomp_eps,125,3600.0,results/raw/Instance_6_4_2_0__DECOMP_EPS__eps_125.csv
Instance_6_4_2_0__CP_WWS_EPS__eps_126,Instances/Tiny/Instance_6_4_2_0.txt,Tiny,cp_wws_eps,126,3600.0,results/raw/Instance_6_4_2_0__CP_WWS_EPS__eps_126.csv
Instance_6_4_2_0__LB_AP_EPS__eps_126,Instances/Tiny/Instance_6_4_2_0.txt,Tiny,lb_ap_eps,126,3600.0,results/raw/Instance_6_4_2_0__LB_AP_EPS__eps_126.csv
Instance_6_4_2_0__DECOMP_EPS__eps_126,Instances/Tiny/Instance_6_4_2_0.txt,Tiny,decomp_eps,126,3600.0,results/raw/Instance_6_4_2_0__DECOMP_EPS__eps_126.csv
Instance_6_4_2_0__CP_WWS_EPS__eps_127,Instances/Tiny/Instance_6_4_2_0.txt,Tiny,cp_wws_eps,127,3600.0,results/raw/Instance_6_4_2_0__CP_WWS_EPS__eps_127.csv
Instance_6_4_2_0__LB_AP_EPS__eps_127,Instances/Tiny/Instance_6_4_2_0.txt,Tiny,lb_ap_eps,127,3600.0,results/raw/Instance_6_4_2_0__LB_AP_EPS__eps_127.csv
Instance_6_4_2_0__DECOMP_EPS__eps_127,Instances/Tiny/Instance_6_4_2_0.txt,Tiny,decomp_eps,127,3600.0,results/raw/Instance_6_4_2_0__DECOMP_EPS__eps_127.csv
Instance_6_4_2_0__CP_WWS_EPS__eps_128,Instances/Tiny/Instance_6_4_2_0.txt,Tiny,cp_wws_eps,128,3600.0,results/raw/Instance_6_4_2_0__CP_WWS_EPS__eps_128.csv
Instance_6_4_2_0__LB_AP_EPS__eps_128,Instances/Tiny/Instance_6_4_2_0.txt,Tiny,lb_ap_eps,128,3600.0,results/raw/Instance_6_4_2_0__LB_AP_EPS__eps_128.csv
Instance_6_4_2_0__DECOMP_EPS__eps_128,Instances/Tiny/Instance_6_4_2_0.txt,Tiny,decomp_eps,128,3600.0,results/raw/Instance_6_4_2_0__DECOMP_EPS__eps_128.csv
Instance_6_4_2_0__CP_WWS_EPS__eps_129,Instances/Tiny/Instance_6_4_2_0.txt,Tiny,cp_wws_eps,129,3600.0,results/raw/Instance_6_4_2_0__CP_WWS_EPS__eps_129.csv
Instance_6_4_2_0__LB_AP_EPS__eps_129,Instances/Tiny/Instance_6_4_2_0.txt,Tiny,lb_ap_eps,129,3600.0,results/raw/Instance_6_4_2_0__LB_AP_EPS__eps_129.csv
Instance_6_4_2_0__DECOMP_EPS__eps_129,Instances/Tiny/Instance_6_4_2_0.txt,Tiny,decomp_eps,129,3600.0,results/raw/Instance_6_4_2_0__DECOMP_EPS__eps_129.csv
Instance_6_4_2_0__CP_WWS_EPS__eps_130,Instances/Tiny/Instance_6_4_2_0.txt,Tiny,cp_wws_eps,130,3600.0,results/raw/Instance_6_4_2_0__CP_WWS_EPS__eps_130.csv
Instance_6_4_2_0__LB_AP_EPS__eps_130,Instances/Tiny/Instance_6_4_2_0.txt,Tiny,lb_ap_eps,130,3600.0,results/raw/Instance_6_4_2_0__LB_AP_EPS__eps_130.csv
Instance_6_4_2_0__DECOMP_EPS__eps_130,Instances/Tiny/Instance_6_4_2_0.txt,Tiny,decomp_eps,130,3600.0,results/raw/Instance_6_4_2_0__DECOMP_EPS__eps_130.csv
Instance_6_4_2_0__CP_WWS_EPS__eps_131,Instances/Tiny/Instance_6_4_2_0.txt,Tiny,cp_wws_eps,131,3600.0,results/raw/Instance_6_4_2_0__CP_WWS_EPS__eps_131.csv
Instance_6_4_2_0__LB_AP_EPS__eps_131,Instances/Tiny/Instance_6_4_2_0.txt,Tiny,lb_ap_eps,131,3600.0,results/raw/Instance_6_4_2_0__LB_AP_EPS__eps_131.csv
Instance_6_4_2_0__DECOMP_EPS__eps_131,Instances/Tiny/Instance_6_4_2_0.txt,Tiny,decomp_eps,131,3600.0,results/raw/Instance_6_4_2_0__DECOMP_EPS__eps_131.csv
Instance_6_4_2_0__CP_WWS_EPS__eps_132,Instances/Tiny/Instance_6_4_2_0.txt,Tiny,cp_wws_eps,132,3600.0,results/raw/Instance_6_4_2_0__CP_WWS_EPS__eps_132.csv
Instance_6_4_2_0__LB_AP_EPS__eps_132,Instances/Tiny/Instance_6_4_2_0.txt,Tiny,lb_ap_eps,132,3600.0,results/raw/Instance_6_4_2_0__LB_AP_EPS__eps_132.csv
Instance_6_4_2_0__DECOMP_EPS__eps_132,Instances/Tiny/Instance_6_4_2_0.txt,Tiny,decomp_eps,132,3600.0,results/raw/Instance_6_4_2_0__DECOMP_EPS__eps_132.csv
Instance_6_4_2_0__CP_WWS_EPS__eps_133,Instances/Tiny/Instance_6_4_2_0.txt,Tiny,cp_wws_eps,133,3600.0,results/raw/Instance_6_4_2_0__CP_WWS_EPS__eps_133.csv
Instance_6_4_2_0__LB_AP_EPS__eps_133,Instances/Tiny/Instance_6_4_2_0.txt,Tiny,lb_ap_eps,133,3600.0,results/raw/Instance_6_4_2_0__LB_AP_EPS__eps_133.csv
Instance_6_4_2_0__DECOMP_EPS__eps_133,Instances/Tiny/Instance_6_4_2_0.txt,Tiny,decomp_eps,133,3600.0,results/raw/Instance_6_4_2_0__DECOMP_EPS__eps_133.csv
Instance_6_4_2_0__CP_WWS_EPS__eps_134,Instances/Tiny/Instance_6_4_2_0.txt,Tiny,cp_wws_eps,134,3600.0,results/raw/Instance_6_4_2_0__CP_WWS_EPS__eps_134.csv
Instance_6_4_2_0__LB_AP_EPS__eps_134,Instances/Tiny/Instance_6_4_2_0.txt,Tiny,lb_ap_eps,134,3600.0,results/raw/Instance_6_4_2_0__LB_AP_EPS__eps_134.csv
Instance_6_4_2_0__DECOMP_EPS__eps_134,Instances/Tiny/Instance_6_4_2_0.txt,Tiny,decomp_eps,134,3600.0,results/raw/Instance_6_4_2_0__DECOMP_EPS__eps_134.csv
Instance_6_4_2_0__CP_WWS_EPS__eps_135,Instances/Tiny/Instance_6_4_2_0.txt,Tiny,cp_wws_eps,135,3600.0,results/raw/Instance_6_4_2_0__CP_WWS_EPS__eps_135.csv
Instance_6_4_2_0__LB_AP_EPS__eps_135,Instances/Tiny/Instance_6_4_2_0.txt,Tiny,lb_ap_eps,135,3600.0,results/raw/Instance_6_4_2_0__LB_AP_EPS__eps_135.csv
Instance_6_4_2_0__DECOMP_EPS__eps_135,Instances/Tiny/Instance_6_4_2_0.txt,Tiny,decomp_eps,135,3600.0,results/raw/Instance_6_4_2_0__DECOMP_EPS__eps_135.csv
Instance_6_4_2_0__CP_WWS_EPS__eps_136,Instances/Tiny/Instance_6_4_2_0.txt,Tiny,cp_wws_eps,136,3600.0,results/raw/Instance_6_4_2_0__CP_WWS_EPS__eps_136.csv
Instance_6_4_2_0__LB_AP_EPS__eps_136,Instances/Tiny/Instance_6_4_2_0.txt,Tiny,lb_ap_eps,136,3600.0,results/raw/Instance_6_4_2_0__LB_AP_EPS__eps_136.csv
Instance_6_4_2_0__DECOMP_EPS__eps_136,Instances/Tiny/Instance_6_4_2_0.txt,Tiny,decomp_eps,136,3600.0,results/raw/Instance_6_4_2_0__DECOMP_EPS__eps_136.csv
Instance_6_4_2_0__CP_WWS_EPS__eps_137,Instances/Tiny/Instance_6_4_2_0.txt,Tiny,cp_wws_eps,137,3600.0,results/raw/Instance_6_4_2_0__CP_WWS_EPS__eps_137.csv
Instance_6_4_2_0__LB_AP_EPS__eps_137,Instances/Tiny/Instance_6_4_2_0.txt,Tiny,lb_ap_eps,137,3600.0,results/raw/Instance_6_4_2_0__LB_AP_EPS__eps_137.csv
Instance_6_4_2_0__DECOMP_EPS__eps_137,Instances/Tiny/Instance_6_4_2_0.txt,Tiny,decomp_eps,137,3600.0,results/raw/Instance_6_4_2_0__DECOMP_EPS__eps_137.csv
Instance_6_4_2_0__CP_WWS_EPS__eps_138,Instances/Tiny/Instance_6_4_2_0.txt,Tiny,cp_wws_eps,138,3600.0,results/raw/Instance_6_4_2_0__CP_WWS_EPS__eps_138.csv
Instance_6_4_2_0__LB_AP_EPS__eps_138,Instances/Tiny/Instance_6_4_2_0.txt,Tiny,lb_ap_eps,138,3600.0,results/raw/Instance_6_4_2_0__LB_AP_EPS__eps_138.csv
Instance_6_4_2_0__DECOMP_EPS__eps_138,Instances/Tiny/Instance_6_4_2_0.txt,Tiny,decomp_eps,138,3600.0,results/raw/Instance_6_4_2_0__DECOMP_EPS__eps_138.csv
Instance_6_4_2_0__CP_WWS_EPS__eps_139,Instances/Tiny/Instance_6_4_2_0.txt,Tiny,cp_wws_eps,139,3600.0,results/raw/Instance_6_4_2_0__CP_WWS_EPS__eps_139.csv
Instance_6_4_2_0__LB_AP_EPS__eps_139,Instances/Tiny/Instance_6_4_2_0.txt,Tiny,lb_ap_eps,139,3600.0,results/raw/Instance_6_4_2_0__LB_AP_EPS__eps_139.csv
Instance_6_4_2_0__DECOMP_EPS__eps_139,Instances/Tiny/Instance_6_4_2_0.txt,Tiny,decomp_eps,139,3600.0,results/raw/Instance_6_4_2_0__DECOMP_EPS__eps_139.csv
Instance_6_4_2_0__CP_WWS_EPS__eps_140,Instances/Tiny/Instance_6_4_2_0.txt,Tiny,cp_wws_eps,140,3600.0,results/raw/Instance_6_4_2_0__CP_WWS_EPS__eps_140.csv
Instance_6_4_2_0__LB_AP_EPS__eps_140,Instances/Tiny/Instance_6_4_2_0.txt,Tiny,lb_ap_eps,140,3600.0,results/raw/Instance_6_4_2_0__LB_AP_EPS__eps_140.csv
Instance_6_4_2_0__DECOMP_EPS__eps_140,Instances/Tiny/Instance_6_4_2_0.txt,Tiny,decomp_eps,140,3600.0,results/raw/Instance_6_4_2_0__DECOMP_EPS__eps_140.csv
Instance_6_4_2_0__CP_WWS_EPS__eps_141,Instances/Tiny/Instance_6_4_2_0.txt,Tiny,cp_wws_eps,141,3600.0,results/raw/Instance_6_4_2_0__CP_WWS_EPS__eps_141.csv
Instance_6_4_2_0__LB_AP_EPS__eps_141,Instances/Tiny/Instance_6_4_2_0.txt,Tiny,lb_ap_eps,141,3600.0,results/raw/Instance_6_4_2_0__LB_AP_EPS__eps_141.csv
Instance_6_4_2_0__DECOMP_EPS__eps_141,Instances/Tiny/Instance_6_4_2_0.txt,Tiny,decomp_eps,141,3600.0,results/raw/Instance_6_4_2_0__DECOMP_EPS__eps_141.csv
Instance_6_4_2_0__CP_WWS_EPS__eps_142,Instances/Tiny/Instance_6_4_2_0.txt,Tiny,cp_wws_eps,142,3600.0,results/raw/Instance_6_4_2_0__CP_WWS_EPS__eps_142.csv
Instance_6_4_2_0__LB_AP_EPS__eps_142,Instances/Tiny/Instance_6_4_2_0.txt,Tiny,lb_ap_eps,142,3600.0,results/raw/Instance_6_4_2_0__LB_AP_EPS__eps_142.csv
Instance_6_4_2_0__DECOMP_EPS__eps_142,Instances/Tiny/Instance_6_4_2_0.txt,Tiny,decomp_eps,142,3600.0,results/raw/Instance_6_4_2_0__DECOMP_EPS__eps_142.csv
Instance_6_4_2_0__CP_WWS_EPS__eps_143,Instances/Tiny/Instance_6_4_2_0.txt,Tiny,cp_wws_eps,143,3600.0,results/raw/Instance_6_4_2_0__CP_WWS_EPS__eps_143.csv
Instance_6_4_2_0__LB_AP_EPS__eps_143,Instances/Tiny/Instance_6_4_2_0.txt,Tiny,lb_ap_eps,143,3600.0,results/raw/Instance_6_4_2_0__LB_AP_EPS__eps_143.csv
Instance_6_4_2_0__DECOMP_EPS__eps_143,Instances/Tiny/Instance_6_4_2_0.txt,Tiny,decomp_eps,143,3600.0,results/raw/Instance_6_4_2_0__DECOMP_EPS__eps_143.csv
Instance_6_4_2_0__CP_WWS_EPS__eps_144,Instances/Tiny/Instance_6_4_2_0.txt,Tiny,cp_wws_eps,144,3600.0,results/raw/Instance_6_4_2_0__CP_WWS_EPS__eps_144.csv
Instance_6_4_2_0__LB_AP_EPS__eps_144,Instances/Tiny/Instance_6_4_2_0.txt,Tiny,lb_ap_eps,144,3600.0,results/raw/Instance_6_4_2_0__LB_AP_EPS__eps_144.csv
Instance_6_4_2_0__DECOMP_EPS__eps_144,Instances/Tiny/Instance_6_4_2_0.txt,Tiny,decomp_eps,144,3600.0,results/raw/Instance_6_4_2_0__DECOMP_EPS__eps_144.csv
Instance_6_4_2_0__CP_WWS_EPS__eps_145,Instances/Tiny/Instance_6_4_2_0.txt,Tiny,cp_wws_eps,145,3600.0,results/raw/Instance_6_4_2_0__CP_WWS_EPS__eps_145.csv
Instance_6_4_2_0__LB_AP_EPS__eps_145,Instances/Tiny/Instance_6_4_2_0.txt,Tiny,lb_ap_eps,145,3600.0,results/raw/Instance_6_4_2_0__LB_AP_EPS__eps_145.csv
Instance_6_4_2_0__DECOMP_EPS__eps_145,Instances/Tiny/Instance_6_4_2_0.txt,Tiny,decomp_eps,145,3600.0,results/raw/Instance_6_4_2_0__DECOMP_EPS__eps_145.csv
Instance_6_4_2_0__CP_WWS_EPS__eps_146,Instances/Tiny/Instance_6_4_2_0.txt,Tiny,cp_wws_eps,146,3600.0,results/raw/Instance_6_4_2_0__CP_WWS_EPS__eps_146.csv
Instance_6_4_2_0__LB_AP_EPS__eps_146,Instances/Tiny/Instance_6_4_2_0.txt,Tiny,lb_ap_eps,146,3600.0,results/raw/Instance_6_4_2_0__LB_AP_EPS__eps_146.csv
Instance_6_4_2_0__DECOMP_EPS__eps_146,Instances/Tiny/Instance_6_4_2_0.txt,Tiny,decomp_eps,146,3600.0,results/raw/Instance_6_4_2_0__DECOMP_EPS__eps_146.csv
Instance_6_4_2_0__CP_WWS_EPS__eps_147,Instances/Tiny/Instance_6_4_2_0.txt,Tiny,cp_wws_eps,147,3600.0,results/raw/Instance_6_4_2_0__CP_WWS_EPS__eps_147.csv
Instance_6_4_2_0__LB_AP_EPS__eps_147,Instances/Tiny/Instance_6_4_2_0.txt,Tiny,lb_ap_eps,147,3600.0,results/raw/Instance_6_4_2_0__LB_AP_EPS__eps_147.csv
Instance_6_4_2_0__DECOMP_EPS__eps_147,Instances/Tiny/Instance_6_4_2_0.txt,Tiny,decomp_eps,147,3600.0,results/raw/Instance_6_4_2_0__DECOMP_EPS__eps_147.csv
Instance_6_4_2_0__CP_WWS_EPS__eps_148,Instances/Tiny/Instance_6_4_2_0.txt,Tiny,cp_wws_eps,148,3600.0,results/raw/Instance_6_4_2_0__CP_WWS_EPS__eps_148.csv
Instance_6_4_2_0__LB_AP_EPS__eps_148,Instances/Tiny/Instance_6_4_2_0.txt,Tiny,lb_ap_eps,148,3600.0,results/raw/Instance_6_4_2_0__LB_AP_EPS__eps_148.csv
Instance_6_4_2_0__DECOMP_EPS__eps_148,Instances/Tiny/Instance_6_4_2_0.txt,Tiny,decomp_eps,148,3600.0,results/raw/Instance_6_4_2_0__DECOMP_EPS__eps_148.csv
Instance_6_4_2_0__CP_WWS_EPS__eps_149,Instances/Tiny/Instance_6_4_2_0.txt,Tiny,cp_wws_eps,149,3600.0,results/raw/Instance_6_4_2_0__CP_WWS_EPS__eps_149.csv
Instance_6_4_2_0__LB_AP_EPS__eps_149,Instances/Tiny/Instance_6_4_2_0.txt,Tiny,lb_ap_eps,149,3600.0,results/raw/Instance_6_4_2_0__LB_AP_EPS__eps_149.csv
Instance_6_4_2_0__DECOMP_EPS__eps_149,Instances/Tiny/Instance_6_4_2_0.txt,Tiny,decomp_eps,149,3600.0,results/raw/Instance_6_4_2_0__DECOMP_EPS__eps_149.csv
Instance_6_4_2_0__CP_WWS_EPS__eps_150,Instances/Tiny/Instance_6_4_2_0.txt,Tiny,cp_wws_eps,150,3600.0,results/raw/Instance_6_4_2_0__CP_WWS_EPS__eps_150.csv
Instance_6_4_2_0__LB_AP_EPS__eps_150,Instances/Tiny/Instance_6_4_2_0.txt,Tiny,lb_ap_eps,150,3600.0,results/raw/Instance_6_4_2_0__LB_AP_EPS__eps_150.csv
Instance_6_4_2_0__DECOMP_EPS__eps_150,Instances/Tiny/Instance_6_4_2_0.txt,Tiny,decomp_eps,150,3600.0,results/raw/Instance_6_4_2_0__DECOMP_EPS__eps_150.csv
Instance_6_4_2_0__CP_WWS_EPS__eps_151,Instances/Tiny/Instance_6_4_2_0.txt,Tiny,cp_wws_eps,151,3600.0,results/raw/Instance_6_4_2_0__CP_WWS_EPS__eps_151.csv
Instance_6_4_2_0__LB_AP_EPS__eps_151,Instances/Tiny/Instance_6_4_2_0.txt,Tiny,lb_ap_eps,151,3600.0,results/raw/Instance_6_4_2_0__LB_AP_EPS__eps_151.csv
Instance_6_4_2_0__DECOMP_EPS__eps_151,Instances/Tiny/Instance_6_4_2_0.txt,Tiny,decomp_eps,151,3600.0,results/raw/Instance_6_4_2_0__DECOMP_EPS__eps_151.csv
Instance_6_4_2_0__CP_WWS_EPS__eps_152,Instances/Tiny/Instance_6_4_2_0.txt,Tiny,cp_wws_eps,152,3600.0,results/raw/Instance_6_4_2_0__CP_WWS_EPS__eps_152.csv
Instance_6_4_2_0__LB_AP_EPS__eps_152,Instances/Tiny/Instance_6_4_2_0.txt,Tiny,lb_ap_eps,152,3600.0,results/raw/Instance_6_4_2_0__LB_AP_EPS__eps_152.csv
Instance_6_4_2_0__DECOMP_EPS__eps_152,Instances/Tiny/Instance_6_4_2_0.txt,Tiny,decomp_eps,152,3600.0,results/raw/Instance_6_4_2_0__DECOMP_EPS__eps_152.csv
Instance_6_4_2_0__CP_WWS_EPS__eps_153,Instances/Tiny/Instance_6_4_2_0.txt,Tiny,cp_wws_eps,153,3600.0,results/raw/Instance_6_4_2_0__CP_WWS_EPS__eps_153.csv
Instance_6_4_2_0__LB_AP_EPS__eps_153,Instances/Tiny/Instance_6_4_2_0.txt,Tiny,lb_ap_eps,153,3600.0,results/raw/Instance_6_4_2_0__LB_AP_EPS__eps_153.csv
Instance_6_4_2_0__DECOMP_EPS__eps_153,Instances/Tiny/Instance_6_4_2_0.txt,Tiny,decomp_eps,153,3600.0,results/raw/Instance_6_4_2_0__DECOMP_EPS__eps_153.csv
Instance_6_4_2_0__CP_WWS_EPS__eps_154,Instances/Tiny/Instance_6_4_2_0.txt,Tiny,cp_wws_eps,154,3600.0,results/raw/Instance_6_4_2_0__CP_WWS_EPS__eps_154.csv
Instance_6_4_2_0__LB_AP_EPS__eps_154,Instances/Tiny/Instance_6_4_2_0.txt,Tiny,lb_ap_eps,154,3600.0,results/raw/Instance_6_4_2_0__LB_AP_EPS__eps_154.csv
Instance_6_4_2_0__DECOMP_EPS__eps_154,Instances/Tiny/Instance_6_4_2_0.txt,Tiny,decomp_eps,154,3600.0,results/raw/Instance_6_4_2_0__DECOMP_EPS__eps_154.csv
Instance_6_4_2_0__CP_WWS_EPS__eps_155,Instances/Tiny/Instance_6_4_2_0.txt,Tiny,cp_wws_eps,155,3600.0,results/raw/Instance_6_4_2_0__CP_WWS_EPS__eps_155.csv
Instance_6_4_2_0__LB_AP_EPS__eps_155,Instances/Tiny/Instance_6_4_2_0.txt,Tiny,lb_ap_eps,155,3600.0,results/raw/Instance_6_4_2_0__LB_AP_EPS__eps_155.csv
Instance_6_4_2_0__DECOMP_EPS__eps_155,Instances/Tiny/Instance_6_4_2_0.txt,Tiny,decomp_eps,155,3600.0,results/raw/Instance_6_4_2_0__DECOMP_EPS__eps_155.csv
Instance_6_4_2_0__CP_WWS_EPS__eps_156,Instances/Tiny/Instance_6_4_2_0.txt,Tiny,cp_wws_eps,156,3600.0,results/raw/Instance_6_4_2_0__CP_WWS_EPS__eps_156.csv
Instance_6_4_2_0__LB_AP_EPS__eps_156,Instances/Tiny/Instance_6_4_2_0.txt,Tiny,lb_ap_eps,156,3600.0,results/raw/Instance_6_4_2_0__LB_AP_EPS__eps_156.csv
Instance_6_4_2_0__DECOMP_EPS__eps_156,Instances/Tiny/Instance_6_4_2_0.txt,Tiny,decomp_eps,156,3600.0,results/raw/Instance_6_4_2_0__DECOMP_EPS__eps_156.csv
Instance_6_4_2_0__CP_WWS_EPS__eps_157,Instances/Tiny/Instance_6_4_2_0.txt,Tiny,cp_wws_eps,157,3600.0,results/raw/Instance_6_4_2_0__CP_WWS_EPS__eps_157.csv
Instance_6_4_2_0__LB_AP_EPS__eps_157,Instances/Tiny/Instance_6_4_2_0.txt,Tiny,lb_ap_eps,157,3600.0,results/raw/Instance_6_4_2_0__LB_AP_EPS__eps_157.csv
Instance_6_4_2_0__DECOMP_EPS__eps_157,Instances/Tiny/Instance_6_4_2_0.txt,Tiny,decomp_eps,157,3600.0,results/raw/Instance_6_4_2_0__DECOMP_EPS__eps_157.csv
Instance_6_4_2_0__CP_WWS_EPS__eps_158,Instances/Tiny/Instance_6_4_2_0.txt,Tiny,cp_wws_eps,158,3600.0,results/raw/Instance_6_4_2_0__CP_WWS_EPS__eps_158.csv
Instance_6_4_2_0__LB_AP_EPS__eps_158,Instances/Tiny/Instance_6_4_2_0.txt,Tiny,lb_ap_eps,158,3600.0,results/raw/Instance_6_4_2_0__LB_AP_EPS__eps_158.csv
Instance_6_4_2_0__DECOMP_EPS__eps_158,Instances/Tiny/Instance_6_4_2_0.txt,Tiny,decomp_eps,158,3600.0,results/raw/Instance_6_4_2_0__DECOMP_EPS__eps_158.csv
Instance_6_4_2_0__CP_WWS_EPS__eps_159,Instances/Tiny/Instance_6_4_2_0.txt,Tiny,cp_wws_eps,159,3600.0,results/raw/Instance_6_4_2_0__CP_WWS_EPS__eps_159.csv
Instance_6_4_2_0__LB_AP_EPS__eps_159,Instances/Tiny/Instance_6_4_2_0.txt,Tiny,lb_ap_eps,159,3600.0,results/raw/Instance_6_4_2_0__LB_AP_EPS__eps_159.csv
Instance_6_4_2_0__DECOMP_EPS__eps_159,Instances/Tiny/Instance_6_4_2_0.txt,Tiny,decomp_eps,159,3600.0,results/raw/Instance_6_4_2_0__DECOMP_EPS__eps_159.csv
Instance_6_4_2_0__CP_WWS_EPS__eps_160,Instances/Tiny/Instance_6_4_2_0.txt,Tiny,cp_wws_eps,160,3600.0,results/raw/Instance_6_4_2_0__CP_WWS_EPS__eps_160.csv
Instance_6_4_2_0__LB_AP_EPS__eps_160,Instances/Tiny/Instance_6_4_2_0.txt,Tiny,lb_ap_eps,160,3600.0,results/raw/Instance_6_4_2_0__LB_AP_EPS__eps_160.csv
Instance_6_4_2_0__DECOMP_EPS__eps_160,Instances/Tiny/Instance_6_4_2_0.txt,Tiny,decomp_eps,160,3600.0,results/raw/Instance_6_4_2_0__DECOMP_EPS__eps_160.csv
Instance_6_4_2_0__CP_WWS_EPS__eps_161,Instances/Tiny/Instance_6_4_2_0.txt,Tiny,cp_wws_eps,161,3600.0,results/raw/Instance_6_4_2_0__CP_WWS_EPS__eps_161.csv
Instance_6_4_2_0__LB_AP_EPS__eps_161,Instances/Tiny/Instance_6_4_2_0.txt,Tiny,lb_ap_eps,161,3600.0,results/raw/Instance_6_4_2_0__LB_AP_EPS__eps_161.csv
Instance_6_4_2_0__DECOMP_EPS__eps_161,Instances/Tiny/Instance_6_4_2_0.txt,Tiny,decomp_eps,161,3600.0,results/raw/Instance_6_4_2_0__DECOMP_EPS__eps_161.csv
Instance_6_4_2_0__CP_WWS_EPS__eps_162,Instances/Tiny/Instance_6_4_2_0.txt,Tiny,cp_wws_eps,162,3600.0,results/raw/Instance_6_4_2_0__CP_WWS_EPS__eps_162.csv
Instance_6_4_2_0__LB_AP_EPS__eps_162,Instances/Tiny/Instance_6_4_2_0.txt,Tiny,lb_ap_eps,162,3600.0,results/raw/Instance_6_4_2_0__LB_AP_EPS__eps_162.csv
Instance_6_4_2_0__DECOMP_EPS__eps_162,Instances/Tiny/Instance_6_4_2_0.txt,Tiny,decomp_eps,162,3600.0,results/raw/Instance_6_4_2_0__DECOMP_EPS__eps_162.csv
Instance_6_4_2_0__CP_WWS_EPS__eps_163,Instances/Tiny/Instance_6_4_2_0.txt,Tiny,cp_wws_eps,163,3600.0,results/raw/Instance_6_4_2_0__CP_WWS_EPS__eps_163.csv
Instance_6_4_2_0__LB_AP_EPS__eps_163,Instances/Tiny/Instance_6_4_2_0.txt,Tiny,lb_ap_eps,163,3600.0,results/raw/Instance_6_4_2_0__LB_AP_EPS__eps_163.csv
Instance_6_4_2_0__DECOMP_EPS__eps_163,Instances/Tiny/Instance_6_4_2_0.txt,Tiny,decomp_eps,163,3600.0,results/raw/Instance_6_4_2_0__DECOMP_EPS__eps_163.csv
Instance_6_4_2_0__CP_WWS_EPS__eps_164,Instances/Tiny/Instance_6_4_2_0.txt,Tiny,cp_wws_eps,164,3600.0,results/raw/Instance_6_4_2_0__CP_WWS_EPS__eps_164.csv
Instance_6_4_2_0__LB_AP_EPS__eps_164,Instances/Tiny/Instance_6_4_2_0.txt,Tiny,lb_ap_eps,164,3600.0,results/raw/Instance_6_4_2_0__LB_AP_EPS__eps_164.csv
Instance_6_4_2_0__DECOMP_EPS__eps_164,Instances/Tiny/Instance_6_4_2_0.txt,Tiny,decomp_eps,164,3600.0,results/raw/Instance_6_4_2_0__DECOMP_EPS__eps_164.csv
Instance_6_4_2_0__CP_WWS_EPS__eps_165,Instances/Tiny/Instance_6_4_2_0.txt,Tiny,cp_wws_eps,165,3600.0,results/raw/Instance_6_4_2_0__CP_WWS_EPS__eps_165.csv
Instance_6_4_2_0__LB_AP_EPS__eps_165,Instances/Tiny/Instance_6_4_2_0.txt,Tiny,lb_ap_eps,165,3600.0,results/raw/Instance_6_4_2_0__LB_AP_EPS__eps_165.csv
Instance_6_4_2_0__DECOMP_EPS__eps_165,Instances/Tiny/Instance_6_4_2_0.txt,Tiny,decomp_eps,165,3600.0,results/raw/Instance_6_4_2_0__DECOMP_EPS__eps_165.csv
Instance_6_4_2_0__CP_WWS_EPS__eps_166,Instances/Tiny/Instance_6_4_2_0.txt,Tiny,cp_wws_eps,166,3600.0,results/raw/Instance_6_4_2_0__CP_WWS_EPS__eps_166.csv
Instance_6_4_2_0__LB_AP_EPS__eps_166,Instances/Tiny/Instance_6_4_2_0.txt,Tiny,lb_ap_eps,166,3600.0,results/raw/Instance_6_4_2_0__LB_AP_EPS__eps_166.csv
Instance_6_4_2_0__DECOMP_EPS__eps_166,Instances/Tiny/Instance_6_4_2_0.txt,Tiny,decomp_eps,166,3600.0,results/raw/Instance_6_4_2_0__DECOMP_EPS__eps_166.csv
Instance_6_4_2_0__CP_WWS_EPS__eps_167,Instances/Tiny/Instance_6_4_2_0.txt,Tiny,cp_wws_eps,167,3600.0,results/raw/Instance_6_4_2_0__CP_WWS_EPS__eps_167.csv
Instance_6_4_2_0__LB_AP_EPS__eps_167,Instances/Tiny/Instance_6_4_2_0.txt,Tiny,lb_ap_eps,167,3600.0,results/raw/Instance_6_4_2_0__LB_AP_EPS__eps_167.csv
Instance_6_4_2_0__DECOMP_EPS__eps_167,Instances/Tiny/Instance_6_4_2_0.txt,Tiny,decomp_eps,167,3600.0,results/raw/Instance_6_4_2_0__DECOMP_EPS__eps_167.csv
Instance_6_4_2_0__CP_WWS_EPS__eps_168,Instances/Tiny/Instance_6_4_2_0.txt,Tiny,cp_wws_eps,168,3600.0,results/raw/Instance_6_4_2_0__CP_WWS_EPS__eps_168.csv
Instance_6_4_2_0__LB_AP_EPS__eps_168,Instances/Tiny/Instance_6_4_2_0.txt,Tiny,lb_ap_eps,168,3600.0,results/raw/Instance_6_4_2_0__LB_AP_EPS__eps_168.csv
Instance_6_4_2_0__DECOMP_EPS__eps_168,Instances/Tiny/Instance_6_4_2_0.txt,Tiny,decomp_eps,168,3600.0,results/raw/Instance_6_4_2_0__DECOMP_EPS__eps_168.csv
Instance_6_4_2_0__CP_WWS_EPS__eps_169,Instances/Tiny/Instance_6_4_2_0.txt,Tiny,cp_wws_eps,169,3600.0,results/raw/Instance_6_4_2_0__CP_WWS_EPS__eps_169.csv
Instance_6_4_2_0__LB_AP_EPS__eps_169,Instances/Tiny/Instance_6_4_2_0.txt,Tiny,lb_ap_eps,169,3600.0,results/raw/Instance_6_4_2_0__LB_AP_EPS__eps_169.csv
Instance_6_4_2_0__DECOMP_EPS__eps_169,Instances/Tiny/Instance_6_4_2_0.txt,Tiny,decomp_eps,169,3600.0,results/raw/Instance_6_4_2_0__DECOMP_EPS__eps_169.csv
Instance_6_4_2_0__CP_WWS_EPS__eps_170,Instances/Tiny/Instance_6_4_2_0.txt,Tiny,cp_wws_eps,170,3600.0,results/raw/Instance_6_4_2_0__CP_WWS_EPS__eps_170.csv
Instance_6_4_2_0__LB_AP_EPS__eps_170,Instances/Tiny/Instance_6_4_2_0.txt,Tiny,lb_ap_eps,170,3600.0,results/raw/Instance_6_4_2_0__LB_AP_EPS__eps_170.csv
Instance_6_4_2_0__DECOMP_EPS__eps_170,Instances/Tiny/Instance_6_4_2_0.txt,Tiny,decomp_eps,170,3600.0,results/raw/Instance_6_4_2_0__DECOMP_EPS__eps_170.csv
Instance_6_4_2_1__CP_WWS_EPS__eps_121,Instances/Tiny/Instance_6_4_2_1.txt,Tiny,cp_wws_eps,121,3600.0,results/raw/Instance_6_4_2_1__CP_WWS_EPS__eps_121.csv
Instance_6_4_2_1__LB_AP_EPS__eps_121,Instances/Tiny/Instance_6_4_2_1.txt,Tiny,lb_ap_eps,121,3600.0,results/raw/Instance_6_4_2_1__LB_AP_EPS__eps_121.csv
Instance_6_4_2_1__DECOMP_EPS__eps_121,Instances/Tiny/Instance_6_4_2_1.txt,Tiny,decomp_eps,121,3600.0,results/raw/Instance_6_4_2_1__DECOMP_EPS__eps_121.csv
Instance_6_4_2_1__CP_WWS_EPS__eps_122,Instances/Tiny/Instance_6_4_2_1.txt,Tiny,cp_wws_eps,122,3600.0,results/raw/Instance_6_4_2_1__CP_WWS_EPS__eps_122.csv
Instance_6_4_2_1__LB_AP_EPS__eps_122,Instances/Tiny/Instance_6_4_2_1.txt,Tiny,lb_ap_eps,122,3600.0,results/raw/Instance_6_4_2_1__LB_AP_EPS__eps_122.csv
Instance_6_4_2_1__DECOMP_EPS__eps_122,Instances/Tiny/Instance_6_4_2_1.txt,Tiny,decomp_eps,122,3600.0,results/raw/Instance_6_4_2_1__DECOMP_EPS__eps_122.csv
Instance_6_4_2_1__CP_WWS_EPS__eps_123,Instances/Tiny/Instance_6_4_2_1.txt,Tiny,cp_wws_eps,123,3600.0,results/raw/Instance_6_4_2_1__CP_WWS_EPS__eps_123.csv
Instance_6_4_2_1__LB_AP_EPS__eps_123,Instances/Tiny/Instance_6_4_2_1.txt,Tiny,lb_ap_eps,123,3600.0,results/raw/Instance_6_4_2_1__LB_AP_EPS__eps_123.csv
Instance_6_4_2_1__DECOMP_EPS__eps_123,Instances/Tiny/Instance_6_4_2_1.txt,Tiny,decomp_eps,123,3600.0,results/raw/Instance_6_4_2_1__DECOMP_EPS__eps_123.csv
Instance_6_4_2_1__CP_WWS_EPS__eps_124,Instances/Tiny/Instance_6_4_2_1.txt,Tiny,cp_wws_eps,124,3600.0,results/raw/Instance_6_4_2_1__CP_WWS_EPS__eps_124.csv
Instance_6_4_2_1__LB_AP_EPS__eps_124,Instances/Tiny/Instance_6_4_2_1.txt,Tiny,lb_ap_eps,124,3600.0,results/raw/Instance_6_4_2_1__LB_AP_EPS__eps_124.csv
Instance_6_4_2_1__DECOMP_EPS__eps_124,Instances/Tiny/Instance_6_4_2_1.txt,Tiny,decomp_eps,124,3600.0,results/raw/Instance_6_4_2_1__DECOMP_EPS__eps_124.csv
Instance_6_4_2_1__CP_WWS_EPS__eps_125,Instances/Tiny/Instance_6_4_2_1.txt,Tiny,cp_wws_eps,125,3600.0,results/raw/Instance_6_4_2_1__CP_WWS_EPS__eps_125.csv
Instance_6_4_2_1__LB_AP_EPS__eps_125,Instances/Tiny/Instance_6_4_2_1.txt,Tiny,lb_ap_eps,125,3600.0,results/raw/Instance_6_4_2_1__LB_AP_EPS__eps_125.csv
Instance_6_4_2_1__DECOMP_EPS__eps_125,Instances/Tiny/Instance_6_4_2_1.txt,Tiny,decomp_eps,125,3600.0,results/raw/Instance_6_4_2_1__DECOMP_EPS__eps_125.csv
Instance_6_4_2_1__CP_WWS_EPS__eps_126,Instances/Tiny/Instance_6_4_2_1.txt,Tiny,cp_wws_eps,126,3600.0,results/raw/Instance_6_4_2_1__CP_WWS_EPS__eps_126.csv
Instance_6_4_2_1__LB_AP_EPS__eps_126,Instances/Tiny/Instance_6_4_2_1.txt,Tiny,lb_ap_eps,126,3600.0,results/raw/Instance_6_4_2_1__LB_AP_EPS__eps_126.csv
Instance_6_4_2_1__DECOMP_EPS__eps_126,Instances/Tiny/Instance_6_4_2_1.txt,Tiny,decomp_eps,126,3600.0,results/raw/Instance_6_4_2_1__DECOMP_EPS__eps_126.csv
Instance_6_4_2_1__CP_WWS_EPS__eps_127,Instances/Tiny/Instance_6_4_2_1.txt,Tiny,cp_wws_eps,127,3600.0,results/raw/Instance_6_4_2_1__CP_WWS_EPS__eps_127.csv
Instance_6_4_2_1__LB_AP_EPS__eps_127,Instances/Tiny/Instance_6_4_2_1.txt,Tiny,lb_ap_eps,127,3600.0,results/raw/Instance_6_4_2_1__LB_AP_EPS__eps_127.csv
Instance_6_4_2_1__DECOMP_EPS__eps_127,Instances/Tiny/Instance_6_4_2_1.txt,Tiny,decomp_eps,127,3600.0,results/raw/Instance_6_4_2_1__DECOMP_EPS__eps_127.csv
Instance_6_4_2_1__CP_WWS_EPS__eps_128,Instances/Tiny/Instance_6_4_2_1.txt,Tiny,cp_wws_eps,128,3600.0,results/raw/Instance_6_4_2_1__CP_WWS_EPS__eps_128.csv
Instance_6_4_2_1__LB_AP_EPS__eps_128,Instances/Tiny/Instance_6_4_2_1.txt,Tiny,lb_ap_eps,128,3600.0,results/raw/Instance_6_4_2_1__LB_AP_EPS__eps_128.csv
Instance_6_4_2_1__DECOMP_EPS__eps_128,Instances/Tiny/Instance_6_4_2_1.txt,Tiny,decomp_eps,128,3600.0,results/raw/Instance_6_4_2_1__DECOMP_EPS__eps_128.csv
Instance_6_4_2_1__CP_WWS_EPS__eps_129,Instances/Tiny/Instance_6_4_2_1.txt,Tiny,cp_wws_eps,129,3600.0,results/raw/Instance_6_4_2_1__CP_WWS_EPS__eps_129.csv
Instance_6_4_2_1__LB_AP_EPS__eps_129,Instances/Tiny/Instance_6_4_2_1.txt,Tiny,lb_ap_eps,129,3600.0,results/raw/Instance_6_4_2_1__LB_AP_EPS__eps_129.csv
Instance_6_4_2_1__DECOMP_EPS__eps_129,Instances/Tiny/Instance_6_4_2_1.txt,Tiny,decomp_eps,129,3600.0,results/raw/Instance_6_4_2_1__DECOMP_EPS__eps_129.csv
Instance_6_4_2_1__CP_WWS_EPS__eps_130,Instances/Tiny/Instance_6_4_2_1.txt,Tiny,cp_wws_eps,130,3600.0,results/raw/Instance_6_4_2_1__CP_WWS_EPS__eps_130.csv
Instance_6_4_2_1__LB_AP_EPS__eps_130,Instances/Tiny/Instance_6_4_2_1.txt,Tiny,lb_ap_eps,130,3600.0,results/raw/Instance_6_4_2_1__LB_AP_EPS__eps_130.csv
Instance_6_4_2_1__DECOMP_EPS__eps_130,Instances/Tiny/Instance_6_4_2_1.txt,Tiny,decomp_eps,130,3600.0,results/raw/Instance_6_4_2_1__DECOMP_EPS__eps_130.csv
Instance_6_4_2_1__CP_WWS_EPS__eps_131,Instances/Tiny/Instance_6_4_2_1.txt,Tiny,cp_wws_eps,131,3600.0,results/raw/Instance_6_4_2_1__CP_WWS_EPS__eps_131.csv
Instance_6_4_2_1__LB_AP_EPS__eps_131,Instances/Tiny/Instance_6_4_2_1.txt,Tiny,lb_ap_eps,131,3600.0,results/raw/Instance_6_4_2_1__LB_AP_EPS__eps_131.csv
Instance_6_4_2_1__DECOMP_EPS__eps_131,Instances/Tiny/Instance_6_4_2_1.txt,Tiny,decomp_eps,131,3600.0,results/raw/Instance_6_4_2_1__DECOMP_EPS__eps_131.csv
Instance_6_4_2_1__CP_WWS_EPS__eps_132,Instances/Tiny/Instance_6_4_2_1.txt,Tiny,cp_wws_eps,132,3600.0,results/raw/Instance_6_4_2_1__CP_WWS_EPS__eps_132.csv
Instance_6_4_2_1__LB_AP_EPS__eps_132,Instances/Tiny/Instance_6_4_2_1.txt,Tiny,lb_ap_eps,132,3600.0,results/raw/Instance_6_4_2_1__LB_AP_EPS__eps_132.csv
Instance_6_4_2_1__DECOMP_EPS__eps_132,Instances/Tiny/Instance_6_4_2_1.txt,Tiny,decomp_eps,132,3600.0,results/raw/Instance_6_4_2_1__DECOMP_EPS__eps_132.csv
Instance_6_4_2_1__CP_WWS_EPS__eps_133,Instances/Tiny/Instance_6_4_2_1.txt,Tiny,cp_wws_eps,133,3600.0,results/raw/Instance_6_4_2_1__CP_WWS_EPS__eps_133.csv
Instance_6_4_2_1__LB_AP_EPS__eps_133,Instances/Tiny/Instance_6_4_2_1.txt,Tiny,lb_ap_eps,133,3600.0,results/raw/Instance_6_4_2_1__LB_AP_EPS__eps_133.csv
Instance_6_4_2_1__DECOMP_EPS__eps_133,Instances/Tiny/Instance_6_4_2_1.txt,Tiny,decomp_eps,133,3600.0,results/raw/Instance_6_4_2_1__DECOMP_EPS__eps_133.csv
Instance_6_4_2_1__CP_WWS_EPS__eps_134,Instances/Tiny/Instance_6_4_2_1.txt,Tiny,cp_wws_eps,134,3600.0,results/raw/Instance_6_4_2_1__CP_WWS_EPS__eps_134.csv
Instance_6_4_2_1__LB_AP_EPS__eps_134,Instances/Tiny/Instance_6_4_2_1.txt,Tiny,lb_ap_eps,134,3600.0,results/raw/Instance_6_4_2_1__LB_AP_EPS__eps_134.csv
Instance_6_4_2_1__DECOMP_EPS__eps_134,Instances/Tiny/Instance_6_4_2_1.txt,Tiny,decomp_eps,134,3600.0,results/raw/Instance_6_4_2_1__DECOMP_EPS__eps_134.csv
Instance_6_4_2_1__CP_WWS_EPS__eps_135,Instances/Tiny/Instance_6_4_2_1.txt,Tiny,cp_wws_eps,135,3600.0,results/raw/Instance_6_4_2_1__CP_WWS_EPS__eps_135.csv
Instance_6_4_2_1__LB_AP_EPS__eps_135,Instances/Tiny/Instance_6_4_2_1.txt,Tiny,lb_ap_eps,135,3600.0,results/raw/Instance_6_4_2_1__LB_AP_EPS__eps_135.csv
Instance_6_4_2_1__DECOMP_EPS__eps_135,Instances/Tiny/Instance_6_4_2_1.txt,Tiny,decomp_eps,135,3600.0,results/raw/Instance_6_4_2_1__DECOMP_EPS__eps_135.csv
Instance_6_4_2_1__CP_WWS_EPS__eps_136,Instances/Tiny/Instance_6_4_2_1.txt,Tiny,cp_wws_eps,136,3600.0,results/raw/Instance_6_4_2_1__CP_WWS_EPS__eps_136.csv
Instance_6_4_2_1__LB_AP_EPS__eps_136,Instances/Tiny/Instance_6_4_2_1.txt,Tiny,lb_ap_eps,136,3600.0,results/raw/Instance_6_4_2_1__LB_AP_EPS__eps_136.csv
Instance_6_4_2_1__DECOMP_EPS__eps_136,Instances/Tiny/Instance_6_4_2_1.txt,Tiny,decomp_eps,136,3600.0,results/raw/Instance_6_4_2_1__DECOMP_EPS__eps_136.csv
Instance_6_4_2_1__CP_WWS_EPS__eps_137,Instances/Tiny/Instance_6_4_2_1.txt,Tiny,cp_wws_eps,137,3600.0,results/raw/Instance_6_4_2_1__CP_WWS_EPS__eps_137.csv
Instance_6_4_2_1__LB_AP_EPS__eps_137,Instances/Tiny/Instance_6_4_2_1.txt,Tiny,lb_ap_eps,137,3600.0,results/raw/Instance_6_4_2_1__LB_AP_EPS__eps_137.csv
Instance_6_4_2_1__DECOMP_EPS__eps_137,Instances/Tiny/Instance_6_4_2_1.txt,Tiny,decomp_eps,137,3600.0,results/raw/Instance_6_4_2_1__DECOMP_EPS__eps_137.csv
Instance_6_4_2_1__CP_WWS_EPS__eps_138,Instances/Tiny/Instance_6_4_2_1.txt,Tiny,cp_wws_eps,138,3600.0,results/raw/Instance_6_4_2_1__CP_WWS_EPS__eps_138.csv
Instance_6_4_2_1__LB_AP_EPS__eps_138,Instances/Tiny/Instance_6_4_2_1.txt,Tiny,lb_ap_eps,138,3600.0,results/raw/Instance_6_4_2_1__LB_AP_EPS__eps_138.csv
Instance_6_4_2_1__DECOMP_EPS__eps_138,Instances/Tiny/Instance_6_4_2_1.txt,Tiny,decomp_eps,138,3600.0,results/raw/Instance_6_4_2_1__DECOMP_EPS__eps_138.csv
Instance_6_4_2_1__CP_WWS_EPS__eps_139,Instances/Tiny/Instance_6_4_2_1.txt,Tiny,cp_wws_eps,139,3600.0,results/raw/Instance_6_4_2_1__CP_WWS_EPS__eps_139.csv
Instance_6_4_2_1__LB_AP_EPS__eps_139,Instances/Tiny/Instance_6_4_2_1.txt,Tiny,lb_ap_eps,139,3600.0,results/raw/Instance_6_4_2_1__LB_AP_EPS__eps_139.csv
Instance_6_4_2_1__DECOMP_EPS__eps_139,Instances/Tiny/Instance_6_4_2_1.txt,Tiny,decomp_eps,139,3600.0,results/raw/Instance_6_4_2_1__DECOMP_EPS__eps_139.csv
Instance_6_4_2_1__CP_WWS_EPS__eps_140,Instances/Tiny/Instance_6_4_2_1.txt,Tiny,cp_wws_eps,140,3600.0,results/raw/Instance_6_4_2_1__CP_WWS_EPS__eps_140.csv
Instance_6_4_2_1__LB_AP_EPS__eps_140,Instances/Tiny/Instance_6_4_2_1.txt,Tiny,lb_ap_eps,140,3600.0,results/raw/Instance_6_4_2_1__LB_AP_EPS__eps_140.csv
Instance_6_4_2_1__DECOMP_EPS__eps_140,Instances/Tiny/Instance_6_4_2_1.txt,Tiny,decomp_eps,140,3600.0,results/raw/Instance_6_4_2_1__DECOMP_EPS__eps_140.csv
Instance_6_4_2_1__CP_WWS_EPS__eps_141,Instances/Tiny/Instance_6_4_2_1.txt,Tiny,cp_wws_eps,141,3600.0,results/raw/Instance_6_4_2_1__CP_WWS_EPS__eps_141.csv
Instance_6_4_2_1__LB_AP_EPS__eps_141,Instances/Tiny/Instance_6_4_2_1.txt,Tiny,lb_ap_eps,141,3600.0,results/raw/Instance_6_4_2_1__LB_AP_EPS__eps_141.csv
Instance_6_4_2_1__DECOMP_EPS__eps_141,Instances/Tiny/Instance_6_4_2_1.txt,Tiny,decomp_eps,141,3600.0,results/raw/Instance_6_4_2_1__DECOMP_EPS__eps_141.csv
Instance_6_4_2_1__CP_WWS_EPS__eps_142,Instances/Tiny/Instance_6_4_2_1.txt,Tiny,cp_wws_eps,142,3600.0,results/raw/Instance_6_4_2_1__CP_WWS_EPS__eps_142.csv
Instance_6_4_2_1__LB_AP_EPS__eps_142,Instances/Tiny/Instance_6_4_2_1.txt,Tiny,lb_ap_eps,142,3600.0,results/raw/Instance_6_4_2_1__LB_AP_EPS__eps_142.csv
Instance_6_4_2_1__DECOMP_EPS__eps_142,Instances/Tiny/Instance_6_4_2_1.txt,Tiny,decomp_eps,142,3600.0,results/raw/Instance_6_4_2_1__DECOMP_EPS__eps_142.csv
Instance_6_4_2_1__CP_WWS_EPS__eps_143,Instances/Tiny/Instance_6_4_2_1.txt,Tiny,cp_wws_eps,143,3600.0,results/raw/Instance_6_4_2_1__CP_WWS_EPS__eps_143.csv
Instance_6_4_2_1__LB_AP_EPS__eps_143,Instances/Tiny/Instance_6_4_2_1.txt,Tiny,lb_ap_eps,143,3600.0,results/raw/Instance_6_4_2_1__LB_AP_EPS__eps_143.csv
Instance_6_4_2_1__DECOMP_EPS__eps_143,Instances/Tiny/Instance_6_4_2_1.txt,Tiny,decomp_eps,143,3600.0,results/raw/Instance_6_4_2_1__DECOMP_EPS__eps_143.csv
Instance_6_4_2_1__CP_WWS_EPS__eps_144,Instances/Tiny/Instance_6_4_2_1.txt,Tiny,cp_wws_eps,144,3600.0,results/raw/Instance_6_4_2_1__CP_WWS_EPS__eps_144.csv
Instance_6_4_2_1__LB_AP_EPS__eps_144,Instances/Tiny/Instance_6_4_2_1.txt,Tiny,lb_ap_eps,144,3600.0,results/raw/Instance_6_4_2_1__LB_AP_EPS__eps_144.csv
Instance_6_4_2_1__DECOMP_EPS__eps_144,Instances/Tiny/Instance_6_4_2_1.txt,Tiny,decomp_eps,144,3600.0,results/raw/Instance_6_4_2_1__DECOMP_EPS__eps_144.csv
Instance_6_4_2_1__CP_WWS_EPS__eps_145,Instances/Tiny/Instance_6_4_2_1.txt,Tiny,cp_wws_eps,145,3600.0,results/raw/Instance_6_4_2_1__CP_WWS_EPS__eps_145.csv
Instance_6_4_2_1__LB_AP_EPS__eps_145,Instances/Tiny/Instance_6_4_2_1.txt,Tiny,lb_ap_eps,145,3600.0,results/raw/Instance_6_4_2_1__LB_AP_EPS__eps_145.csv
Instance_6_4_2_1__DECOMP_EPS__eps_145,Instances/Tiny/Instance_6_4_2_1.txt,Tiny,decomp_eps,145,3600.0,results/raw/Instance_6_4_2_1__DECOMP_EPS__eps_145.csv
Instance_6_4_2_1__CP_WWS_EPS__eps_146,Instances/Tiny/Instance_6_4_2_1.txt,Tiny,cp_wws_eps,146,3600.0,results/raw/Instance_6_4_2_1__CP_WWS_EPS__eps_146.csv
Instance_6_4_2_1__LB_AP_EPS__eps_146,Instances/Tiny/Instance_6_4_2_1.txt,Tiny,lb_ap_eps,146,3600.0,results/raw/Instance_6_4_2_1__LB_AP_EPS__eps_146.csv
Instance_6_4_2_1__DECOMP_EPS__eps_146,Instances/Tiny/Instance_6_4_2_1.txt,Tiny,decomp_eps,146,3600.0,results/raw/Instance_6_4_2_1__DECOMP_EPS__eps_146.csv
Instance_6_4_2_1__CP_WWS_EPS__eps_147,Instances/Tiny/Instance_6_4_2_1.txt,Tiny,cp_wws_eps,147,3600.0,results/raw/Instance_6_4_2_1__CP_WWS_EPS__eps_147.csv
Instance_6_4_2_1__LB_AP_EPS__eps_147,Instances/Tiny/Instance_6_4_2_1.txt,Tiny,lb_ap_eps,147,3600.0,results/raw/Instance_6_4_2_1__LB_AP_EPS__eps_147.csv
Instance_6_4_2_1__DECOMP_EPS__eps_147,Instances/Tiny/Instance_6_4_2_1.txt,Tiny,decomp_eps,147,3600.0,results/raw/Instance_6_4_2_1__DECOMP_EPS__eps_147.csv
Instance_6_4_2_1__CP_WWS_EPS__eps_148,Instances/Tiny/Instance_6_4_2_1.txt,Tiny,cp_wws_eps,148,3600.0,results/raw/Instance_6_4_2_1__CP_WWS_EPS__eps_148.csv
Instance_6_4_2_1__LB_AP_EPS__eps_148,Instances/Tiny/Instance_6_4_2_1.txt,Tiny,lb_ap_eps,148,3600.0,results/raw/Instance_6_4_2_1__LB_AP_EPS__eps_148.csv
Instance_6_4_2_1__DECOMP_EPS__eps_148,Instances/Tiny/Instance_6_4_2_1.txt,Tiny,decomp_eps,148,3600.0,results/raw/Instance_6_4_2_1__DECOMP_EPS__eps_148.csv
Instance_6_4_2_1__CP_WWS_EPS__eps_149,Instances/Tiny/Instance_6_4_2_1.txt,Tiny,cp_wws_eps,149,3600.0,results/raw/Instance_6_4_2_1__CP_WWS_EPS__eps_149.csv
Instance_6_4_2_1__LB_AP_EPS__eps_149,Instances/Tiny/Instance_6_4_2_1.txt,Tiny,lb_ap_eps,149,3600.0,results/raw/Instance_6_4_2_1__LB_AP_EPS__eps_149.csv
Instance_6_4_2_1__DECOMP_EPS__eps_149,Instances/Tiny/Instance_6_4_2_1.txt,Tiny,decomp_eps,149,3600.0,results/raw/Instance_6_4_2_1__DECOMP_EPS__eps_149.csv
Instance_6_4_2_1__CP_WWS_EPS__eps_150,Instances/Tiny/Instance_6_4_2_1.txt,Tiny,cp_wws_eps,150,3600.0,results/raw/Instance_6_4_2_1__CP_WWS_EPS__eps_150.csv
Instance_6_4_2_1__LB_AP_EPS__eps_150,Instances/Tiny/Instance_6_4_2_1.txt,Tiny,lb_ap_eps,150,3600.0,results/raw/Instance_6_4_2_1__LB_AP_EPS__eps_150.csv
Instance_6_4_2_1__DECOMP_EPS__eps_150,Instances/Tiny/Instance_6_4_2_1.txt,Tiny,decomp_eps,150,3600.0,results/raw/Instance_6_4_2_1__DECOMP_EPS__eps_150.csv
Instance_6_4_2_1__CP_WWS_EPS__eps_151,Instances/Tiny/Instance_6_4_2_1.txt,Tiny,cp_wws_eps,151,3600.0,results/raw/Instance_6_4_2_1__CP_WWS_EPS__eps_151.csv
Instance_6_4_2_1__LB_AP_EPS__eps_151,Instances/Tiny/Instance_6_4_2_1.txt,Tiny,lb_ap_eps,151,3600.0,results/raw/Instance_6_4_2_1__LB_AP_EPS__eps_151.csv
Instance_6_4_2_1__DECOMP_EPS__eps_151,Instances/Tiny/Instance_6_4_2_1.txt,Tiny,decomp_eps,151,3600.0,results/raw/Instance_6_4_2_1__DECOMP_EPS__eps_151.csv
Instance_6_4_2_1__CP_WWS_EPS__eps_152,Instances/Tiny/Instance_6_4_2_1.txt,Tiny,cp_wws_eps,152,3600.0,results/raw/Instance_6_4_2_1__CP_WWS_EPS__eps_152.csv
Instance_6_4_2_1__LB_AP_EPS__eps_152,Instances/Tiny/Instance_6_4_2_1.txt,Tiny,lb_ap_eps,152,3600.0,results/raw/Instance_6_4_2_1__LB_AP_EPS__eps_152.csv
Instance_6_4_2_1__DECOMP_EPS__eps_152,Instances/Tiny/Instance_6_4_2_1.txt,Tiny,decomp_eps,152,3600.0,results/raw/Instance_6_4_2_1__DECOMP_EPS__eps_152.csv
Instance_6_4_2_1__CP_WWS_EPS__eps_153,Instances/Tiny/Instance_6_4_2_1.txt,Tiny,cp_wws_eps,153,3600.0,results/raw/Instance_6_4_2_1__CP_WWS_EPS__eps_153.csv
Instance_6_4_2_1__LB_AP_EPS__eps_153,Instances/Tiny/Instance_6_4_2_1.txt,Tiny,lb_ap_eps,153,3600.0,results/raw/Instance_6_4_2_1__LB_AP_EPS__eps_153.csv
Instance_6_4_2_1__DECOMP_EPS__eps_153,Instances/Tiny/Instance_6_4_2_1.txt,Tiny,decomp_eps,153,3600.0,results/raw/Instance_6_4_2_1__DECOMP_EPS__eps_153.csv
Instance_6_4_2_1__CP_WWS_EPS__eps_154,Instances/Tiny/Instance_6_4_2_1.txt,Tiny,cp_wws_eps,154,3600.0,results/raw/Instance_6_4_2_1__CP_WWS_EPS__eps_154.csv
Instance_6_4_2_1__LB_AP_EPS__eps_154,Instances/Tiny/Instance_6_4_2_1.txt,Tiny,lb_ap_eps,154,3600.0,results/raw/Instance_6_4_2_1__LB_AP_EPS__eps_154.csv
Instance_6_4_2_1__DECOMP_EPS__eps_154,Instances/Tiny/Instance_6_4_2_1.txt,Tiny,decomp_eps,154,3600.0,results/raw/Instance_6_4_2_1__DECOMP_EPS__eps_154.csv
Instance_6_4_2_1__CP_WWS_EPS__eps_155,Instances/Tiny/Instance_6_4_2_1.txt,Tiny,cp_wws_eps,155,3600.0,results/raw/Instance_6_4_2_1__CP_WWS_EPS__eps_155.csv
Instance_6_4_2_1__LB_AP_EPS__eps_155,Instances/Tiny/Instance_6_4_2_1.txt,Tiny,lb_ap_eps,155,3600.0,results/raw/Instance_6_4_2_1__LB_AP_EPS__eps_155.csv
Instance_6_4_2_1__DECOMP_EPS__eps_155,Instances/Tiny/Instance_6_4_2_1.txt,Tiny,decomp_eps,155,3600.0,results/raw/Instance_6_4_2_1__DECOMP_EPS__eps_155.csv
Instance_6_4_2_1__CP_WWS_EPS__eps_156,Instances/Tiny/Instance_6_4_2_1.txt,Tiny,cp_wws_eps,156,3600.0,results/raw/Instance_6_4_2_1__CP_WWS_EPS__eps_156.csv
Instance_6_4_2_1__LB_AP_EPS__eps_156,Instances/Tiny/Instance_6_4_2_1.txt,Tiny,lb_ap_eps,156,3600.0,results/raw/Instance_6_4_2_1__LB_AP_EPS__eps_156.csv
Instance_6_4_2_1__DECOMP_EPS__eps_156,Instances/Tiny/Instance_6_4_2_1.txt,Tiny,decomp_eps,156,3600.0,results/raw/Instance_6_4_2_1__DECOMP_EPS__eps_156.csv
Instance_6_4_2_1__CP_WWS_EPS__eps_157,Instances/Tiny/Instance_6_4_2_1.txt,Tiny,cp_wws_eps,157,3600.0,results/raw/Instance_6_4_2_1__CP_WWS_EPS__eps_157.csv
Instance_6_4_2_1__LB_AP_EPS__eps_157,Instances/Tiny/Instance_6_4_2_1.txt,Tiny,lb_ap_eps,157,3600.0,results/raw/Instance_6_4_2_1__LB_AP_EPS__eps_157.csv
Instance_6_4_2_1__DECOMP_EPS__eps_157,Instances/Tiny/Instance_6_4_2_1.txt,Tiny,decomp_eps,157,3600.0,results/raw/Instance_6_4_2_1__DECOMP_EPS__eps_157.csv
Instance_6_4_2_1__CP_WWS_EPS__eps_158,Instances/Tiny/Instance_6_4_2_1.txt,Tiny,cp_wws_eps,158,3600.0,results/raw/Instance_6_4_2_1__CP_WWS_EPS__eps_158.csv
Instance_6_4_2_1__LB_AP_EPS__eps_158,Instances/Tiny/Instance_6_4_2_1.txt,Tiny,lb_ap_eps,158,3600.0,results/raw/Instance_6_4_2_1__LB_AP_EPS__eps_158.csv
Instance_6_4_2_1__DECOMP_EPS__eps_158,Instances/Tiny/Instance_6_4_2_1.txt,Tiny,decomp_eps,158,3600.0,results/raw/Instance_6_4_2_1__DECOMP_EPS__eps_158.csv
Instance_6_4_2_1__CP_WWS_EPS__eps_159,Instances/Tiny/Instance_6_4_2_1.txt,Tiny,cp_wws_eps,159,3600.0,results/raw/Instance_6_4_2_1__CP_WWS_EPS__eps_159.csv
Instance_6_4_2_1__LB_AP_EPS__eps_159,Instances/Tiny/Instance_6_4_2_1.txt,Tiny,lb_ap_eps,159,3600.0,results/raw/Instance_6_4_2_1__LB_AP_EPS__eps_159.csv
Instance_6_4_2_1__DECOMP_EPS__eps_159,Instances/Tiny/Instance_6_4_2_1.txt,Tiny,decomp_eps,159,3600.0,results/raw/Instance_6_4_2_1__DECOMP_EPS__eps_159.csv
Instance_6_4_2_1__CP_WWS_EPS__eps_160,Instances/Tiny/Instance_6_4_2_1.txt,Tiny,cp_wws_eps,160,3600.0,results/raw/Instance_6_4_2_1__CP_WWS_EPS__eps_160.csv
Instance_6_4_2_1__LB_AP_EPS__eps_160,Instances/Tiny/Instance_6_4_2_1.txt,Tiny,lb_ap_eps,160,3600.0,results/raw/Instance_6_4_2_1__LB_AP_EPS__eps_160.csv
Instance_6_4_2_1__DECOMP_EPS__eps_160,Instances/Tiny/Instance_6_4_2_1.txt,Tiny,decomp_eps,160,3600.0,results/raw/Instance_6_4_2_1__DECOMP_EPS__eps_160.csv
Instance_6_4_2_1__CP_WWS_EPS__eps_161,Instances/Tiny/Instance_6_4_2_1.txt,Tiny,cp_wws_eps,161,3600.0,results/raw/Instance_6_4_2_1__CP_WWS_EPS__eps_161.csv
Instance_6_4_2_1__LB_AP_EPS__eps_161,Instances/Tiny/Instance_6_4_2_1.txt,Tiny,lb_ap_eps,161,3600.0,results/raw/Instance_6_4_2_1__LB_AP_EPS__eps_161.csv
Instance_6_4_2_1__DECOMP_EPS__eps_161,Instances/Tiny/Instance_6_4_2_1.txt,Tiny,decomp_eps,161,3600.0,results/raw/Instance_6_4_2_1__DECOMP_EPS__eps_161.csv
Instance_6_4_2_1__CP_WWS_EPS__eps_162,Instances/Tiny/Instance_6_4_2_1.txt,Tiny,cp_wws_eps,162,3600.0,results/raw/Instance_6_4_2_1__CP_WWS_EPS__eps_162.csv
Instance_6_4_2_1__LB_AP_EPS__eps_162,Instances/Tiny/Instance_6_4_2_1.txt,Tiny,lb_ap_eps,162,3600.0,results/raw/Instance_6_4_2_1__LB_AP_EPS__eps_162.csv
Instance_6_4_2_1__DECOMP_EPS__eps_162,Instances/Tiny/Instance_6_4_2_1.txt,Tiny,decomp_eps,162,3600.0,results/raw/Instance_6_4_2_1__DECOMP_EPS__eps_162.csv
Instance_6_4_2_1__CP_WWS_EPS__eps_163,Instances/Tiny/Instance_6_4_2_1.txt,Tiny,cp_wws_eps,163,3600.0,results/raw/Instance_6_4_2_1__CP_WWS_EPS__eps_163.csv
Instance_6_4_2_1__LB_AP_EPS__eps_163,Instances/Tiny/Instance_6_4_2_1.txt,Tiny,lb_ap_eps,163,3600.0,results/raw/Instance_6_4_2_1__LB_AP_EPS__eps_163.csv
Instance_6_4_2_1__DECOMP_EPS__eps_163,Instances/Tiny/Instance_6_4_2_1.txt,Tiny,decomp_eps,163,3600.0,results/raw/Instance_6_4_2_1__DECOMP_EPS__eps_163.csv
Instance_6_4_2_1__CP_WWS_EPS__eps_164,Instances/Tiny/Instance_6_4_2_1.txt,Tiny,cp_wws_eps,164,3600.0,results/raw/Instance_6_4_2_1__CP_WWS_EPS__eps_164.csv
Instance_6_4_2_1__LB_AP_EPS__eps_164,Instances/Tiny/Instance_6_4_2_1.txt,Tiny,lb_ap_eps,164,3600.0,results/raw/Instance_6_4_2_1__LB_AP_EPS__eps_164.csv
Instance_6_4_2_1__DECOMP_EPS__eps_164,Instances/Tiny/Instance_6_4_2_1.txt,Tiny,decomp_eps,164,3600.0,results/raw/Instance_6_4_2_1__DECOMP_EPS__eps_164.csv
Instance_6_4_2_1__CP_WWS_EPS__eps_165,Instances/Tiny/Instance_6_4_2_1.txt,Tiny,cp_wws_eps,165,3600.0,results/raw/Instance_6_4_2_1__CP_WWS_EPS__eps_165.csv
Instance_6_4_2_1__LB_AP_EPS__eps_165,Instances/Tiny/Instance_6_4_2_1.txt,Tiny,lb_ap_eps,165,3600.0,results/raw/Instance_6_4_2_1__LB_AP_EPS__eps_165.csv
Instance_6_4_2_1__DECOMP_EPS__eps_165,Instances/Tiny/Instance_6_4_2_1.txt,Tiny,decomp_eps,165,3600.0,results/raw/Instance_6_4_2_1__DECOMP_EPS__eps_165.csv
Instance_6_4_2_1__CP_WWS_EPS__eps_166,Instances/Tiny/Instance_6_4_2_1.txt,Tiny,cp_wws_eps,166,3600.0,results/raw/Instance_6_4_2_1__CP_WWS_EPS__eps_166.csv
Instance_6_4_2_1__LB_AP_EPS__eps_166,Instances/Tiny/Instance_6_4_2_1.txt,Tiny,lb_ap_eps,166,3600.0,results/raw/Instance_6_4_2_1__LB_AP_EPS__eps_166.csv
Instance_6_4_2_1__DECOMP_EPS__eps_166,Instances/Tiny/Instance_6_4_2_1.txt,Tiny,decomp_eps,166,3600.0,results/raw/Instance_6_4_2_1__DECOMP_EPS__eps_166.csv
Instance_6_4_2_1__CP_WWS_EPS__eps_167,Instances/Tiny/Instance_6_4_2_1.txt,Tiny,cp_wws_eps,167,3600.0,results/raw/Instance_6_4_2_1__CP_WWS_EPS__eps_167.csv
Instance_6_4_2_1__LB_AP_EPS__eps_167,Instances/Tiny/Instance_6_4_2_1.txt,Tiny,lb_ap_eps,167,3600.0,results/raw/Instance_6_4_2_1__LB_AP_EPS__eps_167.csv
Instance_6_4_2_1__DECOMP_EPS__eps_167,Instances/Tiny/Instance_6_4_2_1.txt,Tiny,decomp_eps,167,3600.0,results/raw/Instance_6_4_2_1__DECOMP_EPS__eps_167.csv
Instance_6_4_2_1__CP_WWS_EPS__eps_168,Instances/Tiny/Instance_6_4_2_1.txt,Tiny,cp_wws_eps,168,3600.0,results/raw/Instance_6_4_2_1__CP_WWS_EPS__eps_168.csv
Instance_6_4_2_1__LB_AP_EPS__eps_168,Instances/Tiny/Instance_6_4_2_1.txt,Tiny,lb_ap_eps,168,3600.0,results/raw/Instance_6_4_2_1__LB_AP_EPS__eps_168.csv
Instance_6_4_2_1__DECOMP_EPS__eps_168,Instances/Tiny/Instance_6_4_2_1.txt,Tiny,decomp_eps,168,3600.0,results/raw/Instance_6_4_2_1__DECOMP_EPS__eps_168.csv
Instance_6_4_2_1__CP_WWS_EPS__eps_169,Instances/Tiny/Instance_6_4_2_1.txt,Tiny,cp_wws_eps,169,3600.0,results/raw/Instance_6_4_2_1__CP_WWS_EPS__eps_169.csv
Instance_6_4_2_1__LB_AP_EPS__eps_169,Instances/Tiny/Instance_6_4_2_1.txt,Tiny,lb_ap_eps,169,3600.0,results/raw/Instance_6_4_2_1__LB_AP_EPS__eps_169.csv
Instance_6_4_2_1__DECOMP_EPS__eps_169,Instances/Tiny/Instance_6_4_2_1.txt,Tiny,decomp_eps,169,3600.0,results/raw/Instance_6_4_2_1__DECOMP_EPS__eps_169.csv
Instance_6_4_2_1__CP_WWS_EPS__eps_170,Instances/Tiny/Instance_6_4_2_1.txt,Tiny,cp_wws_eps,170,3600.0,results/raw/Instance_6_4_2_1__CP_WWS_EPS__eps_170.csv
Instance_6_4_2_1__LB_AP_EPS__eps_170,Instances/Tiny/Instance_6_4_2_1.txt,Tiny,lb_ap_eps,170,3600.0,results/raw/Instance_6_4_2_1__LB_AP_EPS__eps_170.csv
Instance_6_4_2_1__DECOMP_EPS__eps_170,Instances/Tiny/Instance_6_4_2_1.txt,Tiny,decomp_eps,170,3600.0,results/raw/Instance_6_4_2_1__DECOMP_EPS__eps_170.csv
Instance_6_4_2_1__CP_WWS_EPS__eps_171,Instances/Tiny/Instance_6_4_2_1.txt,Tiny,cp_wws_eps,171,3600.0,results/raw/Instance_6_4_2_1__CP_WWS_EPS__eps_171.csv
Instance_6_4_2_1__LB_AP_EPS__eps_171,Instances/Tiny/Instance_6_4_2_1.txt,Tiny,lb_ap_eps,171,3600.0,results/raw/Instance_6_4_2_1__LB_AP_EPS__eps_171.csv
Instance_6_4_2_1__DECOMP_EPS__eps_171,Instances/Tiny/Instance_6_4_2_1.txt,Tiny,decomp_eps,171,3600.0,results/raw/Instance_6_4_2_1__DECOMP_EPS__eps_171.csv
Instance_6_4_2_1__CP_WWS_EPS__eps_172,Instances/Tiny/Instance_6_4_2_1.txt,Tiny,cp_wws_eps,172,3600.0,results/raw/Instance_6_4_2_1__CP_WWS_EPS__eps_172.csv
Instance_6_4_2_1__LB_AP_EPS__eps_172,Instances/Tiny/Instance_6_4_2_1.txt,Tiny,lb_ap_eps,172,3600.0,results/raw/Instance_6_4_2_1__LB_AP_EPS__eps_172.csv
Instance_6_4_2_1__DECOMP_EPS__eps_172,Instances/Tiny/Instance_6_4_2_1.txt,Tiny,decomp_eps,172,3600.0,results/raw/Instance_6_4_2_1__DECOMP_EPS__eps_172.csv
Instance_6_4_2_1__CP_WWS_EPS__eps_173,Instances/Tiny/Instance_6_4_2_1.txt,Tiny,cp_wws_eps,173,3600.0,results/raw/Instance_6_4_2_1__CP_WWS_EPS__eps_173.csv
Instance_6_4_2_1__LB_AP_EPS__eps_173,Instances/Tiny/Instance_6_4_2_1.txt,Tiny,lb_ap_eps,173,3600.0,results/raw/Instance_6_4_2_1__LB_AP_EPS__eps_173.csv
Instance_6_4_2_1__DECOMP_EPS__eps_173,Instances/Tiny/Instance_6_4_2_1.txt,Tiny,decomp_eps,173,3600.0,results/raw/Instance_6_4_2_1__DECOMP_EPS__eps_173.csv
Instance_6_4_2_1__CP_WWS_EPS__eps_174,Instances/Tiny/Instance_6_4_2_1.txt,Tiny,cp_wws_eps,174,3600.0,results/raw/Instance_6_4_2_1__CP_WWS_EPS__eps_174.csv
Instance_6_4_2_1__LB_AP_EPS__eps_174,Instances/Tiny/Instance_6_4_2_1.txt,Tiny,lb_ap_eps,174,3600.0,results/raw/Instance_6_4_2_1__LB_AP_EPS__eps_174.csv
Instance_6_4_2_1__DECOMP_EPS__eps_174,Instances/Tiny/Instance_6_4_2_1.txt,Tiny,decomp_eps,174,3600.0,results/raw/Instance_6_4_2_1__DECOMP_EPS__eps_174.csv
Instance_6_4_2_1__CP_WWS_EPS__eps_175,Instances/Tiny/Instance_6_4_2_1.txt,Tiny,cp_wws_eps,175,3600.0,results/raw/Instance_6_4_2_1__CP_WWS_EPS__eps_175.csv
Instance_6_4_2_1__LB_AP_EPS__eps_175,Instances/Tiny/Instance_6_4_2_1.txt,Tiny,lb_ap_eps,175,3600.0,results/raw/Instance_6_4_2_1__LB_AP_EPS__eps_175.csv
Instance_6_4_2_1__DECOMP_EPS__eps_175,Instances/Tiny/Instance_6_4_2_1.txt,Tiny,decomp_eps,175,3600.0,results/raw/Instance_6_4_2_1__DECOMP_EPS__eps_175.csv
Instance_6_4_2_1__CP_WWS_EPS__eps_176,Instances/Tiny/Instance_6_4_2_1.txt,Tiny,cp_wws_eps,176,3600.0,results/raw/Instance_6_4_2_1__CP_WWS_EPS__eps_176.csv
Instance_6_4_2_1__LB_AP_EPS__eps_176,Instances/Tiny/Instance_6_4_2_1.txt,Tiny,lb_ap_eps,176,3600.0,results/raw/Instance_6_4_2_1__LB_AP_EPS__eps_176.csv
Instance_6_4_2_1__DECOMP_EPS__eps_176,Instances/Tiny/Instance_6_4_2_1.txt,Tiny,decomp_eps,176,3600.0,results/raw/Instance_6_4_2_1__DECOMP_EPS__eps_176.csv
Instance_6_4_2_1__CP_WWS_EPS__eps_177,Instances/Tiny/Instance_6_4_2_1.txt,Tiny,cp_wws_eps,177,3600.0,results/raw/Instance_6_4_2_1__CP_WWS_EPS__eps_177.csv
Instance_6_4_2_1__LB_AP_EPS__eps_177,Instances/Tiny/Instance_6_4_2_1.txt,Tiny,lb_ap_eps,177,3600.0,results/raw/Instance_6_4_2_1__LB_AP_EPS__eps_177.csv
Instance_6_4_2_1__DECOMP_EPS__eps_177,Instances/Tiny/Instance_6_4_2_1.txt,Tiny,decomp_eps,177,3600.0,results/raw/Instance_6_4_2_1__DECOMP_EPS__eps_177.csv
Instance_6_4_2_1__CP_WWS_EPS__eps_178,Instances/Tiny/Instance_6_4_2_1.txt,Tiny,cp_wws_eps,178,3600.0,results/raw/Instance_6_4_2_1__CP_WWS_EPS__eps_178.csv
Instance_6_4_2_1__LB_AP_EPS__eps_178,Instances/Tiny/Instance_6_4_2_1.txt,Tiny,lb_ap_eps,178,3600.0,results/raw/Instance_6_4_2_1__LB_AP_EPS__eps_178.csv
Instance_6_4_2_1__DECOMP_EPS__eps_178,Instances/Tiny/Instance_6_4_2_1.txt,Tiny,decomp_eps,178,3600.0,results/raw/Instance_6_4_2_1__DECOMP_EPS__eps_178.csv
Instance_6_4_2_1__CP_WWS_EPS__eps_179,Instances/Tiny/Instance_6_4_2_1.txt,Tiny,cp_wws_eps,179,3600.0,results/raw/Instance_6_4_2_1__CP_WWS_EPS__eps_179.csv
Instance_6_4_2_1__LB_AP_EPS__eps_179,Instances/Tiny/Instance_6_4_2_1.txt,Tiny,lb_ap_eps,179,3600.0,results/raw/Instance_6_4_2_1__LB_AP_EPS__eps_179.csv
Instance_6_4_2_1__DECOMP_EPS__eps_179,Instances/Tiny/Instance_6_4_2_1.txt,Tiny,decomp_eps,179,3600.0,results/raw/Instance_6_4_2_1__DECOMP_EPS__eps_179.csv
Instance_6_4_2_1__CP_WWS_EPS__eps_180,Instances/Tiny/Instance_6_4_2_1.txt,Tiny,cp_wws_eps,180,3600.0,results/raw/Instance_6_4_2_1__CP_WWS_EPS__eps_180.csv
Instance_6_4_2_1__LB_AP_EPS__eps_180,Instances/Tiny/Instance_6_4_2_1.txt,Tiny,lb_ap_eps,180,3600.0,results/raw/Instance_6_4_2_1__LB_AP_EPS__eps_180.csv
Instance_6_4_2_1__DECOMP_EPS__eps_180,Instances/Tiny/Instance_6_4_2_1.txt,Tiny,decomp_eps,180,3600.0,results/raw/Instance_6_4_2_1__DECOMP_EPS__eps_180.csv
Instance_6_4_2_1__CP_WWS_EPS__eps_181,Instances/Tiny/Instance_6_4_2_1.txt,Tiny,cp_wws_eps,181,3600.0,results/raw/Instance_6_4_2_1__CP_WWS_EPS__eps_181.csv
Instance_6_4_2_1__LB_AP_EPS__eps_181,Instances/Tiny/Instance_6_4_2_1.txt,Tiny,lb_ap_eps,181,3600.0,results/raw/Instance_6_4_2_1__LB_AP_EPS__eps_181.csv
Instance_6_4_2_1__DECOMP_EPS__eps_181,Instances/Tiny/Instance_6_4_2_1.txt,Tiny,decomp_eps,181,3600.0,results/raw/Instance_6_4_2_1__DECOMP_EPS__eps_181.csv
Instance_6_4_2_1__CP_WWS_EPS__eps_182,Instances/Tiny/Instance_6_4_2_1.txt,Tiny,cp_wws_eps,182,3600.0,results/raw/Instance_6_4_2_1__CP_WWS_EPS__eps_182.csv
Instance_6_4_2_1__LB_AP_EPS__eps_182,Instances/Tiny/Instance_6_4_2_1.txt,Tiny,lb_ap_eps,182,3600.0,results/raw/Instance_6_4_2_1__LB_AP_EPS__eps_182.csv
Instance_6_4_2_1__DECOMP_EPS__eps_182,Instances/Tiny/Instance_6_4_2_1.txt,Tiny,decomp_eps,182,3600.0,results/raw/Instance_6_4_2_1__DECOMP_EPS__eps_182.csv
Instance_6_4_2_1__CP_WWS_EPS__eps_183,Instances/Tiny/Instance_6_4_2_1.txt,Tiny,cp_wws_eps,183,3600.0,results/raw/Instance_6_4_2_1__CP_WWS_EPS__eps_183.csv
Instance_6_4_2_1__LB_AP_EPS__eps_183,Instances/Tiny/Instance_6_4_2_1.txt,Tiny,lb_ap_eps,183,3600.0,results/raw/Instance_6_4_2_1__LB_AP_EPS__eps_183.csv
Instance_6_4_2_1__DECOMP_EPS__eps_183,Instances/Tiny/Instance_6_4_2_1.txt,Tiny,decomp_eps,183,3600.0,results/raw/Instance_6_4_2_1__DECOMP_EPS__eps_183.csv
Instance_6_4_2_1__CP_WWS_EPS__eps_184,Instances/Tiny/Instance_6_4_2_1.txt,Tiny,cp_wws_eps,184,3600.0,results/raw/Instance_6_4_2_1__CP_WWS_EPS__eps_184.csv
Instance_6_4_2_1__LB_AP_EPS__eps_184,Instances/Tiny/Instance_6_4_2_1.txt,Tiny,lb_ap_eps,184,3600.0,results/raw/Instance_6_4_2_1__LB_AP_EPS__eps_184.csv
Instance_6_4_2_1__DECOMP_EPS__eps_184,Instances/Tiny/Instance_6_4_2_1.txt,Tiny,decomp_eps,184,3600.0,results/raw/Instance_6_4_2_1__DECOMP_EPS__eps_184.csv
Instance_6_4_2_1__CP_WWS_EPS__eps_185,Instances/Tiny/Instance_6_4_2_1.txt,Tiny,cp_wws_eps,185,3600.0,results/raw/Instance_6_4_2_1__CP_WWS_EPS__eps_185.csv
Instance_6_4_2_1__LB_AP_EPS__eps_185,Instances/Tiny/Instance_6_4_2_1.txt,Tiny,lb_ap_eps,185,3600.0,results/raw/Instance_6_4_2_1__LB_AP_EPS__eps_185.csv
Instance_6_4_2_1__DECOMP_EPS__eps_185,Instances/Tiny/Instance_6_4_2_1.txt,Tiny,decomp_eps,185,3600.0,results/raw/Instance_6_4_2_1__DECOMP_EPS__eps_185.csv
Instance_6_4_2_1__CP_WWS_EPS__eps_186,Instances/Tiny/Instance_6_4_2_1.txt,Tiny,cp_wws_eps,186,3600.0,results/raw/Instance_6_4_2_1__CP_WWS_EPS__eps_186.csv
Instance_6_4_2_1__LB_AP_EPS__eps_186,Instances/Tiny/Instance_6_4_2_1.txt,Tiny,lb_ap_eps,186,3600.0,results/raw/Instance_6_4_2_1__LB_AP_EPS__eps_186.csv
Instance_6_4_2_1__DECOMP_EPS__eps_186,Instances/Tiny/Instance_6_4_2_1.txt,Tiny,decomp_eps,186,3600.0,results/raw/Instance_6_4_2_1__DECOMP_EPS__eps_186.csv
Instance_6_4_2_1__CP_WWS_EPS__eps_187,Instances/Tiny/Instance_6_4_2_1.txt,Tiny,cp_wws_eps,187,3600.0,results/raw/Instance_6_4_2_1__CP_WWS_EPS__eps_187.csv
Instance_6_4_2_1__LB_AP_EPS__eps_187,Instances/Tiny/Instance_6_4_2_1.txt,Tiny,lb_ap_eps,187,3600.0,results/raw/Instance_6_4_2_1__LB_AP_EPS__eps_187.csv
Instance_6_4_2_1__DECOMP_EPS__eps_187,Instances/Tiny/Instance_6_4_2_1.txt,Tiny,decomp_eps,187,3600.0,results/raw/Instance_6_4_2_1__DECOMP_EPS__eps_187.csv
Instance_6_4_2_2__CP_WWS_EPS__eps_124,Instances/Tiny/Instance_6_4_2_2.txt,Tiny,cp_wws_eps,124,3600.0,results/raw/Instance_6_4_2_2__CP_WWS_EPS__eps_124.csv
Instance_6_4_2_2__LB_AP_EPS__eps_124,Instances/Tiny/Instance_6_4_2_2.txt,Tiny,lb_ap_eps,124,3600.0,results/raw/Instance_6_4_2_2__LB_AP_EPS__eps_124.csv
Instance_6_4_2_2__DECOMP_EPS__eps_124,Instances/Tiny/Instance_6_4_2_2.txt,Tiny,decomp_eps,124,3600.0,results/raw/Instance_6_4_2_2__DECOMP_EPS__eps_124.csv
Instance_6_4_2_2__CP_WWS_EPS__eps_125,Instances/Tiny/Instance_6_4_2_2.txt,Tiny,cp_wws_eps,125,3600.0,results/raw/Instance_6_4_2_2__CP_WWS_EPS__eps_125.csv
Instance_6_4_2_2__LB_AP_EPS__eps_125,Instances/Tiny/Instance_6_4_2_2.txt,Tiny,lb_ap_eps,125,3600.0,results/raw/Instance_6_4_2_2__LB_AP_EPS__eps_125.csv
Instance_6_4_2_2__DECOMP_EPS__eps_125,Instances/Tiny/Instance_6_4_2_2.txt,Tiny,decomp_eps,125,3600.0,results/raw/Instance_6_4_2_2__DECOMP_EPS__eps_125.csv
Instance_6_4_2_2__CP_WWS_EPS__eps_126,Instances/Tiny/Instance_6_4_2_2.txt,Tiny,cp_wws_eps,126,3600.0,results/raw/Instance_6_4_2_2__CP_WWS_EPS__eps_126.csv
Instance_6_4_2_2__LB_AP_EPS__eps_126,Instances/Tiny/Instance_6_4_2_2.txt,Tiny,lb_ap_eps,126,3600.0,results/raw/Instance_6_4_2_2__LB_AP_EPS__eps_126.csv
Instance_6_4_2_2__DECOMP_EPS__eps_126,Instances/Tiny/Instance_6_4_2_2.txt,Tiny,decomp_eps,126,3600.0,results/raw/Instance_6_4_2_2__DECOMP_EPS__eps_126.csv
Instance_6_4_2_2__CP_WWS_EPS__eps_127,Instances/Tiny/Instance_6_4_2_2.txt,Tiny,cp_wws_eps,127,3600.0,results/raw/Instance_6_4_2_2__CP_WWS_EPS__eps_127.csv
Instance_6_4_2_2__LB_AP_EPS__eps_127,Instances/Tiny/Instance_6_4_2_2.txt,Tiny,lb_ap_eps,127,3600.0,results/raw/Instance_6_4_2_2__LB_AP_EPS__eps_127.csv
Instance_6_4_2_2__DECOMP_EPS__eps_127,Instances/Tiny/Instance_6_4_2_2.txt,Tiny,decomp_eps,127,3600.0,results/raw/Instance_6_4_2_2__DECOMP_EPS__eps_127.csv
Instance_6_4_2_2__CP_WWS_EPS__eps_128,Instances/Tiny/Instance_6_4_2_2.txt,Tiny,cp_wws_eps,128,3600.0,results/raw/Instance_6_4_2_2__CP_WWS_EPS__eps_128.csv
Instance_6_4_2_2__LB_AP_EPS__eps_128,Instances/Tiny/Instance_6_4_2_2.txt,Tiny,lb_ap_eps,128,3600.0,results/raw/Instance_6_4_2_2__LB_AP_EPS__eps_128.csv
Instance_6_4_2_2__DECOMP_EPS__eps_128,Instances/Tiny/Instance_6_4_2_2.txt,Tiny,decomp_eps,128,3600.0,results/raw/Instance_6_4_2_2__DECOMP_EPS__eps_128.csv
Instance_6_4_2_2__CP_WWS_EPS__eps_129,Instances/Tiny/Instance_6_4_2_2.txt,Tiny,cp_wws_eps,129,3600.0,results/raw/Instance_6_4_2_2__CP_WWS_EPS__eps_129.csv
Instance_6_4_2_2__LB_AP_EPS__eps_129,Instances/Tiny/Instance_6_4_2_2.txt,Tiny,lb_ap_eps,129,3600.0,results/raw/Instance_6_4_2_2__LB_AP_EPS__eps_129.csv
Instance_6_4_2_2__DECOMP_EPS__eps_129,Instances/Tiny/Instance_6_4_2_2.txt,Tiny,decomp_eps,129,3600.0,results/raw/Instance_6_4_2_2__DECOMP_EPS__eps_129.csv
Instance_6_4_2_2__CP_WWS_EPS__eps_130,Instances/Tiny/Instance_6_4_2_2.txt,Tiny,cp_wws_eps,130,3600.0,results/raw/Instance_6_4_2_2__CP_WWS_EPS__eps_130.csv
Instance_6_4_2_2__LB_AP_EPS__eps_130,Instances/Tiny/Instance_6_4_2_2.txt,Tiny,lb_ap_eps,130,3600.0,results/raw/Instance_6_4_2_2__LB_AP_EPS__eps_130.csv
Instance_6_4_2_2__DECOMP_EPS__eps_130,Instances/Tiny/Instance_6_4_2_2.txt,Tiny,decomp_eps,130,3600.0,results/raw/Instance_6_4_2_2__DECOMP_EPS__eps_130.csv
Instance_6_4_2_2__CP_WWS_EPS__eps_131,Instances/Tiny/Instance_6_4_2_2.txt,Tiny,cp_wws_eps,131,3600.0,results/raw/Instance_6_4_2_2__CP_WWS_EPS__eps_131.csv
Instance_6_4_2_2__LB_AP_EPS__eps_131,Instances/Tiny/Instance_6_4_2_2.txt,Tiny,lb_ap_eps,131,3600.0,results/raw/Instance_6_4_2_2__LB_AP_EPS__eps_131.csv
Instance_6_4_2_2__DECOMP_EPS__eps_131,Instances/Tiny/Instance_6_4_2_2.txt,Tiny,decomp_eps,131,3600.0,results/raw/Instance_6_4_2_2__DECOMP_EPS__eps_131.csv
Instance_6_4_2_2__CP_WWS_EPS__eps_132,Instances/Tiny/Instance_6_4_2_2.txt,Tiny,cp_wws_eps,132,3600.0,results/raw/Instance_6_4_2_2__CP_WWS_EPS__eps_132.csv
Instance_6_4_2_2__LB_AP_EPS__eps_132,Instances/Tiny/Instance_6_4_2_2.txt,Tiny,lb_ap_eps,132,3600.0,results/raw/Instance_6_4_2_2__LB_AP_EPS__eps_132.csv
Instance_6_4_2_2__DECOMP_EPS__eps_132,Instances/Tiny/Instance_6_4_2_2.txt,Tiny,decomp_eps,132,3600.0,results/raw/Instance_6_4_2_2__DECOMP_EPS__eps_132.csv
Instance_6_4_2_2__CP_WWS_EPS__eps_133,Instances/Tiny/Instance_6_4_2_2.txt,Tiny,cp_wws_eps,133,3600.0,results/raw/Instance_6_4_2_2__CP_WWS_EPS__eps_133.csv
Instance_6_4_2_2__LB_AP_EPS__eps_133,Instances/Tiny/Instance_6_4_2_2.txt,Tiny,lb_ap_eps,133,3600.0,results/raw/Instance_6_4_2_2__LB_AP_EPS__eps_133.csv
Instance_6_4_2_2__DECOMP_EPS__eps_133,Instances/Tiny/Instance_6_4_2_2.txt,Tiny,decomp_eps,133,3600.0,results/raw/Instance_6_4_2_2__DECOMP_EPS__eps_133.csv
Instance_6_4_2_2__CP_WWS_EPS__eps_134,Instances/Tiny/Instance_6_4_2_2.txt,Tiny,cp_wws_eps,134,3600.0,results/raw/Instance_6_4_2_2__CP_WWS_EPS__eps_134.csv
Instance_6_4_2_2__LB_AP_EPS__eps_134,Instances/Tiny/Instance_6_4_2_2.txt,Tiny,lb_ap_eps,134,3600.0,results/raw/Instance_6_4_2_2__LB_AP_EPS__eps_134.csv
Instance_6_4_2_2__DECOMP_EPS__eps_134,Instances/Tiny/Instance_6_4_2_2.txt,Tiny,decomp_eps,134,3600.0,results/raw/Instance_6_4_2_2__DECOMP_EPS__eps_134.csv
Instance_6_4_2_2__CP_WWS_EPS__eps_135,Instances/Tiny/Instance_6_4_2_2.txt,Tiny,cp_wws_eps,135,3600.0,results/raw/Instance_6_4_2_2__CP_WWS_EPS__eps_135.csv
Instance_6_4_2_2__LB_AP_EPS__eps_135,Instances/Tiny/Instance_6_4_2_2.txt,Tiny,lb_ap_eps,135,3600.0,results/raw/Instance_6_4_2_2__LB_AP_EPS__eps_135.csv
Instance_6_4_2_2__DECOMP_EPS__eps_135,Instances/Tiny/Instance_6_4_2_2.txt,Tiny,decomp_eps,135,3600.0,results/raw/Instance_6_4_2_2__DECOMP_EPS__eps_135.csv
Instance_6_4_2_2__CP_WWS_EPS__eps_136,Instances/Tiny/Instance_6_4_2_2.txt,Tiny,cp_wws_eps,136,3600.0,results/raw/Instance_6_4_2_2__CP_WWS_EPS__eps_136.csv
Instance_6_4_2_2__LB_AP_EPS__eps_136,Instances/Tiny/Instance_6_4_2_2.txt,Tiny,lb_ap_eps,136,3600.0,results/raw/Instance_6_4_2_2__LB_AP_EPS__eps_136.csv
Instance_6_4_2_2__DECOMP_EPS__eps_136,Instances/Tiny/Instance_6_4_2_2.txt,Tiny,decomp_eps,136,3600.0,results/raw/Instance_6_4_2_2__DECOMP_EPS__eps_136.csv
Instance_6_4_2_2__CP_WWS_EPS__eps_137,Instances/Tiny/Instance_6_4_2_2.txt,Tiny,cp_wws_eps,137,3600.0,results/raw/Instance_6_4_2_2__CP_WWS_EPS__eps_137.csv
Instance_6_4_2_2__LB_AP_EPS__eps_137,Instances/Tiny/Instance_6_4_2_2.txt,Tiny,lb_ap_eps,137,3600.0,results/raw/Instance_6_4_2_2__LB_AP_EPS__eps_137.csv
Instance_6_4_2_2__DECOMP_EPS__eps_137,Instances/Tiny/Instance_6_4_2_2.txt,Tiny,decomp_eps,137,3600.0,results/raw/Instance_6_4_2_2__DECOMP_EPS__eps_137.csv
Instance_6_4_2_2__CP_WWS_EPS__eps_138,Instances/Tiny/Instance_6_4_2_2.txt,Tiny,cp_wws_eps,138,3600.0,results/raw/Instance_6_4_2_2__CP_WWS_EPS__eps_138.csv
Instance_6_4_2_2__LB_AP_EPS__eps_138,Instances/Tiny/Instance_6_4_2_2.txt,Tiny,lb_ap_eps,138,3600.0,results/raw/Instance_6_4_2_2__LB_AP_EPS__eps_138.csv
Instance_6_4_2_2__DECOMP_EPS__eps_138,Instances/Tiny/Instance_6_4_2_2.txt,Tiny,decomp_eps,138,3600.0,results/raw/Instance_6_4_2_2__DECOMP_EPS__eps_138.csv
Instance_6_4_2_2__CP_WWS_EPS__eps_139,Instances/Tiny/Instance_6_4_2_2.txt,Tiny,cp_wws_eps,139,3600.0,results/raw/Instance_6_4_2_2__CP_WWS_EPS__eps_139.csv
Instance_6_4_2_2__LB_AP_EPS__eps_139,Instances/Tiny/Instance_6_4_2_2.txt,Tiny,lb_ap_eps,139,3600.0,results/raw/Instance_6_4_2_2__LB_AP_EPS__eps_139.csv
Instance_6_4_2_2__DECOMP_EPS__eps_139,Instances/Tiny/Instance_6_4_2_2.txt,Tiny,decomp_eps,139,3600.0,results/raw/Instance_6_4_2_2__DECOMP_EPS__eps_139.csv
Instance_6_4_2_2__CP_WWS_EPS__eps_140,Instances/Tiny/Instance_6_4_2_2.txt,Tiny,cp_wws_eps,140,3600.0,results/raw/Instance_6_4_2_2__CP_WWS_EPS__eps_140.csv
Instance_6_4_2_2__LB_AP_EPS__eps_140,Instances/Tiny/Instance_6_4_2_2.txt,Tiny,lb_ap_eps,140,3600.0,results/raw/Instance_6_4_2_2__LB_AP_EPS__eps_140.csv
Instance_6_4_2_2__DECOMP_EPS__eps_140,Instances/Tiny/Instance_6_4_2_2.txt,Tiny,decomp_eps,140,3600.0,results/raw/Instance_6_4_2_2__DECOMP_EPS__eps_140.csv
Instance_6_4_2_2__CP_WWS_EPS__eps_141,Instances/Tiny/Instance_6_4_2_2.txt,Tiny,cp_wws_eps,141,3600.0,results/raw/Instance_6_4_2_2__CP_WWS_EPS__eps_141.csv
Instance_6_4_2_2__LB_AP_EPS__eps_141,Instances/Tiny/Instance_6_4_2_2.txt,Tiny,lb_ap_eps,141,3600.0,results/raw/Instance_6_4_2_2__LB_AP_EPS__eps_141.csv
Instance_6_4_2_2__DECOMP_EPS__eps_141,Instances/Tiny/Instance_6_4_2_2.txt,Tiny,decomp_eps,141,3600.0,results/raw/Instance_6_4_2_2__DECOMP_EPS__eps_141.csv
Instance_6_4_2_2__CP_WWS_EPS__eps_142,Instances/Tiny/Instance_6_4_2_2.txt,Tiny,cp_wws_eps,142,3600.0,results/raw/Instance_6_4_2_2__CP_WWS_EPS__eps_142.csv
Instance_6_4_2_2__LB_AP_EPS__eps_142,Instances/Tiny/Instance_6_4_2_2.txt,Tiny,lb_ap_eps,142,3600.0,results/raw/Instance_6_4_2_2__LB_AP_EPS__eps_142.csv
Instance_6_4_2_2__DECOMP_EPS__eps_142,Instances/Tiny/Instance_6_4_2_2.txt,Tiny,decomp_eps,142,3600.0,results/raw/Instance_6_4_2_2__DECOMP_EPS__eps_142.csv
Instance_6_4_2_2__CP_WWS_EPS__eps_143,Instances/Tiny/Instance_6_4_2_2.txt,Tiny,cp_wws_eps,143,3600.0,results/raw/Instance_6_4_2_2__CP_WWS_EPS__eps_143.csv
Instance_6_4_2_2__LB_AP_EPS__eps_143,Instances/Tiny/Instance_6_4_2_2.txt,Tiny,lb_ap_eps,143,3600.0,results/raw/Instance_6_4_2_2__LB_AP_EPS__eps_143.csv
Instance_6_4_2_2__DECOMP_EPS__eps_143,Instances/Tiny/Instance_6_4_2_2.txt,Tiny,decomp_eps,143,3600.0,results/raw/Instance_6_4_2_2__DECOMP_EPS__eps_143.csv
Instance_6_4_2_2__CP_WWS_EPS__eps_144,Instances/Tiny/Instance_6_4_2_2.txt,Tiny,cp_wws_eps,144,3600.0,results/raw/Instance_6_4_2_2__CP_WWS_EPS__eps_144.csv
Instance_6_4_2_2__LB_AP_EPS__eps_144,Instances/Tiny/Instance_6_4_2_2.txt,Tiny,lb_ap_eps,144,3600.0,results/raw/Instance_6_4_2_2__LB_AP_EPS__eps_144.csv
Instance_6_4_2_2__DECOMP_EPS__eps_144,Instances/Tiny/Instance_6_4_2_2.txt,Tiny,decomp_eps,144,3600.0,results/raw/Instance_6_4_2_2__DECOMP_EPS__eps_144.csv
Instance_6_5_2_1__CP_WWS_EPS__eps_188,Instances/Tiny/Instance_6_5_2_1.txt,Tiny,cp_wws_eps,188,3600.0,results/raw/Instance_6_5_2_1__CP_WWS_EPS__eps_188.csv
Instance_6_5_2_1__LB_AP_EPS__eps_188,Instances/Tiny/Instance_6_5_2_1.txt,Tiny,lb_ap_eps,188,3600.0,results/raw/Instance_6_5_2_1__LB_AP_EPS__eps_188.csv
Instance_6_5_2_1__DECOMP_EPS__eps_188,Instances/Tiny/Instance_6_5_2_1.txt,Tiny,decomp_eps,188,3600.0,results/raw/Instance_6_5_2_1__DECOMP_EPS__eps_188.csv
Instance_6_5_2_1__CP_WWS_EPS__eps_189,Instances/Tiny/Instance_6_5_2_1.txt,Tiny,cp_wws_eps,189,3600.0,results/raw/Instance_6_5_2_1__CP_WWS_EPS__eps_189.csv
Instance_6_5_2_1__LB_AP_EPS__eps_189,Instances/Tiny/Instance_6_5_2_1.txt,Tiny,lb_ap_eps,189,3600.0,results/raw/Instance_6_5_2_1__LB_AP_EPS__eps_189.csv
Instance_6_5_2_1__DECOMP_EPS__eps_189,Instances/Tiny/Instance_6_5_2_1.txt,Tiny,decomp_eps,189,3600.0,results/raw/Instance_6_5_2_1__DECOMP_EPS__eps_189.csv
Instance_6_5_2_1__CP_WWS_EPS__eps_190,Instances/Tiny/Instance_6_5_2_1.txt,Tiny,cp_wws_eps,190,3600.0,results/raw/Instance_6_5_2_1__CP_WWS_EPS__eps_190.csv
Instance_6_5_2_1__LB_AP_EPS__eps_190,Instances/Tiny/Instance_6_5_2_1.txt,Tiny,lb_ap_eps,190,3600.0,results/raw/Instance_6_5_2_1__LB_AP_EPS__eps_190.csv
Instance_6_5_2_1__DECOMP_EPS__eps_190,Instances/Tiny/Instance_6_5_2_1.txt,Tiny,decomp_eps,190,3600.0,results/raw/Instance_6_5_2_1__DECOMP_EPS__eps_190.csv
Instance_6_5_2_1__CP_WWS_EPS__eps_191,Instances/Tiny/Instance_6_5_2_1.txt,Tiny,cp_wws_eps,191,3600.0,results/raw/Instance_6_5_2_1__CP_WWS_EPS__eps_191.csv
Instance_6_5_2_1__LB_AP_EPS__eps_191,Instances/Tiny/Instance_6_5_2_1.txt,Tiny,lb_ap_eps,191,3600.0,results/raw/Instance_6_5_2_1__LB_AP_EPS__eps_191.csv
Instance_6_5_2_1__DECOMP_EPS__eps_191,Instances/Tiny/Instance_6_5_2_1.txt,Tiny,decomp_eps,191,3600.0,results/raw/Instance_6_5_2_1__DECOMP_EPS__eps_191.csv
Instance_6_5_2_1__CP_WWS_EPS__eps_192,Instances/Tiny/Instance_6_5_2_1.txt,Tiny,cp_wws_eps,192,3600.0,results/raw/Instance_6_5_2_1__CP_WWS_EPS__eps_192.csv
Instance_6_5_2_1__LB_AP_EPS__eps_192,Instances/Tiny/Instance_6_5_2_1.txt,Tiny,lb_ap_eps,192,3600.0,results/raw/Instance_6_5_2_1__LB_AP_EPS__eps_192.csv
Instance_6_5_2_1__DECOMP_EPS__eps_192,Instances/Tiny/Instance_6_5_2_1.txt,Tiny,decomp_eps,192,3600.0,results/raw/Instance_6_5_2_1__DECOMP_EPS__eps_192.csv
Instance_6_5_2_1__CP_WWS_EPS__eps_193,Instances/Tiny/Instance_6_5_2_1.txt,Tiny,cp_wws_eps,193,3600.0,results/raw/Instance_6_5_2_1__CP_WWS_EPS__eps_193.csv
Instance_6_5_2_1__LB_AP_EPS__eps_193,Instances/Tiny/Instance_6_5_2_1.txt,Tiny,lb_ap_eps,193,3600.0,results/raw/Instance_6_5_2_1__LB_AP_EPS__eps_193.csv
Instance_6_5_2_1__DECOMP_EPS__eps_193,Instances/Tiny/Instance_6_5_2_1.txt,Tiny,decomp_eps,193,3600.0,results/raw/Instance_6_5_2_1__DECOMP_EPS__eps_193.csv
Instance_6_5_2_1__CP_WWS_EPS__eps_194,Instances/Tiny/Instance_6_5_2_1.txt,Tiny,cp_wws_eps,194,3600.0,results/raw/Instance_6_5_2_1__CP_WWS_EPS__eps_194.csv
Instance_6_5_2_1__LB_AP_EPS__eps_194,Instances/Tiny/Instance_6_5_2_1.txt,Tiny,lb_ap_eps,194,3600.0,results/raw/Instance_6_5_2_1__LB_AP_EPS__eps_194.csv
Instance_6_5_2_1__DECOMP_EPS__eps_194,Instances/Tiny/Instance_6_5_2_1.txt,Tiny,decomp_eps,194,3600.0,results/raw/Instance_6_5_2_1__DECOMP_EPS__eps_194.csv
Instance_6_5_2_1__CP_WWS_EPS__eps_195,Instances/Tiny/Instance_6_5_2_1.txt,Tiny,cp_wws_eps,195,3600.0,results/raw/Instance_6_5_2_1__CP_WWS_EPS__eps_195.csv
Instance_6_5_2_1__LB_AP_EPS__eps_195,Instances/Tiny/Instance_6_5_2_1.txt,Tiny,lb_ap_eps,195,3600.0,results/raw/Instance_6_5_2_1__LB_AP_EPS__eps_195.csv
Instance_6_5_2_1__DECOMP_EPS__eps_195,Instances/Tiny/Instance_6_5_2_1.txt,Tiny,decomp_eps,195,3600.0,results/raw/Instance_6_5_2_1__DECOMP_EPS__eps_195.csv
Instance_6_5_2_1__CP_WWS_EPS__eps_196,Instances/Tiny/Instance_6_5_2_1.txt,Tiny,cp_wws_eps,196,3600.0,results/raw/Instance_6_5_2_1__CP_WWS_EPS__eps_196.csv
Instance_6_5_2_1__LB_AP_EPS__eps_196,Instances/Tiny/Instance_6_5_2_1.txt,Tiny,lb_ap_eps,196,3600.0,results/raw/Instance_6_5_2_1__LB_AP_EPS__eps_196.csv
Instance_6_5_2_1__DECOMP_EPS__eps_196,Instances/Tiny/Instance_6_5_2_1.txt,Tiny,decomp_eps,196,3600.0,results/raw/Instance_6_5_2_1__DECOMP_EPS__eps_196.csv
Instance_6_5_2_1__CP_WWS_EPS__eps_197,Instances/Tiny/Instance_6_5_2_1.txt,Tiny,cp_wws_eps,197,3600.0,results/raw/Instance_6_5_2_1__CP_WWS_EPS__eps_197.csv
Instance_6_5_2_1__LB_AP_EPS__eps_197,Instances/Tiny/Instance_6_5_2_1.txt,Tiny,lb_ap_eps,197,3600.0,results/raw/Instance_6_5_2_1__LB_AP_EPS__eps_197.csv
Instance_6_5_2_1__DECOMP_EPS__eps_197,Instances/Tiny/Instance_6_5_2_1.txt,Tiny,decomp_eps,197,3600.0,results/raw/Instance_6_5_2_1__DECOMP_EPS__eps_197.csv
Instance_6_5_2_1__CP_WWS_EPS__eps_198,Instances/Tiny/Instance_6_5_2_1.txt,Tiny,cp_wws_eps,198,3600.0,results/raw/Instance_6_5_2_1__CP_WWS_EPS__eps_198.csv
Instance_6_5_2_1__LB_AP_EPS__eps_198,Instances/Tiny/Instance_6_5_2_1.txt,Tiny,lb_ap_eps,198,3600.0,results/raw/Instance_6_5_2_1__LB_AP_EPS__eps_198.csv
Instance_6_5_2_1__DECOMP_EPS__eps_198,Instances/Tiny/Instance_6_5_2_1.txt,Tiny,decomp_eps,198,3600.0,results/raw/Instance_6_5_2_1__DECOMP_EPS__eps_198.csv
Instance_6_5_2_1__CP_WWS_EPS__eps_199,Instances/Tiny/Instance_6_5_2_1.txt,Tiny,cp_wws_eps,199,3600.0,results/raw/Instance_6_5_2_1__CP_WWS_EPS__eps_199.csv
Instance_6_5_2_1__LB_AP_EPS__eps_199,Instances/Tiny/Instance_6_5_2_1.txt,Tiny,lb_ap_eps,199,3600.0,results/raw/Instance_6_5_2_1__LB_AP_EPS__eps_199.csv
Instance_6_5_2_1__DECOMP_EPS__eps_199,Instances/Tiny/Instance_6_5_2_1.txt,Tiny,decomp_eps,199,3600.0,results/raw/Instance_6_5_2_1__DECOMP_EPS__eps_199.csv
Instance_6_5_2_1__CP_WWS_EPS__eps_200,Instances/Tiny/Instance_6_5_2_1.txt,Tiny,cp_wws_eps,200,3600.0,results/raw/Instance_6_5_2_1__CP_WWS_EPS__eps_200.csv
Instance_6_5_2_1__LB_AP_EPS__eps_200,Instances/Tiny/Instance_6_5_2_1.txt,Tiny,lb_ap_eps,200,3600.0,results/raw/Instance_6_5_2_1__LB_AP_EPS__eps_200.csv
Instance_6_5_2_1__DECOMP_EPS__eps_200,Instances/Tiny/Instance_6_5_2_1.txt,Tiny,decomp_eps,200,3600.0,results/raw/Instance_6_5_2_1__DECOMP_EPS__eps_200.csv
Instance_6_5_2_1__CP_WWS_EPS__eps_201,Instances/Tiny/Instance_6_5_2_1.txt,Tiny,cp_wws_eps,201,3600.0,results/raw/Instance_6_5_2_1__CP_WWS_EPS__eps_201.csv
Instance_6_5_2_1__LB_AP_EPS__eps_201,Instances/Tiny/Instance_6_5_2_1.txt,Tiny,lb_ap_eps,201,3600.0,results/raw/Instance_6_5_2_1__LB_AP_EPS__eps_201.csv
Instance_6_5_2_1__DECOMP_EPS__eps_201,Instances/Tiny/Instance_6_5_2_1.txt,Tiny,decomp_eps,201,3600.0,results/raw/Instance_6_5_2_1__DECOMP_EPS__eps_201.csv
Instance_6_5_2_1__CP_WWS_EPS__eps_202,Instances/Tiny/Instance_6_5_2_1.txt,Tiny,cp_wws_eps,202,3600.0,results/raw/Instance_6_5_2_1__CP_WWS_EPS__eps_202.csv
Instance_6_5_2_1__LB_AP_EPS__eps_202,Instances/Tiny/Instance_6_5_2_1.txt,Tiny,lb_ap_eps,202,3600.0,results/raw/Instance_6_5_2_1__LB_AP_EPS__eps_202.csv
Instance_6_5_2_1__DECOMP_EPS__eps_202,Instances/Tiny/Instance_6_5_2_1.txt,Tiny,decomp_eps,202,3600.0,results/raw/Instance_6_5_2_1__DECOMP_EPS__eps_202.csv
Instance_6_5_2_1__CP_WWS_EPS__eps_203,Instances/Tiny/Instance_6_5_2_1.txt,Tiny,cp_wws_eps,203,3600.0,results/raw/Instance_6_5_2_1__CP_WWS_EPS__eps_203.csv
Instance_6_5_2_1__LB_AP_EPS__eps_203,Instances/Tiny/Instance_6_5_2_1.txt,Tiny,lb_ap_eps,203,3600.0,results/raw/Instance_6_5_2_1__LB_AP_EPS__eps_203.csv
Instance_6_5_2_1__DECOMP_EPS__eps_203,Instances/Tiny/Instance_6_5_2_1.txt,Tiny,decomp_eps,203,3600.0,results/raw/Instance_6_5_2_1__DECOMP_EPS__eps_203.csv
Instance_6_5_2_1__CP_WWS_EPS__eps_204,Instances/Tiny/Instance_6_5_2_1.txt,Tiny,cp_wws_eps,204,3600.0,results/raw/Instance_6_5_2_1__CP_WWS_EPS__eps_204.csv
Instance_6_5_2_1__LB_AP_EPS__eps_204,Instances/Tiny/Instance_6_5_2_1.txt,Tiny,lb_ap_eps,204,3600.0,results/raw/Instance_6_5_2_1__LB_AP_EPS__eps_204.csv
Instance_6_5_2_1__DECOMP_EPS__eps_204,Instances/Tiny/Instance_6_5_2_1.txt,Tiny,decomp_eps,204,3600.0,results/raw/Instance_6_5_2_1__DECOMP_EPS__eps_204.csv
Instance_6_5_2_1__CP_WWS_EPS__eps_205,Instances/Tiny/Instance_6_5_2_1.txt,Tiny,cp_wws_eps,205,3600.0,results/raw/Instance_6_5_2_1__CP_WWS_EPS__eps_205.csv
Instance_6_5_2_1__LB_AP_EPS__eps_205,Instances/Tiny/Instance_6_5_2_1.txt,Tiny,lb_ap_eps,205,3600.0,results/raw/Instance_6_5_2_1__LB_AP_EPS__eps_205.csv
Instance_6_5_2_1__DECOMP_EPS__eps_205,Instances/Tiny/Instance_6_5_2_1.txt,Tiny,decomp_eps,205,3600.0,results/raw/Instance_6_5_2_1__DECOMP_EPS__eps_205.csv
Instance_6_5_2_1__CP_WWS_EPS__eps_206,Instances/Tiny/Instance_6_5_2_1.txt,Tiny,cp_wws_eps,206,3600.0,results/raw/Instance_6_5_2_1__CP_WWS_EPS__eps_206.csv
Instance_6_5_2_1__LB_AP_EPS__eps_206,Instances/Tiny/Instance_6_5_2_1.txt,Tiny,lb_ap_eps,206,3600.0,results/raw/Instance_6_5_2_1__LB_AP_EPS__eps_206.csv
Instance_6_5_2_1__DECOMP_EPS__eps_206,Instances/Tiny/Instance_6_5_2_1.txt,Tiny,decomp_eps,206,3600.0,results/raw/Instance_6_5_2_1__DECOMP_EPS__eps_206.csv
Instance_6_5_2_1__CP_WWS_EPS__eps_207,Instances/Tiny/Instance_6_5_2_1.txt,Tiny,cp_wws_eps,207,3600.0,results/raw/Instance_6_5_2_1__CP_WWS_EPS__eps_207.csv
Instance_6_5_2_1__LB_AP_EPS__eps_207,Instances/Tiny/Instance_6_5_2_1.txt,Tiny,lb_ap_eps,207,3600.0,results/raw/Instance_6_5_2_1__LB_AP_EPS__eps_207.csv
Instance_6_5_2_1__DECOMP_EPS__eps_207,Instances/Tiny/Instance_6_5_2_1.txt,Tiny,decomp_eps,207,3600.0,results/raw/Instance_6_5_2_1__DECOMP_EPS__eps_207.csv
Instance_6_5_2_1__CP_WWS_EPS__eps_208,Instances/Tiny/Instance_6_5_2_1.txt,Tiny,cp_wws_eps,208,3600.0,results/raw/Instance_6_5_2_1__CP_WWS_EPS__eps_208.csv
Instance_6_5_2_1__LB_AP_EPS__eps_208,Instances/Tiny/Instance_6_5_2_1.txt,Tiny,lb_ap_eps,208,3600.0,results/raw/Instance_6_5_2_1__LB_AP_EPS__eps_208.csv
Instance_6_5_2_1__DECOMP_EPS__eps_208,Instances/Tiny/Instance_6_5_2_1.txt,Tiny,decomp_eps,208,3600.0,results/raw/Instance_6_5_2_1__DECOMP_EPS__eps_208.csv
Instance_6_5_2_1__CP_WWS_EPS__eps_209,Instances/Tiny/Instance_6_5_2_1.txt,Tiny,cp_wws_eps,209,3600.0,results/raw/Instance_6_5_2_1__CP_WWS_EPS__eps_209.csv
Instance_6_5_2_1__LB_AP_EPS__eps_209,Instances/Tiny/Instance_6_5_2_1.txt,Tiny,lb_ap_eps,209,3600.0,results/raw/Instance_6_5_2_1__LB_AP_EPS__eps_209.csv
Instance_6_5_2_1__DECOMP_EPS__eps_209,Instances/Tiny/Instance_6_5_2_1.txt,Tiny,decomp_eps,209,3600.0,results/raw/Instance_6_5_2_1__DECOMP_EPS__eps_209.csv
Instance_6_5_2_1__CP_WWS_EPS__eps_210,Instances/Tiny/Instance_6_5_2_1.txt,Tiny,cp_wws_eps,210,3600.0,results/raw/Instance_6_5_2_1__CP_WWS_EPS__eps_210.csv
Instance_6_5_2_1__LB_AP_EPS__eps_210,Instances/Tiny/Instance_6_5_2_1.txt,Tiny,lb_ap_eps,210,3600.0,results/raw/Instance_6_5_2_1__LB_AP_EPS__eps_210.csv
Instance_6_5_2_1__DECOMP_EPS__eps_210,Instances/Tiny/Instance_6_5_2_1.txt,Tiny,decomp_eps,210,3600.0,results/raw/Instance_6_5_2_1__DECOMP_EPS__eps_210.csv
Instance_6_5_2_1__CP_WWS_EPS__eps_211,Instances/Tiny/Instance_6_5_2_1.txt,Tiny,cp_wws_eps,211,3600.0,results/raw/Instance_6_5_2_1__CP_WWS_EPS__eps_211.csv
Instance_6_5_2_1__LB_AP_EPS__eps_211,Instances/Tiny/Instance_6_5_2_1.txt,Tiny,lb_ap_eps,211,3600.0,results/raw/Instance_6_5_2_1__LB_AP_EPS__eps_211.csv
Instance_6_5_2_1__DECOMP_EPS__eps_211,Instances/Tiny/Instance_6_5_2_1.txt,Tiny,decomp_eps,211,3600.0,results/raw/Instance_6_5_2_1__DECOMP_EPS__eps_211.csv
Instance_6_5_2_1__CP_WWS_EPS__eps_212,Instances/Tiny/Instance_6_5_2_1.txt,Tiny,cp_wws_eps,212,3600.0,results/raw/Instance_6_5_2_1__CP_WWS_EPS__eps_212.csv
Instance_6_5_2_1__LB_AP_EPS__eps_212,Instances/Tiny/Instance_6_5_2_1.txt,Tiny,lb_ap_eps,212,3600.0,results/raw/Instance_6_5_2_1__LB_AP_EPS__eps_212.csv
Instance_6_5_2_1__DECOMP_EPS__eps_212,Instances/Tiny/Instance_6_5_2_1.txt,Tiny,decomp_eps,212,3600.0,results/raw/Instance_6_5_2_1__DECOMP_EPS__eps_212.csv
Instance_6_5_2_2__CP_WWS_EPS__eps_182,Instances/Tiny/Instance_6_5_2_2.txt,Tiny,cp_wws_eps,182,3600.0,results/raw/Instance_6_5_2_2__CP_WWS_EPS__eps_182.csv
Instance_6_5_2_2__LB_AP_EPS__eps_182,Instances/Tiny/Instance_6_5_2_2.txt,Tiny,lb_ap_eps,182,3600.0,results/raw/Instance_6_5_2_2__LB_AP_EPS__eps_182.csv
Instance_6_5_2_2__DECOMP_EPS__eps_182,Instances/Tiny/Instance_6_5_2_2.txt,Tiny,decomp_eps,182,3600.0,results/raw/Instance_6_5_2_2__DECOMP_EPS__eps_182.csv
Instance_6_5_2_2__CP_WWS_EPS__eps_183,Instances/Tiny/Instance_6_5_2_2.txt,Tiny,cp_wws_eps,183,3600.0,results/raw/Instance_6_5_2_2__CP_WWS_EPS__eps_183.csv
Instance_6_5_2_2__LB_AP_EPS__eps_183,Instances/Tiny/Instance_6_5_2_2.txt,Tiny,lb_ap_eps,183,3600.0,results/raw/Instance_6_5_2_2__LB_AP_EPS__eps_183.csv
Instance_6_5_2_2__DECOMP_EPS__eps_183,Instances/Tiny/Instance_6_5_2_2.txt,Tiny,decomp_eps,183,3600.0,results/raw/Instance_6_5_2_2__DECOMP_EPS__eps_183.csv
Instance_6_5_2_2__CP_WWS_EPS__eps_184,Instances/Tiny/Instance_6_5_2_2.txt,Tiny,cp_wws_eps,184,3600.0,results/raw/Instance_6_5_2_2__CP_WWS_EPS__eps_184.csv
Instance_6_5_2_2__LB_AP_EPS__eps_184,Instances/Tiny/Instance_6_5_2_2.txt,Tiny,lb_ap_eps,184,3600.0,results/raw/Instance_6_5_2_2__LB_AP_EPS__eps_184.csv
Instance_6_5_2_2__DECOMP_EPS__eps_184,Instances/Tiny/Instance_6_5_2_2.txt,Tiny,decomp_eps,184,3600.0,results/raw/Instance_6_5_2_2__DECOMP_EPS__eps_184.csv
Instance_6_5_2_2__CP_WWS_EPS__eps_185,Instances/Tiny/Instance_6_5_2_2.txt,Tiny,cp_wws_eps,185,3600.0,results/raw/Instance_6_5_2_2__CP_WWS_EPS__eps_185.csv
Instance_6_5_2_2__LB_AP_EPS__eps_185,Instances/Tiny/Instance_6_5_2_2.txt,Tiny,lb_ap_eps,185,3600.0,results/raw/Instance_6_5_2_2__LB_AP_EPS__eps_185.csv
Instance_6_5_2_2__DECOMP_EPS__eps_185,Instances/Tiny/Instance_6_5_2_2.txt,Tiny,decomp_eps,185,3600.0,results/raw/Instance_6_5_2_2__DECOMP_EPS__eps_185.csv
Instance_6_5_2_2__CP_WWS_EPS__eps_186,Instances/Tiny/Instance_6_5_2_2.txt,Tiny,cp_wws_eps,186,3600.0,results/raw/Instance_6_5_2_2__CP_WWS_EPS__eps_186.csv
Instance_6_5_2_2__LB_AP_EPS__eps_186,Instances/Tiny/Instance_6_5_2_2.txt,Tiny,lb_ap_eps,186,3600.0,results/raw/Instance_6_5_2_2__LB_AP_EPS__eps_186.csv
Instance_6_5_2_2__DECOMP_EPS__eps_186,Instances/Tiny/Instance_6_5_2_2.txt,Tiny,decomp_eps,186,3600.0,results/raw/Instance_6_5_2_2__DECOMP_EPS__eps_186.csv
Instance_6_5_2_2__CP_WWS_EPS__eps_187,Instances/Tiny/Instance_6_5_2_2.txt,Tiny,cp_wws_eps,187,3600.0,results/raw/Instance_6_5_2_2__CP_WWS_EPS__eps_187.csv
Instance_6_5_2_2__LB_AP_EPS__eps_187,Instances/Tiny/Instance_6_5_2_2.txt,Tiny,lb_ap_eps,187,3600.0,results/raw/Instance_6_5_2_2__LB_AP_EPS__eps_187.csv
Instance_6_5_2_2__DECOMP_EPS__eps_187,Instances/Tiny/Instance_6_5_2_2.txt,Tiny,decomp_eps,187,3600.0,results/raw/Instance_6_5_2_2__DECOMP_EPS__eps_187.csv
Instance_6_5_2_2__CP_WWS_EPS__eps_188,Instances/Tiny/Instance_6_5_2_2.txt,Tiny,cp_wws_eps,188,3600.0,results/raw/Instance_6_5_2_2__CP_WWS_EPS__eps_188.csv
Instance_6_5_2_2__LB_AP_EPS__eps_188,Instances/Tiny/Instance_6_5_2_2.txt,Tiny,lb_ap_eps,188,3600.0,results/raw/Instance_6_5_2_2__LB_AP_EPS__eps_188.csv
Instance_6_5_2_2__DECOMP_EPS__eps_188,Instances/Tiny/Instance_6_5_2_2.txt,Tiny,decomp_eps,188,3600.0,results/raw/Instance_6_5_2_2__DECOMP_EPS__eps_188.csv
Instance_6_5_2_2__CP_WWS_EPS__eps_189,Instances/Tiny/Instance_6_5_2_2.txt,Tiny,cp_wws_eps,189,3600.0,results/raw/Instance_6_5_2_2__CP_WWS_EPS__eps_189.csv
Instance_6_5_2_2__LB_AP_EPS__eps_189,Instances/Tiny/Instance_6_5_2_2.txt,Tiny,lb_ap_eps,189,3600.0,results/raw/Instance_6_5_2_2__LB_AP_EPS__eps_189.csv
Instance_6_5_2_2__DECOMP_EPS__eps_189,Instances/Tiny/Instance_6_5_2_2.txt,Tiny,decomp_eps,189,3600.0,results/raw/Instance_6_5_2_2__DECOMP_EPS__eps_189.csv
Instance_6_5_2_2__CP_WWS_EPS__eps_190,Instances/Tiny/Instance_6_5_2_2.txt,Tiny,cp_wws_eps,190,3600.0,results/raw/Instance_6_5_2_2__CP_WWS_EPS__eps_190.csv
Instance_6_5_2_2__LB_AP_EPS__eps_190,Instances/Tiny/Instance_6_5_2_2.txt,Tiny,lb_ap_eps,190,3600.0,results/raw/Instance_6_5_2_2__LB_AP_EPS__eps_190.csv
Instance_6_5_2_2__DECOMP_EPS__eps_190,Instances/Tiny/Instance_6_5_2_2.txt,Tiny,decomp_eps,190,3600.0,results/raw/Instance_6_5_2_2__DECOMP_EPS__eps_190.csv
Instance_6_5_2_2__CP_WWS_EPS__eps_191,Instances/Tiny/Instance_6_5_2_2.txt,Tiny,cp_wws_eps,191,3600.0,results/raw/Instance_6_5_2_2__CP_WWS_EPS__eps_191.csv
Instance_6_5_2_2__LB_AP_EPS__eps_191,Instances/Tiny/Instance_6_5_2_2.txt,Tiny,lb_ap_eps,191,3600.0,results/raw/Instance_6_5_2_2__LB_AP_EPS__eps_191.csv
Instance_6_5_2_2__DECOMP_EPS__eps_191,Instances/Tiny/Instance_6_5_2_2.txt,Tiny,decomp_eps,191,3600.0,results/raw/Instance_6_5_2_2__DECOMP_EPS__eps_191.csv
Instance_7_2_2_2__CP_WWS_EPS__eps_194,Instances/Tiny/Instance_7_2_2_2.txt,Tiny,cp_wws_eps,194,3600.0,results/raw/Instance_7_2_2_2__CP_WWS_EPS__eps_194.csv
Instance_7_2_2_2__LB_AP_EPS__eps_194,Instances/Tiny/Instance_7_2_2_2.txt,Tiny,lb_ap_eps,194,3600.0,results/raw/Instance_7_2_2_2__LB_AP_EPS__eps_194.csv
Instance_7_2_2_2__DECOMP_EPS__eps_194,Instances/Tiny/Instance_7_2_2_2.txt,Tiny,decomp_eps,194,3600.0,results/raw/Instance_7_2_2_2__DECOMP_EPS__eps_194.csv
Instance_7_3_2_0__CP_WWS_EPS__eps_114,Instances/Tiny/Instance_7_3_2_0.txt,Tiny,cp_wws_eps,114,3600.0,results/raw/Instance_7_3_2_0__CP_WWS_EPS__eps_114.csv
Instance_7_3_2_0__LB_AP_EPS__eps_114,Instances/Tiny/Instance_7_3_2_0.txt,Tiny,lb_ap_eps,114,3600.0,results/raw/Instance_7_3_2_0__LB_AP_EPS__eps_114.csv
Instance_7_3_2_0__DECOMP_EPS__eps_114,Instances/Tiny/Instance_7_3_2_0.txt,Tiny,decomp_eps,114,3600.0,results/raw/Instance_7_3_2_0__DECOMP_EPS__eps_114.csv
Instance_7_3_2_0__CP_WWS_EPS__eps_115,Instances/Tiny/Instance_7_3_2_0.txt,Tiny,cp_wws_eps,115,3600.0,results/raw/Instance_7_3_2_0__CP_WWS_EPS__eps_115.csv
Instance_7_3_2_0__LB_AP_EPS__eps_115,Instances/Tiny/Instance_7_3_2_0.txt,Tiny,lb_ap_eps,115,3600.0,results/raw/Instance_7_3_2_0__LB_AP_EPS__eps_115.csv
Instance_7_3_2_0__DECOMP_EPS__eps_115,Instances/Tiny/Instance_7_3_2_0.txt,Tiny,decomp_eps,115,3600.0,results/raw/Instance_7_3_2_0__DECOMP_EPS__eps_115.csv
Instance_7_3_2_0__CP_WWS_EPS__eps_116,Instances/Tiny/Instance_7_3_2_0.txt,Tiny,cp_wws_eps,116,3600.0,results/raw/Instance_7_3_2_0__CP_WWS_EPS__eps_116.csv
Instance_7_3_2_0__LB_AP_EPS__eps_116,Instances/Tiny/Instance_7_3_2_0.txt,Tiny,lb_ap_eps,116,3600.0,results/raw/Instance_7_3_2_0__LB_AP_EPS__eps_116.csv
Instance_7_3_2_0__DECOMP_EPS__eps_116,Instances/Tiny/Instance_7_3_2_0.txt,Tiny,decomp_eps,116,3600.0,results/raw/Instance_7_3_2_0__DECOMP_EPS__eps_116.csv
Instance_7_3_2_0__CP_WWS_EPS__eps_117,Instances/Tiny/Instance_7_3_2_0.txt,Tiny,cp_wws_eps,117,3600.0,results/raw/Instance_7_3_2_0__CP_WWS_EPS__eps_117.csv
Instance_7_3_2_0__LB_AP_EPS__eps_117,Instances/Tiny/Instance_7_3_2_0.txt,Tiny,lb_ap_eps,117,3600.0,results/raw/Instance_7_3_2_0__LB_AP_EPS__eps_117.csv
Instance_7_3_2_0__DECOMP_EPS__eps_117,Instances/Tiny/Instance_7_3_2_0.txt,Tiny,decomp_eps,117,3600.0,results/raw/Instance_7_3_2_0__DECOMP_EPS__eps_117.csv
Instance_7_3_2_0__CP_WWS_EPS__eps_118,Instances/Tiny/Instance_7_3_2_0.txt,Tiny,cp_wws_eps,118,3600.0,results/raw/Instance_7_3_2_0__CP_WWS_EPS__eps_118.csv
Instance_7_3_2_0__LB_AP_EPS__eps_118,Instances/Tiny/Instance_7_3_2_0.txt,Tiny,lb_ap_eps,118,3600.0,results/raw/Instance_7_3_2_0__LB_AP_EPS__eps_118.csv
Instance_7_3_2_0__DECOMP_EPS__eps_118,Instances/Tiny/Instance_7_3_2_0.txt,Tiny,decomp_eps,118,3600.0,results/raw/Instance_7_3_2_0__DECOMP_EPS__eps_118.csv
Instance_7_3_2_0__CP_WWS_EPS__eps_119,Instances/Tiny/Instance_7_3_2_0.txt,Tiny,cp_wws_eps,119,3600.0,results/raw/Instance_7_3_2_0__CP_WWS_EPS__eps_119.csv
Instance_7_3_2_0__LB_AP_EPS__eps_119,Instances/Tiny/Instance_7_3_2_0.txt,Tiny,lb_ap_eps,119,3600.0,results/raw/Instance_7_3_2_0__LB_AP_EPS__eps_119.csv
Instance_7_3_2_0__DECOMP_EPS__eps_119,Instances/Tiny/Instance_7_3_2_0.txt,Tiny,decomp_eps,119,3600.0,results/raw/Instance_7_3_2_0__DECOMP_EPS__eps_119.csv
Instance_7_3_2_0__CP_WWS_EPS__eps_120,Instances/Tiny/Instance_7_3_2_0.txt,Tiny,cp_wws_eps,120,3600.0,results/raw/Instance_7_3_2_0__CP_WWS_EPS__eps_120.csv
Instance_7_3_2_0__LB_AP_EPS__eps_120,Instances/Tiny/Instance_7_3_2_0.txt,Tiny,lb_ap_eps,120,3600.0,results/raw/Instance_7_3_2_0__LB_AP_EPS__eps_120.csv
Instance_7_3_2_0__DECOMP_EPS__eps_120,Instances/Tiny/Instance_7_3_2_0.txt,Tiny,decomp_eps,120,3600.0,results/raw/Instance_7_3_2_0__DECOMP_EPS__eps_120.csv
Instance_7_3_2_0__CP_WWS_EPS__eps_121,Instances/Tiny/Instance_7_3_2_0.txt,Tiny,cp_wws_eps,121,3600.0,results/raw/Instance_7_3_2_0__CP_WWS_EPS__eps_121.csv
Instance_7_3_2_0__LB_AP_EPS__eps_121,Instances/Tiny/Instance_7_3_2_0.txt,Tiny,lb_ap_eps,121,3600.0,results/raw/Instance_7_3_2_0__LB_AP_EPS__eps_121.csv
Instance_7_3_2_0__DECOMP_EPS__eps_121,Instances/Tiny/Instance_7_3_2_0.txt,Tiny,decomp_eps,121,3600.0,results/raw/Instance_7_3_2_0__DECOMP_EPS__eps_121.csv
Instance_7_3_2_0__CP_WWS_EPS__eps_122,Instances/Tiny/Instance_7_3_2_0.txt,Tiny,cp_wws_eps,122,3600.0,results/raw/Instance_7_3_2_0__CP_WWS_EPS__eps_122.csv
Instance_7_3_2_0__LB_AP_EPS__eps_122,Instances/Tiny/Instance_7_3_2_0.txt,Tiny,lb_ap_eps,122,3600.0,results/raw/Instance_7_3_2_0__LB_AP_EPS__eps_122.csv
Instance_7_3_2_0__DECOMP_EPS__eps_122,Instances/Tiny/Instance_7_3_2_0.txt,Tiny,decomp_eps,122,3600.0,results/raw/Instance_7_3_2_0__DECOMP_EPS__eps_122.csv
Instance_7_3_2_0__CP_WWS_EPS__eps_123,Instances/Tiny/Instance_7_3_2_0.txt,Tiny,cp_wws_eps,123,3600.0,results/raw/Instance_7_3_2_0__CP_WWS_EPS__eps_123.csv
Instance_7_3_2_0__LB_AP_EPS__eps_123,Instances/Tiny/Instance_7_3_2_0.txt,Tiny,lb_ap_eps,123,3600.0,results/raw/Instance_7_3_2_0__LB_AP_EPS__eps_123.csv
Instance_7_3_2_0__DECOMP_EPS__eps_123,Instances/Tiny/Instance_7_3_2_0.txt,Tiny,decomp_eps,123,3600.0,results/raw/Instance_7_3_2_0__DECOMP_EPS__eps_123.csv
Instance_7_3_2_0__CP_WWS_EPS__eps_124,Instances/Tiny/Instance_7_3_2_0.txt,Tiny,cp_wws_eps,124,3600.0,results/raw/Instance_7_3_2_0__CP_WWS_EPS__eps_124.csv
Instance_7_3_2_0__LB_AP_EPS__eps_124,Instances/Tiny/Instance_7_3_2_0.txt,Tiny,lb_ap_eps,124,3600.0,results/raw/Instance_7_3_2_0__LB_AP_EPS__eps_124.csv
Instance_7_3_2_0__DECOMP_EPS__eps_124,Instances/Tiny/Instance_7_3_2_0.txt,Tiny,decomp_eps,124,3600.0,results/raw/Instance_7_3_2_0__DECOMP_EPS__eps_124.csv
Instance_7_3_2_0__CP_WWS_EPS__eps_125,Instances/Tiny/Instance_7_3_2_0.txt,Tiny,cp_wws_eps,125,3600.0,results/raw/Instance_7_3_2_0__CP_WWS_EPS__eps_125.csv
Instance_7_3_2_0__LB_AP_EPS__eps_125,Instances/Tiny/Instance_7_3_2_0.txt,Tiny,lb_ap_eps,125,3600.0,results/raw/Instance_7_3_2_0__LB_AP_EPS__eps_125.csv
Instance_7_3_2_0__DECOMP_EPS__eps_125,Instances/Tiny/Instance_7_3_2_0.txt,Tiny,decomp_eps,125,3600.0,results/raw/Instance_7_3_2_0__DECOMP_EPS__eps_125.csv
Instance_7_3_2_0__CP_WWS_EPS__eps_126,Instances/Tiny/Instance_7_3_2_0.txt,Tiny,cp_wws_eps,126,3600.0,results/raw/Instance_7_3_2_0__CP_WWS_EPS__eps_126.csv
Instance_7_3_2_0__LB_AP_EPS__eps_126,Instances/Tiny/Instance_7_3_2_0.txt,Tiny,lb_ap_eps,126,3600.0,results/raw/Instance_7_3_2_0__LB_AP_EPS__eps_126.csv
Instance_7_3_2_0__DECOMP_EPS__eps_126,Instances/Tiny/Instance_7_3_2_0.txt,Tiny,decomp_eps,126,3600.0,results/raw/Instance_7_3_2_0__DECOMP_EPS__eps_126.csv
Instance_7_3_2_0__CP_WWS_EPS__eps_127,Instances/Tiny/Instance_7_3_2_0.txt,Tiny,cp_wws_eps,127,3600.0,results/raw/Instance_7_3_2_0__CP_WWS_EPS__eps_127.csv
Instance_7_3_2_0__LB_AP_EPS__eps_127,Instances/Tiny/Instance_7_3_2_0.txt,Tiny,lb_ap_eps,127,3600.0,results/raw/Instance_7_3_2_0__LB_AP_EPS__eps_127.csv
Instance_7_3_2_0__DECOMP_EPS__eps_127,Instances/Tiny/Instance_7_3_2_0.txt,Tiny,decomp_eps,127,3600.0,results/raw/Instance_7_3_2_0__DECOMP_EPS__eps_127.csv
Instance_7_3_2_0__CP_WWS_EPS__eps_128,Instances/Tiny/Instance_7_3_2_0.txt,Tiny,cp_wws_eps,128,3600.0,results/raw/Instance_7_3_2_0__CP_WWS_EPS__eps_128.csv
Instance_7_3_2_0__LB_AP_EPS__eps_128,Instances/Tiny/Instance_7_3_2_0.txt,Tiny,lb_ap_eps,128,3600.0,results/raw/Instance_7_3_2_0__LB_AP_EPS__eps_128.csv
Instance_7_3_2_0__DECOMP_EPS__eps_128,Instances/Tiny/Instance_7_3_2_0.txt,Tiny,decomp_eps,128,3600.0,results/raw/Instance_7_3_2_0__DECOMP_EPS__eps_128.csv
Instance_7_3_2_0__CP_WWS_EPS__eps_129,Instances/Tiny/Instance_7_3_2_0.txt,Tiny,cp_wws_eps,129,3600.0,results/raw/Instance_7_3_2_0__CP_WWS_EPS__eps_129.csv
Instance_7_3_2_0__LB_AP_EPS__eps_129,Instances/Tiny/Instance_7_3_2_0.txt,Tiny,lb_ap_eps,129,3600.0,results/raw/Instance_7_3_2_0__LB_AP_EPS__eps_129.csv
Instance_7_3_2_0__DECOMP_EPS__eps_129,Instances/Tiny/Instance_7_3_2_0.txt,Tiny,decomp_eps,129,3600.0,results/raw/Instance_7_3_2_0__DECOMP_EPS__eps_129.csv
Instance_7_3_2_0__CP_WWS_EPS__eps_130,Instances/Tiny/Instance_7_3_2_0.txt,Tiny,cp_wws_eps,130,3600.0,results/raw/Instance_7_3_2_0__CP_WWS_EPS__eps_130.csv
Instance_7_3_2_0__LB_AP_EPS__eps_130,Instances/Tiny/Instance_7_3_2_0.txt,Tiny,lb_ap_eps,130,3600.0,results/raw/Instance_7_3_2_0__LB_AP_EPS__eps_130.csv
Instance_7_3_2_0__DECOMP_EPS__eps_130,Instances/Tiny/Instance_7_3_2_0.txt,Tiny,decomp_eps,130,3600.0,results/raw/Instance_7_3_2_0__DECOMP_EPS__eps_130.csv
Instance_7_3_2_0__CP_WWS_EPS__eps_131,Instances/Tiny/Instance_7_3_2_0.txt,Tiny,cp_wws_eps,131,3600.0,results/raw/Instance_7_3_2_0__CP_WWS_EPS__eps_131.csv
Instance_7_3_2_0__LB_AP_EPS__eps_131,Instances/Tiny/Instance_7_3_2_0.txt,Tiny,lb_ap_eps,131,3600.0,results/raw/Instance_7_3_2_0__LB_AP_EPS__eps_131.csv
Instance_7_3_2_0__DECOMP_EPS__eps_131,Instances/Tiny/Instance_7_3_2_0.txt,Tiny,decomp_eps,131,3600.0,results/raw/Instance_7_3_2_0__DECOMP_EPS__eps_131.csv
Instance_7_3_2_0__CP_WWS_EPS__eps_132,Instances/Tiny/Instance_7_3_2_0.txt,Tiny,cp_wws_eps,132,3600.0,results/raw/Instance_7_3_2_0__CP_WWS_EPS__eps_132.csv
Instance_7_3_2_0__LB_AP_EPS__eps_132,Instances/Tiny/Instance_7_3_2_0.txt,Tiny,lb_ap_eps,132,3600.0,results/raw/Instance_7_3_2_0__LB_AP_EPS__eps_132.csv
Instance_7_3_2_0__DECOMP_EPS__eps_132,Instances/Tiny/Instance_7_3_2_0.txt,Tiny,decomp_eps,132,3600.0,results/raw/Instance_7_3_2_0__DECOMP_EPS__eps_132.csv
Instance_7_3_2_0__CP_WWS_EPS__eps_133,Instances/Tiny/Instance_7_3_2_0.txt,Tiny,cp_wws_eps,133,3600.0,results/raw/Instance_7_3_2_0__CP_WWS_EPS__eps_133.csv
Instance_7_3_2_0__LB_AP_EPS__eps_133,Instances/Tiny/Instance_7_3_2_0.txt,Tiny,lb_ap_eps,133,3600.0,results/raw/Instance_7_3_2_0__LB_AP_EPS__eps_133.csv
Instance_7_3_2_0__DECOMP_EPS__eps_133,Instances/Tiny/Instance_7_3_2_0.txt,Tiny,decomp_eps,133,3600.0,results/raw/Instance_7_3_2_0__DECOMP_EPS__eps_133.csv
Instance_7_3_2_0__CP_WWS_EPS__eps_134,Instances/Tiny/Instance_7_3_2_0.txt,Tiny,cp_wws_eps,134,3600.0,results/raw/Instance_7_3_2_0__CP_WWS_EPS__eps_134.csv
Instance_7_3_2_0__LB_AP_EPS__eps_134,Instances/Tiny/Instance_7_3_2_0.txt,Tiny,lb_ap_eps,134,3600.0,results/raw/Instance_7_3_2_0__LB_AP_EPS__eps_134.csv
Instance_7_3_2_0__DECOMP_EPS__eps_134,Instances/Tiny/Instance_7_3_2_0.txt,Tiny,decomp_eps,134,3600.0,results/raw/Instance_7_3_2_0__DECOMP_EPS__eps_134.csv
Instance_7_3_2_0__CP_WWS_EPS__eps_135,Instances/Tiny/Instance_7_3_2_0.txt,Tiny,cp_wws_eps,135,3600.0,results/raw/Instance_7_3_2_0__CP_WWS_EPS__eps_135.csv
Instance_7_3_2_0__LB_AP_EPS__eps_135,Instances/Tiny/Instance_7_3_2_0.txt,Tiny,lb_ap_eps,135,3600.0,results/raw/Instance_7_3_2_0__LB_AP_EPS__eps_135.csv
Instance_7_3_2_0__DECOMP_EPS__eps_135,Instances/Tiny/Instance_7_3_2_0.txt,Tiny,decomp_eps,135,3600.0,results/raw/Instance_7_3_2_0__DECOMP_EPS__eps_135.csv
Instance_7_3_2_0__CP_WWS_EPS__eps_136,Instances/Tiny/Instance_7_3_2_0.txt,Tiny,cp_wws_eps,136,3600.0,results/raw/Instance_7_3_2_0__CP_WWS_EPS__eps_136.csv
Instance_7_3_2_0__LB_AP_EPS__eps_136,Instances/Tiny/Instance_7_3_2_0.txt,Tiny,lb_ap_eps,136,3600.0,results/raw/Instance_7_3_2_0__LB_AP_EPS__eps_136.csv
Instance_7_3_2_0__DECOMP_EPS__eps_136,Instances/Tiny/Instance_7_3_2_0.txt,Tiny,decomp_eps,136,3600.0,results/raw/Instance_7_3_2_0__DECOMP_EPS__eps_136.csv
Instance_7_3_2_0__CP_WWS_EPS__eps_137,Instances/Tiny/Instance_7_3_2_0.txt,Tiny,cp_wws_eps,137,3600.0,results/raw/Instance_7_3_2_0__CP_WWS_EPS__eps_137.csv
Instance_7_3_2_0__LB_AP_EPS__eps_137,Instances/Tiny/Instance_7_3_2_0.txt,Tiny,lb_ap_eps,137,3600.0,results/raw/Instance_7_3_2_0__LB_AP_EPS__eps_137.csv
Instance_7_3_2_0__DECOMP_EPS__eps_137,Instances/Tiny/Instance_7_3_2_0.txt,Tiny,decomp_eps,137,3600.0,results/raw/Instance_7_3_2_0__DECOMP_EPS__eps_137.csv
Instance_7_3_2_0__CP_WWS_EPS__eps_138,Instances/Tiny/Instance_7_3_2_0.txt,Tiny,cp_wws_eps,138,3600.0,results/raw/Instance_7_3_2_0__CP_WWS_EPS__eps_138.csv
Instance_7_3_2_0__LB_AP_EPS__eps_138,Instances/Tiny/Instance_7_3_2_0.txt,Tiny,lb_ap_eps,138,3600.0,results/raw/Instance_7_3_2_0__LB_AP_EPS__eps_138.csv
Instance_7_3_2_0__DECOMP_EPS__eps_138,Instances/Tiny/Instance_7_3_2_0.txt,Tiny,decomp_eps,138,3600.0,results/raw/Instance_7_3_2_0__DECOMP_EPS__eps_138.csv
Instance_7_3_2_0__CP_WWS_EPS__eps_139,Instances/Tiny/Instance_7_3_2_0.txt,Tiny,cp_wws_eps,139,3600.0,results/raw/Instance_7_3_2_0__CP_WWS_EPS__eps_139.csv
Instance_7_3_2_0__LB_AP_EPS__eps_139,Instances/Tiny/Instance_7_3_2_0.txt,Tiny,lb_ap_eps,139,3600.0,results/raw/Instance_7_3_2_0__LB_AP_EPS__eps_139.csv
Instance_7_3_2_0__DECOMP_EPS__eps_139,Instances/Tiny/Instance_7_3_2_0.txt,Tiny,decomp_eps,139,3600.0,results/raw/Instance_7_3_2_0__DECOMP_EPS__eps_139.csv
Instance_7_3_2_0__CP_WWS_EPS__eps_140,Instances/Tiny/Instance_7_3_2_0.txt,Tiny,cp_wws_eps,140,3600.0,results/raw/Instance_7_3_2_0__CP_WWS_EPS__eps_140.csv
Instance_7_3_2_0__LB_AP_EPS__eps_140,Instances/Tiny/Instance_7_3_2_0.txt,Tiny,lb_ap_eps,140,3600.0,results/raw/Instance_7_3_2_0__LB_AP_EPS__eps_140.csv
Instance_7_3_2_0__DECOMP_EPS__eps_140,Instances/Tiny/Instance_7_3_2_0.txt,Tiny,decomp_eps,140,3600.0,results/raw/Instance_7_3_2_0__DECOMP_EPS__eps_140.csv
Instance_7_3_2_0__CP_WWS_EPS__eps_141,Instances/Tiny/Instance_7_3_2_0.txt,Tiny,cp_wws_eps,141,3600.0,results/raw/Instance_7_3_2_0__CP_WWS_EPS__eps_141.csv
Instance_7_3_2_0__LB_AP_EPS__eps_141,Instances/Tiny/Instance_7_3_2_0.txt,Tiny,lb_ap_eps,141,3600.0,results/raw/Instance_7_3_2_0__LB_AP_EPS__eps_141.csv
Instance_7_3_2_0__DECOMP_EPS__eps_141,Instances/Tiny/Instance_7_3_2_0.txt,Tiny,decomp_eps,141,3600.0,results/raw/Instance_7_3_2_0__DECOMP_EPS__eps_141.csv
Instance_7_3_2_0__CP_WWS_EPS__eps_142,Instances/Tiny/Instance_7_3_2_0.txt,Tiny,cp_wws_eps,142,3600.0,results/raw/Instance_7_3_2_0__CP_WWS_EPS__eps_142.csv
Instance_7_3_2_0__LB_AP_EPS__eps_142,Instances/Tiny/Instance_7_3_2_0.txt,Tiny,lb_ap_eps,142,3600.0,results/raw/Instance_7_3_2_0__LB_AP_EPS__eps_142.csv
Instance_7_3_2_0__DECOMP_EPS__eps_142,Instances/Tiny/Instance_7_3_2_0.txt,Tiny,decomp_eps,142,3600.0,results/raw/Instance_7_3_2_0__DECOMP_EPS__eps_142.csv
Instance_7_3_2_0__CP_WWS_EPS__eps_143,Instances/Tiny/Instance_7_3_2_0.txt,Tiny,cp_wws_eps,143,3600.0,results/raw/Instance_7_3_2_0__CP_WWS_EPS__eps_143.csv
Instance_7_3_2_0__LB_AP_EPS__eps_143,Instances/Tiny/Instance_7_3_2_0.txt,Tiny,lb_ap_eps,143,3600.0,results/raw/Instance_7_3_2_0__LB_AP_EPS__eps_143.csv
Instance_7_3_2_0__DECOMP_EPS__eps_143,Instances/Tiny/Instance_7_3_2_0.txt,Tiny,decomp_eps,143,3600.0,results/raw/Instance_7_3_2_0__DECOMP_EPS__eps_143.csv
Instance_7_3_2_0__CP_WWS_EPS__eps_144,Instances/Tiny/Instance_7_3_2_0.txt,Tiny,cp_wws_eps,144,3600.0,results/raw/Instance_7_3_2_0__CP_WWS_EPS__eps_144.csv
Instance_7_3_2_0__LB_AP_EPS__eps_144,Instances/Tiny/Instance_7_3_2_0.txt,Tiny,lb_ap_eps,144,3600.0,results/raw/Instance_7_3_2_0__LB_AP_EPS__eps_144.csv
Instance_7_3_2_0__DECOMP_EPS__eps_144,Instances/Tiny/Instance_7_3_2_0.txt,Tiny,decomp_eps,144,3600.0,results/raw/Instance_7_3_2_0__DECOMP_EPS__eps_144.csv
Instance_7_3_2_0__CP_WWS_EPS__eps_145,Instances/Tiny/Instance_7_3_2_0.txt,Tiny,cp_wws_eps,145,3600.0,results/raw/Instance_7_3_2_0__CP_WWS_EPS__eps_145.csv
Instance_7_3_2_0__LB_AP_EPS__eps_145,Instances/Tiny/Instance_7_3_2_0.txt,Tiny,lb_ap_eps,145,3600.0,results/raw/Instance_7_3_2_0__LB_AP_EPS__eps_145.csv
Instance_7_3_2_0__DECOMP_EPS__eps_145,Instances/Tiny/Instance_7_3_2_0.txt,Tiny,decomp_eps,145,3600.0,results/raw/Instance_7_3_2_0__DECOMP_EPS__eps_145.csv
Instance_7_3_2_0__CP_WWS_EPS__eps_146,Instances/Tiny/Instance_7_3_2_0.txt,Tiny,cp_wws_eps,146,3600.0,results/raw/Instance_7_3_2_0__CP_WWS_EPS__eps_146.csv
Instance_7_3_2_0__LB_AP_EPS__eps_146,Instances/Tiny/Instance_7_3_2_0.txt,Tiny,lb_ap_eps,146,3600.0,results/raw/Instance_7_3_2_0__LB_AP_EPS__eps_146.csv
Instance_7_3_2_0__DECOMP_EPS__eps_146,Instances/Tiny/Instance_7_3_2_0.txt,Tiny,decomp_eps,146,3600.0,results/raw/Instance_7_3_2_0__DECOMP_EPS__eps_146.csv
Instance_7_3_2_0__CP_WWS_EPS__eps_147,Instances/Tiny/Instance_7_3_2_0.txt,Tiny,cp_wws_eps,147,3600.0,results/raw/Instance_7_3_2_0__CP_WWS_EPS__eps_147.csv
Instance_7_3_2_0__LB_AP_EPS__eps_147,Instances/Tiny/Instance_7_3_2_0.txt,Tiny,lb_ap_eps,147,3600.0,results/raw/Instance_7_3_2_0__LB_AP_EPS__eps_147.csv
Instance_7_3_2_0__DECOMP_EPS__eps_147,Instances/Tiny/Instance_7_3_2_0.txt,Tiny,decomp_eps,147,3600.0,results/raw/Instance_7_3_2_0__DECOMP_EPS__eps_147.csv
Instance_7_3_2_0__CP_WWS_EPS__eps_148,Instances/Tiny/Instance_7_3_2_0.txt,Tiny,cp_wws_eps,148,3600.0,results/raw/Instance_7_3_2_0__CP_WWS_EPS__eps_148.csv
Instance_7_3_2_0__LB_AP_EPS__eps_148,Instances/Tiny/Instance_7_3_2_0.txt,Tiny,lb_ap_eps,148,3600.0,results/raw/Instance_7_3_2_0__LB_AP_EPS__eps_148.csv
Instance_7_3_2_0__DECOMP_EPS__eps_148,Instances/Tiny/Instance_7_3_2_0.txt,Tiny,decomp_eps,148,3600.0,results/raw/Instance_7_3_2_0__DECOMP_EPS__eps_148.csv
Instance_7_3_2_0__CP_WWS_EPS__eps_149,Instances/Tiny/Instance_7_3_2_0.txt,Tiny,cp_wws_eps,149,3600.0,results/raw/Instance_7_3_2_0__CP_WWS_EPS__eps_149.csv
Instance_7_3_2_0__LB_AP_EPS__eps_149,Instances/Tiny/Instance_7_3_2_0.txt,Tiny,lb_ap_eps,149,3600.0,results/raw/Instance_7_3_2_0__LB_AP_EPS__eps_149.csv
Instance_7_3_2_0__DECOMP_EPS__eps_149,Instances/Tiny/Instance_7_3_2_0.txt,Tiny,decomp_eps,149,3600.0,results/raw/Instance_7_3_2_0__DECOMP_EPS__eps_149.csv
Instance_7_3_2_0__CP_WWS_EPS__eps_150,Instances/Tiny/Instance_7_3_2_0.txt,Tiny,cp_wws_eps,150,3600.0,results/raw/Instance_7_3_2_0__CP_WWS_EPS__eps_150.csv
Instance_7_3_2_0__LB_AP_EPS__eps_150,Instances/Tiny/Instance_7_3_2_0.txt,Tiny,lb_ap_eps,150,3600.0,results/raw/Instance_7_3_2_0__LB_AP_EPS__eps_150.csv
Instance_7_3_2_0__DECOMP_EPS__eps_150,Instances/Tiny/Instance_7_3_2_0.txt,Tiny,decomp_eps,150,3600.0,results/raw/Instance_7_3_2_0__DECOMP_EPS__eps_150.csv
Instance_7_3_2_0__CP_WWS_EPS__eps_151,Instances/Tiny/Instance_7_3_2_0.txt,Tiny,cp_wws_eps,151,3600.0,results/raw/Instance_7_3_2_0__CP_WWS_EPS__eps_151.csv
Instance_7_3_2_0__LB_AP_EPS__eps_151,Instances/Tiny/Instance_7_3_2_0.txt,Tiny,lb_ap_eps,151,3600.0,results/raw/Instance_7_3_2_0__LB_AP_EPS__eps_151.csv
Instance_7_3_2_0__DECOMP_EPS__eps_151,Instances/Tiny/Instance_7_3_2_0.txt,Tiny,decomp_eps,151,3600.0,results/raw/Instance_7_3_2_0__DECOMP_EPS__eps_151.csv
Instance_7_3_2_0__CP_WWS_EPS__eps_152,Instances/Tiny/Instance_7_3_2_0.txt,Tiny,cp_wws_eps,152,3600.0,results/raw/Instance_7_3_2_0__CP_WWS_EPS__eps_152.csv
Instance_7_3_2_0__LB_AP_EPS__eps_152,Instances/Tiny/Instance_7_3_2_0.txt,Tiny,lb_ap_eps,152,3600.0,results/raw/Instance_7_3_2_0__LB_AP_EPS__eps_152.csv
Instance_7_3_2_0__DECOMP_EPS__eps_152,Instances/Tiny/Instance_7_3_2_0.txt,Tiny,decomp_eps,152,3600.0,results/raw/Instance_7_3_2_0__DECOMP_EPS__eps_152.csv
Instance_7_3_2_0__CP_WWS_EPS__eps_153,Instances/Tiny/Instance_7_3_2_0.txt,Tiny,cp_wws_eps,153,3600.0,results/raw/Instance_7_3_2_0__CP_WWS_EPS__eps_153.csv
Instance_7_3_2_0__LB_AP_EPS__eps_153,Instances/Tiny/Instance_7_3_2_0.txt,Tiny,lb_ap_eps,153,3600.0,results/raw/Instance_7_3_2_0__LB_AP_EPS__eps_153.csv
Instance_7_3_2_0__DECOMP_EPS__eps_153,Instances/Tiny/Instance_7_3_2_0.txt,Tiny,decomp_eps,153,3600.0,results/raw/Instance_7_3_2_0__DECOMP_EPS__eps_153.csv
Instance_7_3_2_1__CP_WWS_EPS__eps_124,Instances/Tiny/Instance_7_3_2_1.txt,Tiny,cp_wws_eps,124,3600.0,results/raw/Instance_7_3_2_1__CP_WWS_EPS__eps_124.csv
Instance_7_3_2_1__LB_AP_EPS__eps_124,Instances/Tiny/Instance_7_3_2_1.txt,Tiny,lb_ap_eps,124,3600.0,results/raw/Instance_7_3_2_1__LB_AP_EPS__eps_124.csv
Instance_7_3_2_1__DECOMP_EPS__eps_124,Instances/Tiny/Instance_7_3_2_1.txt,Tiny,decomp_eps,124,3600.0,results/raw/Instance_7_3_2_1__DECOMP_EPS__eps_124.csv
Instance_7_3_2_1__CP_WWS_EPS__eps_125,Instances/Tiny/Instance_7_3_2_1.txt,Tiny,cp_wws_eps,125,3600.0,results/raw/Instance_7_3_2_1__CP_WWS_EPS__eps_125.csv
Instance_7_3_2_1__LB_AP_EPS__eps_125,Instances/Tiny/Instance_7_3_2_1.txt,Tiny,lb_ap_eps,125,3600.0,results/raw/Instance_7_3_2_1__LB_AP_EPS__eps_125.csv
Instance_7_3_2_1__DECOMP_EPS__eps_125,Instances/Tiny/Instance_7_3_2_1.txt,Tiny,decomp_eps,125,3600.0,results/raw/Instance_7_3_2_1__DECOMP_EPS__eps_125.csv
Instance_7_3_2_1__CP_WWS_EPS__eps_126,Instances/Tiny/Instance_7_3_2_1.txt,Tiny,cp_wws_eps,126,3600.0,results/raw/Instance_7_3_2_1__CP_WWS_EPS__eps_126.csv
Instance_7_3_2_1__LB_AP_EPS__eps_126,Instances/Tiny/Instance_7_3_2_1.txt,Tiny,lb_ap_eps,126,3600.0,results/raw/Instance_7_3_2_1__LB_AP_EPS__eps_126.csv
Instance_7_3_2_1__DECOMP_EPS__eps_126,Instances/Tiny/Instance_7_3_2_1.txt,Tiny,decomp_eps,126,3600.0,results/raw/Instance_7_3_2_1__DECOMP_EPS__eps_126.csv
Instance_7_3_2_1__CP_WWS_EPS__eps_127,Instances/Tiny/Instance_7_3_2_1.txt,Tiny,cp_wws_eps,127,3600.0,results/raw/Instance_7_3_2_1__CP_WWS_EPS__eps_127.csv
Instance_7_3_2_1__LB_AP_EPS__eps_127,Instances/Tiny/Instance_7_3_2_1.txt,Tiny,lb_ap_eps,127,3600.0,results/raw/Instance_7_3_2_1__LB_AP_EPS__eps_127.csv
Instance_7_3_2_1__DECOMP_EPS__eps_127,Instances/Tiny/Instance_7_3_2_1.txt,Tiny,decomp_eps,127,3600.0,results/raw/Instance_7_3_2_1__DECOMP_EPS__eps_127.csv
Instance_7_3_2_1__CP_WWS_EPS__eps_128,Instances/Tiny/Instance_7_3_2_1.txt,Tiny,cp_wws_eps,128,3600.0,results/raw/Instance_7_3_2_1__CP_WWS_EPS__eps_128.csv
Instance_7_3_2_1__LB_AP_EPS__eps_128,Instances/Tiny/Instance_7_3_2_1.txt,Tiny,lb_ap_eps,128,3600.0,results/raw/Instance_7_3_2_1__LB_AP_EPS__eps_128.csv
Instance_7_3_2_1__DECOMP_EPS__eps_128,Instances/Tiny/Instance_7_3_2_1.txt,Tiny,decomp_eps,128,3600.0,results/raw/Instance_7_3_2_1__DECOMP_EPS__eps_128.csv
Instance_7_3_2_1__CP_WWS_EPS__eps_129,Instances/Tiny/Instance_7_3_2_1.txt,Tiny,cp_wws_eps,129,3600.0,results/raw/Instance_7_3_2_1__CP_WWS_EPS__eps_129.csv
Instance_7_3_2_1__LB_AP_EPS__eps_129,Instances/Tiny/Instance_7_3_2_1.txt,Tiny,lb_ap_eps,129,3600.0,results/raw/Instance_7_3_2_1__LB_AP_EPS__eps_129.csv
Instance_7_3_2_1__DECOMP_EPS__eps_129,Instances/Tiny/Instance_7_3_2_1.txt,Tiny,decomp_eps,129,3600.0,results/raw/Instance_7_3_2_1__DECOMP_EPS__eps_129.csv
Instance_7_3_2_1__CP_WWS_EPS__eps_130,Instances/Tiny/Instance_7_3_2_1.txt,Tiny,cp_wws_eps,130,3600.0,results/raw/Instance_7_3_2_1__CP_WWS_EPS__eps_130.csv
Instance_7_3_2_1__LB_AP_EPS__eps_130,Instances/Tiny/Instance_7_3_2_1.txt,Tiny,lb_ap_eps,130,3600.0,results/raw/Instance_7_3_2_1__LB_AP_EPS__eps_130.csv
Instance_7_3_2_1__DECOMP_EPS__eps_130,Instances/Tiny/Instance_7_3_2_1.txt,Tiny,decomp_eps,130,3600.0,results/raw/Instance_7_3_2_1__DECOMP_EPS__eps_130.csv
Instance_7_3_2_1__CP_WWS_EPS__eps_131,Instances/Tiny/Instance_7_3_2_1.txt,Tiny,cp_wws_eps,131,3600.0,results/raw/Instance_7_3_2_1__CP_WWS_EPS__eps_131.csv
Instance_7_3_2_1__LB_AP_EPS__eps_131,Instances/Tiny/Instance_7_3_2_1.txt,Tiny,lb_ap_eps,131,3600.0,results/raw/Instance_7_3_2_1__LB_AP_EPS__eps_131.csv
Instance_7_3_2_1__DECOMP_EPS__eps_131,Instances/Tiny/Instance_7_3_2_1.txt,Tiny,decomp_eps,131,3600.0,results/raw/Instance_7_3_2_1__DECOMP_EPS__eps_131.csv
Instance_7_3_2_1__CP_WWS_EPS__eps_132,Instances/Tiny/Instance_7_3_2_1.txt,Tiny,cp_wws_eps,132,3600.0,results/raw/Instance_7_3_2_1__CP_WWS_EPS__eps_132.csv
Instance_7_3_2_1__LB_AP_EPS__eps_132,Instances/Tiny/Instance_7_3_2_1.txt,Tiny,lb_ap_eps,132,3600.0,results/raw/Instance_7_3_2_1__LB_AP_EPS__eps_132.csv
Instance_7_3_2_1__DECOMP_EPS__eps_132,Instances/Tiny/Instance_7_3_2_1.txt,Tiny,decomp_eps,132,3600.0,results/raw/Instance_7_3_2_1__DECOMP_EPS__eps_132.csv
Instance_7_3_2_1__CP_WWS_EPS__eps_133,Instances/Tiny/Instance_7_3_2_1.txt,Tiny,cp_wws_eps,133,3600.0,results/raw/Instance_7_3_2_1__CP_WWS_EPS__eps_133.csv
Instance_7_3_2_1__LB_AP_EPS__eps_133,Instances/Tiny/Instance_7_3_2_1.txt,Tiny,lb_ap_eps,133,3600.0,results/raw/Instance_7_3_2_1__LB_AP_EPS__eps_133.csv
Instance_7_3_2_1__DECOMP_EPS__eps_133,Instances/Tiny/Instance_7_3_2_1.txt,Tiny,decomp_eps,133,3600.0,results/raw/Instance_7_3_2_1__DECOMP_EPS__eps_133.csv
Instance_7_3_2_1__CP_WWS_EPS__eps_134,Instances/Tiny/Instance_7_3_2_1.txt,Tiny,cp_wws_eps,134,3600.0,results/raw/Instance_7_3_2_1__CP_WWS_EPS__eps_134.csv
Instance_7_3_2_1__LB_AP_EPS__eps_134,Instances/Tiny/Instance_7_3_2_1.txt,Tiny,lb_ap_eps,134,3600.0,results/raw/Instance_7_3_2_1__LB_AP_EPS__eps_134.csv
Instance_7_3_2_1__DECOMP_EPS__eps_134,Instances/Tiny/Instance_7_3_2_1.txt,Tiny,decomp_eps,134,3600.0,results/raw/Instance_7_3_2_1__DECOMP_EPS__eps_134.csv
Instance_7_3_2_2__CP_WWS_EPS__eps_102,Instances/Tiny/Instance_7_3_2_2.txt,Tiny,cp_wws_eps,102,3600.0,results/raw/Instance_7_3_2_2__CP_WWS_EPS__eps_102.csv
Instance_7_3_2_2__LB_AP_EPS__eps_102,Instances/Tiny/Instance_7_3_2_2.txt,Tiny,lb_ap_eps,102,3600.0,results/raw/Instance_7_3_2_2__LB_AP_EPS__eps_102.csv
Instance_7_3_2_2__DECOMP_EPS__eps_102,Instances/Tiny/Instance_7_3_2_2.txt,Tiny,decomp_eps,102,3600.0,results/raw/Instance_7_3_2_2__DECOMP_EPS__eps_102.csv
Instance_7_3_2_2__CP_WWS_EPS__eps_103,Instances/Tiny/Instance_7_3_2_2.txt,Tiny,cp_wws_eps,103,3600.0,results/raw/Instance_7_3_2_2__CP_WWS_EPS__eps_103.csv
Instance_7_3_2_2__LB_AP_EPS__eps_103,Instances/Tiny/Instance_7_3_2_2.txt,Tiny,lb_ap_eps,103,3600.0,results/raw/Instance_7_3_2_2__LB_AP_EPS__eps_103.csv
Instance_7_3_2_2__DECOMP_EPS__eps_103,Instances/Tiny/Instance_7_3_2_2.txt,Tiny,decomp_eps,103,3600.0,results/raw/Instance_7_3_2_2__DECOMP_EPS__eps_103.csv
Instance_7_3_2_2__CP_WWS_EPS__eps_104,Instances/Tiny/Instance_7_3_2_2.txt,Tiny,cp_wws_eps,104,3600.0,results/raw/Instance_7_3_2_2__CP_WWS_EPS__eps_104.csv
Instance_7_3_2_2__LB_AP_EPS__eps_104,Instances/Tiny/Instance_7_3_2_2.txt,Tiny,lb_ap_eps,104,3600.0,results/raw/Instance_7_3_2_2__LB_AP_EPS__eps_104.csv
Instance_7_3_2_2__DECOMP_EPS__eps_104,Instances/Tiny/Instance_7_3_2_2.txt,Tiny,decomp_eps,104,3600.0,results/raw/Instance_7_3_2_2__DECOMP_EPS__eps_104.csv
Instance_7_3_2_2__CP_WWS_EPS__eps_105,Instances/Tiny/Instance_7_3_2_2.txt,Tiny,cp_wws_eps,105,3600.0,results/raw/Instance_7_3_2_2__CP_WWS_EPS__eps_105.csv
Instance_7_3_2_2__LB_AP_EPS__eps_105,Instances/Tiny/Instance_7_3_2_2.txt,Tiny,lb_ap_eps,105,3600.0,results/raw/Instance_7_3_2_2__LB_AP_EPS__eps_105.csv
Instance_7_3_2_2__DECOMP_EPS__eps_105,Instances/Tiny/Instance_7_3_2_2.txt,Tiny,decomp_eps,105,3600.0,results/raw/Instance_7_3_2_2__DECOMP_EPS__eps_105.csv
Instance_7_3_2_2__CP_WWS_EPS__eps_106,Instances/Tiny/Instance_7_3_2_2.txt,Tiny,cp_wws_eps,106,3600.0,results/raw/Instance_7_3_2_2__CP_WWS_EPS__eps_106.csv
Instance_7_3_2_2__LB_AP_EPS__eps_106,Instances/Tiny/Instance_7_3_2_2.txt,Tiny,lb_ap_eps,106,3600.0,results/raw/Instance_7_3_2_2__LB_AP_EPS__eps_106.csv
Instance_7_3_2_2__DECOMP_EPS__eps_106,Instances/Tiny/Instance_7_3_2_2.txt,Tiny,decomp_eps,106,3600.0,results/raw/Instance_7_3_2_2__DECOMP_EPS__eps_106.csv
Instance_7_3_2_2__CP_WWS_EPS__eps_107,Instances/Tiny/Instance_7_3_2_2.txt,Tiny,cp_wws_eps,107,3600.0,results/raw/Instance_7_3_2_2__CP_WWS_EPS__eps_107.csv
Instance_7_3_2_2__LB_AP_EPS__eps_107,Instances/Tiny/Instance_7_3_2_2.txt,Tiny,lb_ap_eps,107,3600.0,results/raw/Instance_7_3_2_2__LB_AP_EPS__eps_107.csv
Instance_7_3_2_2__DECOMP_EPS__eps_107,Instances/Tiny/Instance_7_3_2_2.txt,Tiny,decomp_eps,107,3600.0,results/raw/Instance_7_3_2_2__DECOMP_EPS__eps_107.csv
Instance_7_3_2_2__CP_WWS_EPS__eps_108,Instances/Tiny/Instance_7_3_2_2.txt,Tiny,cp_wws_eps,108,3600.0,results/raw/Instance_7_3_2_2__CP_WWS_EPS__eps_108.csv
Instance_7_3_2_2__LB_AP_EPS__eps_108,Instances/Tiny/Instance_7_3_2_2.txt,Tiny,lb_ap_eps,108,3600.0,results/raw/Instance_7_3_2_2__LB_AP_EPS__eps_108.csv
Instance_7_3_2_2__DECOMP_EPS__eps_108,Instances/Tiny/Instance_7_3_2_2.txt,Tiny,decomp_eps,108,3600.0,results/raw/Instance_7_3_2_2__DECOMP_EPS__eps_108.csv
Instance_7_3_2_2__CP_WWS_EPS__eps_109,Instances/Tiny/Instance_7_3_2_2.txt,Tiny,cp_wws_eps,109,3600.0,results/raw/Instance_7_3_2_2__CP_WWS_EPS__eps_109.csv
Instance_7_3_2_2__LB_AP_EPS__eps_109,Instances/Tiny/Instance_7_3_2_2.txt,Tiny,lb_ap_eps,109,3600.0,results/raw/Instance_7_3_2_2__LB_AP_EPS__eps_109.csv
Instance_7_3_2_2__DECOMP_EPS__eps_109,Instances/Tiny/Instance_7_3_2_2.txt,Tiny,decomp_eps,109,3600.0,results/raw/Instance_7_3_2_2__DECOMP_EPS__eps_109.csv
Instance_7_3_2_2__CP_WWS_EPS__eps_110,Instances/Tiny/Instance_7_3_2_2.txt,Tiny,cp_wws_eps,110,3600.0,results/raw/Instance_7_3_2_2__CP_WWS_EPS__eps_110.csv
Instance_7_3_2_2__LB_AP_EPS__eps_110,Instances/Tiny/Instance_7_3_2_2.txt,Tiny,lb_ap_eps,110,3600.0,results/raw/Instance_7_3_2_2__LB_AP_EPS__eps_110.csv
Instance_7_3_2_2__DECOMP_EPS__eps_110,Instances/Tiny/Instance_7_3_2_2.txt,Tiny,decomp_eps,110,3600.0,results/raw/Instance_7_3_2_2__DECOMP_EPS__eps_110.csv
Instance_7_3_2_2__CP_WWS_EPS__eps_111,Instances/Tiny/Instance_7_3_2_2.txt,Tiny,cp_wws_eps,111,3600.0,results/raw/Instance_7_3_2_2__CP_WWS_EPS__eps_111.csv
Instance_7_3_2_2__LB_AP_EPS__eps_111,Instances/Tiny/Instance_7_3_2_2.txt,Tiny,lb_ap_eps,111,3600.0,results/raw/Instance_7_3_2_2__LB_AP_EPS__eps_111.csv
Instance_7_3_2_2__DECOMP_EPS__eps_111,Instances/Tiny/Instance_7_3_2_2.txt,Tiny,decomp_eps,111,3600.0,results/raw/Instance_7_3_2_2__DECOMP_EPS__eps_111.csv
Instance_7_3_2_2__CP_WWS_EPS__eps_112,Instances/Tiny/Instance_7_3_2_2.txt,Tiny,cp_wws_eps,112,3600.0,results/raw/Instance_7_3_2_2__CP_WWS_EPS__eps_112.csv
Instance_7_3_2_2__LB_AP_EPS__eps_112,Instances/Tiny/Instance_7_3_2_2.txt,Tiny,lb_ap_eps,112,3600.0,results/raw/Instance_7_3_2_2__LB_AP_EPS__eps_112.csv
Instance_7_3_2_2__DECOMP_EPS__eps_112,Instances/Tiny/Instance_7_3_2_2.txt,Tiny,decomp_eps,112,3600.0,results/raw/Instance_7_3_2_2__DECOMP_EPS__eps_112.csv
Instance_7_3_2_2__CP_WWS_EPS__eps_113,Instances/Tiny/Instance_7_3_2_2.txt,Tiny,cp_wws_eps,113,3600.0,results/raw/Instance_7_3_2_2__CP_WWS_EPS__eps_113.csv
Instance_7_3_2_2__LB_AP_EPS__eps_113,Instances/Tiny/Instance_7_3_2_2.txt,Tiny,lb_ap_eps,113,3600.0,results/raw/Instance_7_3_2_2__LB_AP_EPS__eps_113.csv
Instance_7_3_2_2__DECOMP_EPS__eps_113,Instances/Tiny/Instance_7_3_2_2.txt,Tiny,decomp_eps,113,3600.0,results/raw/Instance_7_3_2_2__DECOMP_EPS__eps_113.csv
Instance_7_3_2_2__CP_WWS_EPS__eps_114,Instances/Tiny/Instance_7_3_2_2.txt,Tiny,cp_wws_eps,114,3600.0,results/raw/Instance_7_3_2_2__CP_WWS_EPS__eps_114.csv
Instance_7_3_2_2__LB_AP_EPS__eps_114,Instances/Tiny/Instance_7_3_2_2.txt,Tiny,lb_ap_eps,114,3600.0,results/raw/Instance_7_3_2_2__LB_AP_EPS__eps_114.csv
Instance_7_3_2_2__DECOMP_EPS__eps_114,Instances/Tiny/Instance_7_3_2_2.txt,Tiny,decomp_eps,114,3600.0,results/raw/Instance_7_3_2_2__DECOMP_EPS__eps_114.csv
Instance_7_3_2_2__CP_WWS_EPS__eps_115,Instances/Tiny/Instance_7_3_2_2.txt,Tiny,cp_wws_eps,115,3600.0,results/raw/Instance_7_3_2_2__CP_WWS_EPS__eps_115.csv
Instance_7_3_2_2__LB_AP_EPS__eps_115,Instances/Tiny/Instance_7_3_2_2.txt,Tiny,lb_ap_eps,115,3600.0,results/raw/Instance_7_3_2_2__LB_AP_EPS__eps_115.csv
Instance_7_3_2_2__DECOMP_EPS__eps_115,Instances/Tiny/Instance_7_3_2_2.txt,Tiny,decomp_eps,115,3600.0,results/raw/Instance_7_3_2_2__DECOMP_EPS__eps_115.csv
Instance_7_3_2_2__CP_WWS_EPS__eps_116,Instances/Tiny/Instance_7_3_2_2.txt,Tiny,cp_wws_eps,116,3600.0,results/raw/Instance_7_3_2_2__CP_WWS_EPS__eps_116.csv
Instance_7_3_2_2__LB_AP_EPS__eps_116,Instances/Tiny/Instance_7_3_2_2.txt,Tiny,lb_ap_eps,116,3600.0,results/raw/Instance_7_3_2_2__LB_AP_EPS__eps_116.csv
Instance_7_3_2_2__DECOMP_EPS__eps_116,Instances/Tiny/Instance_7_3_2_2.txt,Tiny,decomp_eps,116,3600.0,results/raw/Instance_7_3_2_2__DECOMP_EPS__eps_116.csv
Instance_7_3_2_2__CP_WWS_EPS__eps_117,Instances/Tiny/Instance_7_3_2_2.txt,Tiny,cp_wws_eps,117,3600.0,results/raw/Instance_7_3_2_2__CP_WWS_EPS__eps_117.csv
Instance_7_3_2_2__LB_AP_EPS__eps_117,Instances/Tiny/Instance_7_3_2_2.txt,Tiny,lb_ap_eps,117,3600.0,results/raw/Instance_7_3_2_2__LB_AP_EPS__eps_117.csv
Instance_7_3_2_2__DECOMP_EPS__eps_117,Instances/Tiny/Instance_7_3_2_2.txt,Tiny,decomp_eps,117,3600.0,results/raw/Instance_7_3_2_2__DECOMP_EPS__eps_117.csv
Instance_7_3_2_2__CP_WWS_EPS__eps_118,Instances/Tiny/Instance_7_3_2_2.txt,Tiny,cp_wws_eps,118,3600.0,results/raw/Instance_7_3_2_2__CP_WWS_EPS__eps_118.csv
Instance_7_3_2_2__LB_AP_EPS__eps_118,Instances/Tiny/Instance_7_3_2_2.txt,Tiny,lb_ap_eps,118,3600.0,results/raw/Instance_7_3_2_2__LB_AP_EPS__eps_118.csv
Instance_7_3_2_2__DECOMP_EPS__eps_118,Instances/Tiny/Instance_7_3_2_2.txt,Tiny,decomp_eps,118,3600.0,results/raw/Instance_7_3_2_2__DECOMP_EPS__eps_118.csv
Instance_7_3_2_2__CP_WWS_EPS__eps_119,Instances/Tiny/Instance_7_3_2_2.txt,Tiny,cp_wws_eps,119,3600.0,results/raw/Instance_7_3_2_2__CP_WWS_EPS__eps_119.csv
Instance_7_3_2_2__LB_AP_EPS__eps_119,Instances/Tiny/Instance_7_3_2_2.txt,Tiny,lb_ap_eps,119,3600.0,results/raw/Instance_7_3_2_2__LB_AP_EPS__eps_119.csv
Instance_7_3_2_2__DECOMP_EPS__eps_119,Instances/Tiny/Instance_7_3_2_2.txt,Tiny,decomp_eps,119,3600.0,results/raw/Instance_7_3_2_2__DECOMP_EPS__eps_119.csv
Instance_7_3_2_2__CP_WWS_EPS__eps_120,Instances/Tiny/Instance_7_3_2_2.txt,Tiny,cp_wws_eps,120,3600.0,results/raw/Instance_7_3_2_2__CP_WWS_EPS__eps_120.csv
Instance_7_3_2_2__LB_AP_EPS__eps_120,Instances/Tiny/Instance_7_3_2_2.txt,Tiny,lb_ap_eps,120,3600.0,results/raw/Instance_7_3_2_2__LB_AP_EPS__eps_120.csv
Instance_7_3_2_2__DECOMP_EPS__eps_120,Instances/Tiny/Instance_7_3_2_2.txt,Tiny,decomp_eps,120,3600.0,results/raw/Instance_7_3_2_2__DECOMP_EPS__eps_120.csv
Instance_7_3_2_2__CP_WWS_EPS__eps_121,Instances/Tiny/Instance_7_3_2_2.txt,Tiny,cp_wws_eps,121,3600.0,results/raw/Instance_7_3_2_2__CP_WWS_EPS__eps_121.csv
Instance_7_3_2_2__LB_AP_EPS__eps_121,Instances/Tiny/Instance_7_3_2_2.txt,Tiny,lb_ap_eps,121,3600.0,results/raw/Instance_7_3_2_2__LB_AP_EPS__eps_121.csv
Instance_7_3_2_2__DECOMP_EPS__eps_121,Instances/Tiny/Instance_7_3_2_2.txt,Tiny,decomp_eps,121,3600.0,results/raw/Instance_7_3_2_2__DECOMP_EPS__eps_121.csv
Instance_7_3_2_2__CP_WWS_EPS__eps_122,Instances/Tiny/Instance_7_3_2_2.txt,Tiny,cp_wws_eps,122,3600.0,results/raw/Instance_7_3_2_2__CP_WWS_EPS__eps_122.csv
Instance_7_3_2_2__LB_AP_EPS__eps_122,Instances/Tiny/Instance_7_3_2_2.txt,Tiny,lb_ap_eps,122,3600.0,results/raw/Instance_7_3_2_2__LB_AP_EPS__eps_122.csv
Instance_7_3_2_2__DECOMP_EPS__eps_122,Instances/Tiny/Instance_7_3_2_2.txt,Tiny,decomp_eps,122,3600.0,results/raw/Instance_7_3_2_2__DECOMP_EPS__eps_122.csv
Instance_7_3_2_2__CP_WWS_EPS__eps_123,Instances/Tiny/Instance_7_3_2_2.txt,Tiny,cp_wws_eps,123,3600.0,results/raw/Instance_7_3_2_2__CP_WWS_EPS__eps_123.csv
Instance_7_3_2_2__LB_AP_EPS__eps_123,Instances/Tiny/Instance_7_3_2_2.txt,Tiny,lb_ap_eps,123,3600.0,results/raw/Instance_7_3_2_2__LB_AP_EPS__eps_123.csv
Instance_7_3_2_2__DECOMP_EPS__eps_123,Instances/Tiny/Instance_7_3_2_2.txt,Tiny,decomp_eps,123,3600.0,results/raw/Instance_7_3_2_2__DECOMP_EPS__eps_123.csv
Instance_7_3_2_2__CP_WWS_EPS__eps_124,Instances/Tiny/Instance_7_3_2_2.txt,Tiny,cp_wws_eps,124,3600.0,results/raw/Instance_7_3_2_2__CP_WWS_EPS__eps_124.csv
Instance_7_3_2_2__LB_AP_EPS__eps_124,Instances/Tiny/Instance_7_3_2_2.txt,Tiny,lb_ap_eps,124,3600.0,results/raw/Instance_7_3_2_2__LB_AP_EPS__eps_124.csv
Instance_7_3_2_2__DECOMP_EPS__eps_124,Instances/Tiny/Instance_7_3_2_2.txt,Tiny,decomp_eps,124,3600.0,results/raw/Instance_7_3_2_2__DECOMP_EPS__eps_124.csv
Instance_7_3_2_2__CP_WWS_EPS__eps_125,Instances/Tiny/Instance_7_3_2_2.txt,Tiny,cp_wws_eps,125,3600.0,results/raw/Instance_7_3_2_2__CP_WWS_EPS__eps_125.csv
Instance_7_3_2_2__LB_AP_EPS__eps_125,Instances/Tiny/Instance_7_3_2_2.txt,Tiny,lb_ap_eps,125,3600.0,results/raw/Instance_7_3_2_2__LB_AP_EPS__eps_125.csv
Instance_7_3_2_2__DECOMP_EPS__eps_125,Instances/Tiny/Instance_7_3_2_2.txt,Tiny,decomp_eps,125,3600.0,results/raw/Instance_7_3_2_2__DECOMP_EPS__eps_125.csv
Instance_7_3_2_2__CP_WWS_EPS__eps_126,Instances/Tiny/Instance_7_3_2_2.txt,Tiny,cp_wws_eps,126,3600.0,results/raw/Instance_7_3_2_2__CP_WWS_EPS__eps_126.csv
Instance_7_3_2_2__LB_AP_EPS__eps_126,Instances/Tiny/Instance_7_3_2_2.txt,Tiny,lb_ap_eps,126,3600.0,results/raw/Instance_7_3_2_2__LB_AP_EPS__eps_126.csv
Instance_7_3_2_2__DECOMP_EPS__eps_126,Instances/Tiny/Instance_7_3_2_2.txt,Tiny,decomp_eps,126,3600.0,results/raw/Instance_7_3_2_2__DECOMP_EPS__eps_126.csv
Instance_7_3_2_2__CP_WWS_EPS__eps_127,Instances/Tiny/Instance_7_3_2_2.txt,Tiny,cp_wws_eps,127,3600.0,results/raw/Instance_7_3_2_2__CP_WWS_EPS__eps_127.csv
Instance_7_3_2_2__LB_AP_EPS__eps_127,Instances/Tiny/Instance_7_3_2_2.txt,Tiny,lb_ap_eps,127,3600.0,results/raw/Instance_7_3_2_2__LB_AP_EPS__eps_127.csv
Instance_7_3_2_2__DECOMP_EPS__eps_127,Instances/Tiny/Instance_7_3_2_2.txt,Tiny,decomp_eps,127,3600.0,results/raw/Instance_7_3_2_2__DECOMP_EPS__eps_127.csv
Instance_7_3_2_2__CP_WWS_EPS__eps_128,Instances/Tiny/Instance_7_3_2_2.txt,Tiny,cp_wws_eps,128,3600.0,results/raw/Instance_7_3_2_2__CP_WWS_EPS__eps_128.csv
Instance_7_3_2_2__LB_AP_EPS__eps_128,Instances/Tiny/Instance_7_3_2_2.txt,Tiny,lb_ap_eps,128,3600.0,results/raw/Instance_7_3_2_2__LB_AP_EPS__eps_128.csv
Instance_7_3_2_2__DECOMP_EPS__eps_128,Instances/Tiny/Instance_7_3_2_2.txt,Tiny,decomp_eps,128,3600.0,results/raw/Instance_7_3_2_2__DECOMP_EPS__eps_128.csv
Instance_7_3_2_2__CP_WWS_EPS__eps_129,Instances/Tiny/Instance_7_3_2_2.txt,Tiny,cp_wws_eps,129,3600.0,results/raw/Instance_7_3_2_2__CP_WWS_EPS__eps_129.csv
Instance_7_3_2_2__LB_AP_EPS__eps_129,Instances/Tiny/Instance_7_3_2_2.txt,Tiny,lb_ap_eps,129,3600.0,results/raw/Instance_7_3_2_2__LB_AP_EPS__eps_129.csv
Instance_7_3_2_2__DECOMP_EPS__eps_129,Instances/Tiny/Instance_7_3_2_2.txt,Tiny,decomp_eps,129,3600.0,results/raw/Instance_7_3_2_2__DECOMP_EPS__eps_129.csv
Instance_7_3_2_2__CP_WWS_EPS__eps_130,Instances/Tiny/Instance_7_3_2_2.txt,Tiny,cp_wws_eps,130,3600.0,results/raw/Instance_7_3_2_2__CP_WWS_EPS__eps_130.csv
Instance_7_3_2_2__LB_AP_EPS__eps_130,Instances/Tiny/Instance_7_3_2_2.txt,Tiny,lb_ap_eps,130,3600.0,results/raw/Instance_7_3_2_2__LB_AP_EPS__eps_130.csv
Instance_7_3_2_2__DECOMP_EPS__eps_130,Instances/Tiny/Instance_7_3_2_2.txt,Tiny,decomp_eps,130,3600.0,results/raw/Instance_7_3_2_2__DECOMP_EPS__eps_130.csv
Instance_7_3_2_2__CP_WWS_EPS__eps_131,Instances/Tiny/Instance_7_3_2_2.txt,Tiny,cp_wws_eps,131,3600.0,results/raw/Instance_7_3_2_2__CP_WWS_EPS__eps_131.csv
Instance_7_3_2_2__LB_AP_EPS__eps_131,Instances/Tiny/Instance_7_3_2_2.txt,Tiny,lb_ap_eps,131,3600.0,results/raw/Instance_7_3_2_2__LB_AP_EPS__eps_131.csv
Instance_7_3_2_2__DECOMP_EPS__eps_131,Instances/Tiny/Instance_7_3_2_2.txt,Tiny,decomp_eps,131,3600.0,results/raw/Instance_7_3_2_2__DECOMP_EPS__eps_131.csv
Instance_7_3_2_2__CP_WWS_EPS__eps_132,Instances/Tiny/Instance_7_3_2_2.txt,Tiny,cp_wws_eps,132,3600.0,results/raw/Instance_7_3_2_2__CP_WWS_EPS__eps_132.csv
Instance_7_3_2_2__LB_AP_EPS__eps_132,Instances/Tiny/Instance_7_3_2_2.txt,Tiny,lb_ap_eps,132,3600.0,results/raw/Instance_7_3_2_2__LB_AP_EPS__eps_132.csv
Instance_7_3_2_2__DECOMP_EPS__eps_132,Instances/Tiny/Instance_7_3_2_2.txt,Tiny,decomp_eps,132,3600.0,results/raw/Instance_7_3_2_2__DECOMP_EPS__eps_132.csv
Instance_7_3_2_2__CP_WWS_EPS__eps_133,Instances/Tiny/Instance_7_3_2_2.txt,Tiny,cp_wws_eps,133,3600.0,results/raw/Instance_7_3_2_2__CP_WWS_EPS__eps_133.csv
Instance_7_3_2_2__LB_AP_EPS__eps_133,Instances/Tiny/Instance_7_3_2_2.txt,Tiny,lb_ap_eps,133,3600.0,results/raw/Instance_7_3_2_2__LB_AP_EPS__eps_133.csv
Instance_7_3_2_2__DECOMP_EPS__eps_133,Instances/Tiny/Instance_7_3_2_2.txt,Tiny,decomp_eps,133,3600.0,results/raw/Instance_7_3_2_2__DECOMP_EPS__eps_133.csv
Instance_7_3_2_2__CP_WWS_EPS__eps_134,Instances/Tiny/Instance_7_3_2_2.txt,Tiny,cp_wws_eps,134,3600.0,results/raw/Instance_7_3_2_2__CP_WWS_EPS__eps_134.csv
Instance_7_3_2_2__LB_AP_EPS__eps_134,Instances/Tiny/Instance_7_3_2_2.txt,Tiny,lb_ap_eps,134,3600.0,results/raw/Instance_7_3_2_2__LB_AP_EPS__eps_134.csv
Instance_7_3_2_2__DECOMP_EPS__eps_134,Instances/Tiny/Instance_7_3_2_2.txt,Tiny,decomp_eps,134,3600.0,results/raw/Instance_7_3_2_2__DECOMP_EPS__eps_134.csv
Instance_7_3_2_2__CP_WWS_EPS__eps_135,Instances/Tiny/Instance_7_3_2_2.txt,Tiny,cp_wws_eps,135,3600.0,results/raw/Instance_7_3_2_2__CP_WWS_EPS__eps_135.csv
Instance_7_3_2_2__LB_AP_EPS__eps_135,Instances/Tiny/Instance_7_3_2_2.txt,Tiny,lb_ap_eps,135,3600.0,results/raw/Instance_7_3_2_2__LB_AP_EPS__eps_135.csv
Instance_7_3_2_2__DECOMP_EPS__eps_135,Instances/Tiny/Instance_7_3_2_2.txt,Tiny,decomp_eps,135,3600.0,results/raw/Instance_7_3_2_2__DECOMP_EPS__eps_135.csv
Instance_7_3_2_2__CP_WWS_EPS__eps_136,Instances/Tiny/Instance_7_3_2_2.txt,Tiny,cp_wws_eps,136,3600.0,results/raw/Instance_7_3_2_2__CP_WWS_EPS__eps_136.csv
Instance_7_3_2_2__LB_AP_EPS__eps_136,Instances/Tiny/Instance_7_3_2_2.txt,Tiny,lb_ap_eps,136,3600.0,results/raw/Instance_7_3_2_2__LB_AP_EPS__eps_136.csv
Instance_7_3_2_2__DECOMP_EPS__eps_136,Instances/Tiny/Instance_7_3_2_2.txt,Tiny,decomp_eps,136,3600.0,results/raw/Instance_7_3_2_2__DECOMP_EPS__eps_136.csv
Instance_7_3_2_2__CP_WWS_EPS__eps_137,Instances/Tiny/Instance_7_3_2_2.txt,Tiny,cp_wws_eps,137,3600.0,results/raw/Instance_7_3_2_2__CP_WWS_EPS__eps_137.csv
Instance_7_3_2_2__LB_AP_EPS__eps_137,Instances/Tiny/Instance_7_3_2_2.txt,Tiny,lb_ap_eps,137,3600.0,results/raw/Instance_7_3_2_2__LB_AP_EPS__eps_137.csv
Instance_7_3_2_2__DECOMP_EPS__eps_137,Instances/Tiny/Instance_7_3_2_2.txt,Tiny,decomp_eps,137,3600.0,results/raw/Instance_7_3_2_2__DECOMP_EPS__eps_137.csv
Instance_7_3_2_2__CP_WWS_EPS__eps_138,Instances/Tiny/Instance_7_3_2_2.txt,Tiny,cp_wws_eps,138,3600.0,results/raw/Instance_7_3_2_2__CP_WWS_EPS__eps_138.csv
Instance_7_3_2_2__LB_AP_EPS__eps_138,Instances/Tiny/Instance_7_3_2_2.txt,Tiny,lb_ap_eps,138,3600.0,results/raw/Instance_7_3_2_2__LB_AP_EPS__eps_138.csv
Instance_7_3_2_2__DECOMP_EPS__eps_138,Instances/Tiny/Instance_7_3_2_2.txt,Tiny,decomp_eps,138,3600.0,results/raw/Instance_7_3_2_2__DECOMP_EPS__eps_138.csv
Instance_7_3_2_2__CP_WWS_EPS__eps_139,Instances/Tiny/Instance_7_3_2_2.txt,Tiny,cp_wws_eps,139,3600.0,results/raw/Instance_7_3_2_2__CP_WWS_EPS__eps_139.csv
Instance_7_3_2_2__LB_AP_EPS__eps_139,Instances/Tiny/Instance_7_3_2_2.txt,Tiny,lb_ap_eps,139,3600.0,results/raw/Instance_7_3_2_2__LB_AP_EPS__eps_139.csv
Instance_7_3_2_2__DECOMP_EPS__eps_139,Instances/Tiny/Instance_7_3_2_2.txt,Tiny,decomp_eps,139,3600.0,results/raw/Instance_7_3_2_2__DECOMP_EPS__eps_139.csv
Instance_7_3_2_2__CP_WWS_EPS__eps_140,Instances/Tiny/Instance_7_3_2_2.txt,Tiny,cp_wws_eps,140,3600.0,results/raw/Instance_7_3_2_2__CP_WWS_EPS__eps_140.csv
Instance_7_3_2_2__LB_AP_EPS__eps_140,Instances/Tiny/Instance_7_3_2_2.txt,Tiny,lb_ap_eps,140,3600.0,results/raw/Instance_7_3_2_2__LB_AP_EPS__eps_140.csv
Instance_7_3_2_2__DECOMP_EPS__eps_140,Instances/Tiny/Instance_7_3_2_2.txt,Tiny,decomp_eps,140,3600.0,results/raw/Instance_7_3_2_2__DECOMP_EPS__eps_140.csv
Instance_7_3_2_2__CP_WWS_EPS__eps_141,Instances/Tiny/Instance_7_3_2_2.txt,Tiny,cp_wws_eps,141,3600.0,results/raw/Instance_7_3_2_2__CP_WWS_EPS__eps_141.csv
Instance_7_3_2_2__LB_AP_EPS__eps_141,Instances/Tiny/Instance_7_3_2_2.txt,Tiny,lb_ap_eps,141,3600.0,results/raw/Instance_7_3_2_2__LB_AP_EPS__eps_141.csv
Instance_7_3_2_2__DECOMP_EPS__eps_141,Instances/Tiny/Instance_7_3_2_2.txt,Tiny,decomp_eps,141,3600.0,results/raw/Instance_7_3_2_2__DECOMP_EPS__eps_141.csv
Instance_7_3_2_2__CP_WWS_EPS__eps_142,Instances/Tiny/Instance_7_3_2_2.txt,Tiny,cp_wws_eps,142,3600.0,results/raw/Instance_7_3_2_2__CP_WWS_EPS__eps_142.csv
Instance_7_3_2_2__LB_AP_EPS__eps_142,Instances/Tiny/Instance_7_3_2_2.txt,Tiny,lb_ap_eps,142,3600.0,results/raw/Instance_7_3_2_2__LB_AP_EPS__eps_142.csv
Instance_7_3_2_2__DECOMP_EPS__eps_142,Instances/Tiny/Instance_7_3_2_2.txt,Tiny,decomp_eps,142,3600.0,results/raw/Instance_7_3_2_2__DECOMP_EPS__eps_142.csv
Instance_7_3_2_2__CP_WWS_EPS__eps_143,Instances/Tiny/Instance_7_3_2_2.txt,Tiny,cp_wws_eps,143,3600.0,results/raw/Instance_7_3_2_2__CP_WWS_EPS__eps_143.csv
Instance_7_3_2_2__LB_AP_EPS__eps_143,Instances/Tiny/Instance_7_3_2_2.txt,Tiny,lb_ap_eps,143,3600.0,results/raw/Instance_7_3_2_2__LB_AP_EPS__eps_143.csv
Instance_7_3_2_2__DECOMP_EPS__eps_143,Instances/Tiny/Instance_7_3_2_2.txt,Tiny,decomp_eps,143,3600.0,results/raw/Instance_7_3_2_2__DECOMP_EPS__eps_143.csv
Instance_7_3_2_2__CP_WWS_EPS__eps_144,Instances/Tiny/Instance_7_3_2_2.txt,Tiny,cp_wws_eps,144,3600.0,results/raw/Instance_7_3_2_2__CP_WWS_EPS__eps_144.csv
Instance_7_3_2_2__LB_AP_EPS__eps_144,Instances/Tiny/Instance_7_3_2_2.txt,Tiny,lb_ap_eps,144,3600.0,results/raw/Instance_7_3_2_2__LB_AP_EPS__eps_144.csv
Instance_7_3_2_2__DECOMP_EPS__eps_144,Instances/Tiny/Instance_7_3_2_2.txt,Tiny,decomp_eps,144,3600.0,results/raw/Instance_7_3_2_2__DECOMP_EPS__eps_144.csv
Instance_7_4_2_0__CP_WWS_EPS__eps_124,Instances/Tiny/Instance_7_4_2_0.txt,Tiny,cp_wws_eps,124,3600.0,results/raw/Instance_7_4_2_0__CP_WWS_EPS__eps_124.csv
Instance_7_4_2_0__LB_AP_EPS__eps_124,Instances/Tiny/Instance_7_4_2_0.txt,Tiny,lb_ap_eps,124,3600.0,results/raw/Instance_7_4_2_0__LB_AP_EPS__eps_124.csv
Instance_7_4_2_0__DECOMP_EPS__eps_124,Instances/Tiny/Instance_7_4_2_0.txt,Tiny,decomp_eps,124,3600.0,results/raw/Instance_7_4_2_0__DECOMP_EPS__eps_124.csv
Instance_7_4_2_0__CP_WWS_EPS__eps_125,Instances/Tiny/Instance_7_4_2_0.txt,Tiny,cp_wws_eps,125,3600.0,results/raw/Instance_7_4_2_0__CP_WWS_EPS__eps_125.csv
Instance_7_4_2_0__LB_AP_EPS__eps_125,Instances/Tiny/Instance_7_4_2_0.txt,Tiny,lb_ap_eps,125,3600.0,results/raw/Instance_7_4_2_0__LB_AP_EPS__eps_125.csv
Instance_7_4_2_0__DECOMP_EPS__eps_125,Instances/Tiny/Instance_7_4_2_0.txt,Tiny,decomp_eps,125,3600.0,results/raw/Instance_7_4_2_0__DECOMP_EPS__eps_125.csv
Instance_7_4_2_0__CP_WWS_EPS__eps_126,Instances/Tiny/Instance_7_4_2_0.txt,Tiny,cp_wws_eps,126,3600.0,results/raw/Instance_7_4_2_0__CP_WWS_EPS__eps_126.csv
Instance_7_4_2_0__LB_AP_EPS__eps_126,Instances/Tiny/Instance_7_4_2_0.txt,Tiny,lb_ap_eps,126,3600.0,results/raw/Instance_7_4_2_0__LB_AP_EPS__eps_126.csv
Instance_7_4_2_0__DECOMP_EPS__eps_126,Instances/Tiny/Instance_7_4_2_0.txt,Tiny,decomp_eps,126,3600.0,results/raw/Instance_7_4_2_0__DECOMP_EPS__eps_126.csv
Instance_7_4_2_0__CP_WWS_EPS__eps_127,Instances/Tiny/Instance_7_4_2_0.txt,Tiny,cp_wws_eps,127,3600.0,results/raw/Instance_7_4_2_0__CP_WWS_EPS__eps_127.csv
Instance_7_4_2_0__LB_AP_EPS__eps_127,Instances/Tiny/Instance_7_4_2_0.txt,Tiny,lb_ap_eps,127,3600.0,results/raw/Instance_7_4_2_0__LB_AP_EPS__eps_127.csv
Instance_7_4_2_0__DECOMP_EPS__eps_127,Instances/Tiny/Instance_7_4_2_0.txt,Tiny,decomp_eps,127,3600.0,results/raw/Instance_7_4_2_0__DECOMP_EPS__eps_127.csv
Instance_7_4_2_0__CP_WWS_EPS__eps_128,Instances/Tiny/Instance_7_4_2_0.txt,Tiny,cp_wws_eps,128,3600.0,results/raw/Instance_7_4_2_0__CP_WWS_EPS__eps_128.csv
Instance_7_4_2_0__LB_AP_EPS__eps_128,Instances/Tiny/Instance_7_4_2_0.txt,Tiny,lb_ap_eps,128,3600.0,results/raw/Instance_7_4_2_0__LB_AP_EPS__eps_128.csv
Instance_7_4_2_0__DECOMP_EPS__eps_128,Instances/Tiny/Instance_7_4_2_0.txt,Tiny,decomp_eps,128,3600.0,results/raw/Instance_7_4_2_0__DECOMP_EPS__eps_128.csv
Instance_7_4_2_0__CP_WWS_EPS__eps_129,Instances/Tiny/Instance_7_4_2_0.txt,Tiny,cp_wws_eps,129,3600.0,results/raw/Instance_7_4_2_0__CP_WWS_EPS__eps_129.csv
Instance_7_4_2_0__LB_AP_EPS__eps_129,Instances/Tiny/Instance_7_4_2_0.txt,Tiny,lb_ap_eps,129,3600.0,results/raw/Instance_7_4_2_0__LB_AP_EPS__eps_129.csv
Instance_7_4_2_0__DECOMP_EPS__eps_129,Instances/Tiny/Instance_7_4_2_0.txt,Tiny,decomp_eps,129,3600.0,results/raw/Instance_7_4_2_0__DECOMP_EPS__eps_129.csv
Instance_7_4_2_0__CP_WWS_EPS__eps_130,Instances/Tiny/Instance_7_4_2_0.txt,Tiny,cp_wws_eps,130,3600.0,results/raw/Instance_7_4_2_0__CP_WWS_EPS__eps_130.csv
Instance_7_4_2_0__LB_AP_EPS__eps_130,Instances/Tiny/Instance_7_4_2_0.txt,Tiny,lb_ap_eps,130,3600.0,results/raw/Instance_7_4_2_0__LB_AP_EPS__eps_130.csv
Instance_7_4_2_0__DECOMP_EPS__eps_130,Instances/Tiny/Instance_7_4_2_0.txt,Tiny,decomp_eps,130,3600.0,results/raw/Instance_7_4_2_0__DECOMP_EPS__eps_130.csv
Instance_7_4_2_0__CP_WWS_EPS__eps_131,Instances/Tiny/Instance_7_4_2_0.txt,Tiny,cp_wws_eps,131,3600.0,results/raw/Instance_7_4_2_0__CP_WWS_EPS__eps_131.csv
Instance_7_4_2_0__LB_AP_EPS__eps_131,Instances/Tiny/Instance_7_4_2_0.txt,Tiny,lb_ap_eps,131,3600.0,results/raw/Instance_7_4_2_0__LB_AP_EPS__eps_131.csv
Instance_7_4_2_0__DECOMP_EPS__eps_131,Instances/Tiny/Instance_7_4_2_0.txt,Tiny,decomp_eps,131,3600.0,results/raw/Instance_7_4_2_0__DECOMP_EPS__eps_131.csv
Instance_7_4_2_0__CP_WWS_EPS__eps_132,Instances/Tiny/Instance_7_4_2_0.txt,Tiny,cp_wws_eps,132,3600.0,results/raw/Instance_7_4_2_0__CP_WWS_EPS__eps_132.csv
Instance_7_4_2_0__LB_AP_EPS__eps_132,Instances/Tiny/Instance_7_4_2_0.txt,Tiny,lb_ap_eps,132,3600.0,results/raw/Instance_7_4_2_0__LB_AP_EPS__eps_132.csv
Instance_7_4_2_0__DECOMP_EPS__eps_132,Instances/Tiny/Instance_7_4_2_0.txt,Tiny,decomp_eps,132,3600.0,results/raw/Instance_7_4_2_0__DECOMP_EPS__eps_132.csv
Instance_7_4_2_0__CP_WWS_EPS__eps_133,Instances/Tiny/Instance_7_4_2_0.txt,Tiny,cp_wws_eps,133,3600.0,results/raw/Instance_7_4_2_0__CP_WWS_EPS__eps_133.csv
Instance_7_4_2_0__LB_AP_EPS__eps_133,Instances/Tiny/Instance_7_4_2_0.txt,Tiny,lb_ap_eps,133,3600.0,results/raw/Instance_7_4_2_0__LB_AP_EPS__eps_133.csv
Instance_7_4_2_0__DECOMP_EPS__eps_133,Instances/Tiny/Instance_7_4_2_0.txt,Tiny,decomp_eps,133,3600.0,results/raw/Instance_7_4_2_0__DECOMP_EPS__eps_133.csv
Instance_7_4_2_0__CP_WWS_EPS__eps_134,Instances/Tiny/Instance_7_4_2_0.txt,Tiny,cp_wws_eps,134,3600.0,results/raw/Instance_7_4_2_0__CP_WWS_EPS__eps_134.csv
Instance_7_4_2_0__LB_AP_EPS__eps_134,Instances/Tiny/Instance_7_4_2_0.txt,Tiny,lb_ap_eps,134,3600.0,results/raw/Instance_7_4_2_0__LB_AP_EPS__eps_134.csv
Instance_7_4_2_0__DECOMP_EPS__eps_134,Instances/Tiny/Instance_7_4_2_0.txt,Tiny,decomp_eps,134,3600.0,results/raw/Instance_7_4_2_0__DECOMP_EPS__eps_134.csv
Instance_7_4_2_0__CP_WWS_EPS__eps_135,Instances/Tiny/Instance_7_4_2_0.txt,Tiny,cp_wws_eps,135,3600.0,results/raw/Instance_7_4_2_0__CP_WWS_EPS__eps_135.csv
Instance_7_4_2_0__LB_AP_EPS__eps_135,Instances/Tiny/Instance_7_4_2_0.txt,Tiny,lb_ap_eps,135,3600.0,results/raw/Instance_7_4_2_0__LB_AP_EPS__eps_135.csv
Instance_7_4_2_0__DECOMP_EPS__eps_135,Instances/Tiny/Instance_7_4_2_0.txt,Tiny,decomp_eps,135,3600.0,results/raw/Instance_7_4_2_0__DECOMP_EPS__eps_135.csv
Instance_7_4_2_0__CP_WWS_EPS__eps_136,Instances/Tiny/Instance_7_4_2_0.txt,Tiny,cp_wws_eps,136,3600.0,results/raw/Instance_7_4_2_0__CP_WWS_EPS__eps_136.csv
Instance_7_4_2_0__LB_AP_EPS__eps_136,Instances/Tiny/Instance_7_4_2_0.txt,Tiny,lb_ap_eps,136,3600.0,results/raw/Instance_7_4_2_0__LB_AP_EPS__eps_136.csv
Instance_7_4_2_0__DECOMP_EPS__eps_136,Instances/Tiny/Instance_7_4_2_0.txt,Tiny,decomp_eps,136,3600.0,results/raw/Instance_7_4_2_0__DECOMP_EPS__eps_136.csv
Instance_7_4_2_0__CP_WWS_EPS__eps_137,Instances/Tiny/Instance_7_4_2_0.txt,Tiny,cp_wws_eps,137,3600.0,results/raw/Instance_7_4_2_0__CP_WWS_EPS__eps_137.csv
Instance_7_4_2_0__LB_AP_EPS__eps_137,Instances/Tiny/Instance_7_4_2_0.txt,Tiny,lb_ap_eps,137,3600.0,results/raw/Instance_7_4_2_0__LB_AP_EPS__eps_137.csv
Instance_7_4_2_0__DECOMP_EPS__eps_137,Instances/Tiny/Instance_7_4_2_0.txt,Tiny,decomp_eps,137,3600.0,results/raw/Instance_7_4_2_0__DECOMP_EPS__eps_137.csv
Instance_7_4_2_0__CP_WWS_EPS__eps_138,Instances/Tiny/Instance_7_4_2_0.txt,Tiny,cp_wws_eps,138,3600.0,results/raw/Instance_7_4_2_0__CP_WWS_EPS__eps_138.csv
Instance_7_4_2_0__LB_AP_EPS__eps_138,Instances/Tiny/Instance_7_4_2_0.txt,Tiny,lb_ap_eps,138,3600.0,results/raw/Instance_7_4_2_0__LB_AP_EPS__eps_138.csv
Instance_7_4_2_0__DECOMP_EPS__eps_138,Instances/Tiny/Instance_7_4_2_0.txt,Tiny,decomp_eps,138,3600.0,results/raw/Instance_7_4_2_0__DECOMP_EPS__eps_138.csv
Instance_7_4_2_0__CP_WWS_EPS__eps_139,Instances/Tiny/Instance_7_4_2_0.txt,Tiny,cp_wws_eps,139,3600.0,results/raw/Instance_7_4_2_0__CP_WWS_EPS__eps_139.csv
Instance_7_4_2_0__LB_AP_EPS__eps_139,Instances/Tiny/Instance_7_4_2_0.txt,Tiny,lb_ap_eps,139,3600.0,results/raw/Instance_7_4_2_0__LB_AP_EPS__eps_139.csv
Instance_7_4_2_0__DECOMP_EPS__eps_139,Instances/Tiny/Instance_7_4_2_0.txt,Tiny,decomp_eps,139,3600.0,results/raw/Instance_7_4_2_0__DECOMP_EPS__eps_139.csv
Instance_7_4_2_0__CP_WWS_EPS__eps_140,Instances/Tiny/Instance_7_4_2_0.txt,Tiny,cp_wws_eps,140,3600.0,results/raw/Instance_7_4_2_0__CP_WWS_EPS__eps_140.csv
Instance_7_4_2_0__LB_AP_EPS__eps_140,Instances/Tiny/Instance_7_4_2_0.txt,Tiny,lb_ap_eps,140,3600.0,results/raw/Instance_7_4_2_0__LB_AP_EPS__eps_140.csv
Instance_7_4_2_0__DECOMP_EPS__eps_140,Instances/Tiny/Instance_7_4_2_0.txt,Tiny,decomp_eps,140,3600.0,results/raw/Instance_7_4_2_0__DECOMP_EPS__eps_140.csv
Instance_7_4_2_0__CP_WWS_EPS__eps_141,Instances/Tiny/Instance_7_4_2_0.txt,Tiny,cp_wws_eps,141,3600.0,results/raw/Instance_7_4_2_0__CP_WWS_EPS__eps_141.csv
Instance_7_4_2_0__LB_AP_EPS__eps_141,Instances/Tiny/Instance_7_4_2_0.txt,Tiny,lb_ap_eps,141,3600.0,results/raw/Instance_7_4_2_0__LB_AP_EPS__eps_141.csv
Instance_7_4_2_0__DECOMP_EPS__eps_141,Instances/Tiny/Instance_7_4_2_0.txt,Tiny,decomp_eps,141,3600.0,results/raw/Instance_7_4_2_0__DECOMP_EPS__eps_141.csv
Instance_7_4_2_0__CP_WWS_EPS__eps_142,Instances/Tiny/Instance_7_4_2_0.txt,Tiny,cp_wws_eps,142,3600.0,results/raw/Instance_7_4_2_0__CP_WWS_EPS__eps_142.csv
Instance_7_4_2_0__LB_AP_EPS__eps_142,Instances/Tiny/Instance_7_4_2_0.txt,Tiny,lb_ap_eps,142,3600.0,results/raw/Instance_7_4_2_0__LB_AP_EPS__eps_142.csv
Instance_7_4_2_0__DECOMP_EPS__eps_142,Instances/Tiny/Instance_7_4_2_0.txt,Tiny,decomp_eps,142,3600.0,results/raw/Instance_7_4_2_0__DECOMP_EPS__eps_142.csv
Instance_7_4_2_1__CP_WWS_EPS__eps_126,Instances/Tiny/Instance_7_4_2_1.txt,Tiny,cp_wws_eps,126,3600.0,results/raw/Instance_7_4_2_1__CP_WWS_EPS__eps_126.csv
Instance_7_4_2_1__LB_AP_EPS__eps_126,Instances/Tiny/Instance_7_4_2_1.txt,Tiny,lb_ap_eps,126,3600.0,results/raw/Instance_7_4_2_1__LB_AP_EPS__eps_126.csv
Instance_7_4_2_1__DECOMP_EPS__eps_126,Instances/Tiny/Instance_7_4_2_1.txt,Tiny,decomp_eps,126,3600.0,results/raw/Instance_7_4_2_1__DECOMP_EPS__eps_126.csv
Instance_7_4_2_1__CP_WWS_EPS__eps_127,Instances/Tiny/Instance_7_4_2_1.txt,Tiny,cp_wws_eps,127,3600.0,results/raw/Instance_7_4_2_1__CP_WWS_EPS__eps_127.csv
Instance_7_4_2_1__LB_AP_EPS__eps_127,Instances/Tiny/Instance_7_4_2_1.txt,Tiny,lb_ap_eps,127,3600.0,results/raw/Instance_7_4_2_1__LB_AP_EPS__eps_127.csv
Instance_7_4_2_1__DECOMP_EPS__eps_127,Instances/Tiny/Instance_7_4_2_1.txt,Tiny,decomp_eps,127,3600.0,results/raw/Instance_7_4_2_1__DECOMP_EPS__eps_127.csv
Instance_7_4_2_1__CP_WWS_EPS__eps_128,Instances/Tiny/Instance_7_4_2_1.txt,Tiny,cp_wws_eps,128,3600.0,results/raw/Instance_7_4_2_1__CP_WWS_EPS__eps_128.csv
Instance_7_4_2_1__LB_AP_EPS__eps_128,Instances/Tiny/Instance_7_4_2_1.txt,Tiny,lb_ap_eps,128,3600.0,results/raw/Instance_7_4_2_1__LB_AP_EPS__eps_128.csv
Instance_7_4_2_1__DECOMP_EPS__eps_128,Instances/Tiny/Instance_7_4_2_1.txt,Tiny,decomp_eps,128,3600.0,results/raw/Instance_7_4_2_1__DECOMP_EPS__eps_128.csv
Instance_7_4_2_1__CP_WWS_EPS__eps_129,Instances/Tiny/Instance_7_4_2_1.txt,Tiny,cp_wws_eps,129,3600.0,results/raw/Instance_7_4_2_1__CP_WWS_EPS__eps_129.csv
Instance_7_4_2_1__LB_AP_EPS__eps_129,Instances/Tiny/Instance_7_4_2_1.txt,Tiny,lb_ap_eps,129,3600.0,results/raw/Instance_7_4_2_1__LB_AP_EPS__eps_129.csv
Instance_7_4_2_1__DECOMP_EPS__eps_129,Instances/Tiny/Instance_7_4_2_1.txt,Tiny,decomp_eps,129,3600.0,results/raw/Instance_7_4_2_1__DECOMP_EPS__eps_129.csv
Instance_7_4_2_1__CP_WWS_EPS__eps_130,Instances/Tiny/Instance_7_4_2_1.txt,Tiny,cp_wws_eps,130,3600.0,results/raw/Instance_7_4_2_1__CP_WWS_EPS__eps_130.csv
Instance_7_4_2_1__LB_AP_EPS__eps_130,Instances/Tiny/Instance_7_4_2_1.txt,Tiny,lb_ap_eps,130,3600.0,results/raw/Instance_7_4_2_1__LB_AP_EPS__eps_130.csv
Instance_7_4_2_1__DECOMP_EPS__eps_130,Instances/Tiny/Instance_7_4_2_1.txt,Tiny,decomp_eps,130,3600.0,results/raw/Instance_7_4_2_1__DECOMP_EPS__eps_130.csv
Instance_7_4_2_1__CP_WWS_EPS__eps_131,Instances/Tiny/Instance_7_4_2_1.txt,Tiny,cp_wws_eps,131,3600.0,results/raw/Instance_7_4_2_1__CP_WWS_EPS__eps_131.csv
Instance_7_4_2_1__LB_AP_EPS__eps_131,Instances/Tiny/Instance_7_4_2_1.txt,Tiny,lb_ap_eps,131,3600.0,results/raw/Instance_7_4_2_1__LB_AP_EPS__eps_131.csv
Instance_7_4_2_1__DECOMP_EPS__eps_131,Instances/Tiny/Instance_7_4_2_1.txt,Tiny,decomp_eps,131,3600.0,results/raw/Instance_7_4_2_1__DECOMP_EPS__eps_131.csv
Instance_7_4_2_1__CP_WWS_EPS__eps_132,Instances/Tiny/Instance_7_4_2_1.txt,Tiny,cp_wws_eps,132,3600.0,results/raw/Instance_7_4_2_1__CP_WWS_EPS__eps_132.csv
Instance_7_4_2_1__LB_AP_EPS__eps_132,Instances/Tiny/Instance_7_4_2_1.txt,Tiny,lb_ap_eps,132,3600.0,results/raw/Instance_7_4_2_1__LB_AP_EPS__eps_132.csv
Instance_7_4_2_1__DECOMP_EPS__eps_132,Instances/Tiny/Instance_7_4_2_1.txt,Tiny,decomp_eps,132,3600.0,results/raw/Instance_7_4_2_1__DECOMP_EPS__eps_132.csv
Instance_7_4_2_1__CP_WWS_EPS__eps_133,Instances/Tiny/Instance_7_4_2_1.txt,Tiny,cp_wws_eps,133,3600.0,results/raw/Instance_7_4_2_1__CP_WWS_EPS__eps_133.csv
Instance_7_4_2_1__LB_AP_EPS__eps_133,Instances/Tiny/Instance_7_4_2_1.txt,Tiny,lb_ap_eps,133,3600.0,results/raw/Instance_7_4_2_1__LB_AP_EPS__eps_133.csv
Instance_7_4_2_1__DECOMP_EPS__eps_133,Instances/Tiny/Instance_7_4_2_1.txt,Tiny,decomp_eps,133,3600.0,results/raw/Instance_7_4_2_1__DECOMP_EPS__eps_133.csv
Instance_7_4_2_1__CP_WWS_EPS__eps_134,Instances/Tiny/Instance_7_4_2_1.txt,Tiny,cp_wws_eps,134,3600.0,results/raw/Instance_7_4_2_1__CP_WWS_EPS__eps_134.csv
Instance_7_4_2_1__LB_AP_EPS__eps_134,Instances/Tiny/Instance_7_4_2_1.txt,Tiny,lb_ap_eps,134,3600.0,results/raw/Instance_7_4_2_1__LB_AP_EPS__eps_134.csv
Instance_7_4_2_1__DECOMP_EPS__eps_134,Instances/Tiny/Instance_7_4_2_1.txt,Tiny,decomp_eps,134,3600.0,results/raw/Instance_7_4_2_1__DECOMP_EPS__eps_134.csv
Instance_7_4_2_1__CP_WWS_EPS__eps_135,Instances/Tiny/Instance_7_4_2_1.txt,Tiny,cp_wws_eps,135,3600.0,results/raw/Instance_7_4_2_1__CP_WWS_EPS__eps_135.csv
Instance_7_4_2_1__LB_AP_EPS__eps_135,Instances/Tiny/Instance_7_4_2_1.txt,Tiny,lb_ap_eps,135,3600.0,results/raw/Instance_7_4_2_1__LB_AP_EPS__eps_135.csv
Instance_7_4_2_1__DECOMP_EPS__eps_135,Instances/Tiny/Instance_7_4_2_1.txt,Tiny,decomp_eps,135,3600.0,results/raw/Instance_7_4_2_1__DECOMP_EPS__eps_135.csv
Instance_7_4_2_1__CP_WWS_EPS__eps_136,Instances/Tiny/Instance_7_4_2_1.txt,Tiny,cp_wws_eps,136,3600.0,results/raw/Instance_7_4_2_1__CP_WWS_EPS__eps_136.csv
Instance_7_4_2_1__LB_AP_EPS__eps_136,Instances/Tiny/Instance_7_4_2_1.txt,Tiny,lb_ap_eps,136,3600.0,results/raw/Instance_7_4_2_1__LB_AP_EPS__eps_136.csv
Instance_7_4_2_1__DECOMP_EPS__eps_136,Instances/Tiny/Instance_7_4_2_1.txt,Tiny,decomp_eps,136,3600.0,results/raw/Instance_7_4_2_1__DECOMP_EPS__eps_136.csv
Instance_7_4_2_1__CP_WWS_EPS__eps_137,Instances/Tiny/Instance_7_4_2_1.txt,Tiny,cp_wws_eps,137,3600.0,results/raw/Instance_7_4_2_1__CP_WWS_EPS__eps_137.csv
Instance_7_4_2_1__LB_AP_EPS__eps_137,Instances/Tiny/Instance_7_4_2_1.txt,Tiny,lb_ap_eps,137,3600.0,results/raw/Instance_7_4_2_1__LB_AP_EPS__eps_137.csv
Instance_7_4_2_1__DECOMP_EPS__eps_137,Instances/Tiny/Instance_7_4_2_1.txt,Tiny,decomp_eps,137,3600.0,results/raw/Instance_7_4_2_1__DECOMP_EPS__eps_137.csv
Instance_7_4_2_1__CP_WWS_EPS__eps_138,Instances/Tiny/Instance_7_4_2_1.txt,Tiny,cp_wws_eps,138,3600.0,results/raw/Instance_7_4_2_1__CP_WWS_EPS__eps_138.csv
Instance_7_4_2_1__LB_AP_EPS__eps_138,Instances/Tiny/Instance_7_4_2_1.txt,Tiny,lb_ap_eps,138,3600.0,results/raw/Instance_7_4_2_1__LB_AP_EPS__eps_138.csv
Instance_7_4_2_1__DECOMP_EPS__eps_138,Instances/Tiny/Instance_7_4_2_1.txt,Tiny,decomp_eps,138,3600.0,results/raw/Instance_7_4_2_1__DECOMP_EPS__eps_138.csv
Instance_7_4_2_1__CP_WWS_EPS__eps_139,Instances/Tiny/Instance_7_4_2_1.txt,Tiny,cp_wws_eps,139,3600.0,results/raw/Instance_7_4_2_1__CP_WWS_EPS__eps_139.csv
Instance_7_4_2_1__LB_AP_EPS__eps_139,Instances/Tiny/Instance_7_4_2_1.txt,Tiny,lb_ap_eps,139,3600.0,results/raw/Instance_7_4_2_1__LB_AP_EPS__eps_139.csv
Instance_7_4_2_1__DECOMP_EPS__eps_139,Instances/Tiny/Instance_7_4_2_1.txt,Tiny,decomp_eps,139,3600.0,results/raw/Instance_7_4_2_1__DECOMP_EPS__eps_139.csv
Instance_7_4_2_1__CP_WWS_EPS__eps_140,Instances/Tiny/Instance_7_4_2_1.txt,Tiny,cp_wws_eps,140,3600.0,results/raw/Instance_7_4_2_1__CP_WWS_EPS__eps_140.csv
Instance_7_4_2_1__LB_AP_EPS__eps_140,Instances/Tiny/Instance_7_4_2_1.txt,Tiny,lb_ap_eps,140,3600.0,results/raw/Instance_7_4_2_1__LB_AP_EPS__eps_140.csv
Instance_7_4_2_1__DECOMP_EPS__eps_140,Instances/Tiny/Instance_7_4_2_1.txt,Tiny,decomp_eps,140,3600.0,results/raw/Instance_7_4_2_1__DECOMP_EPS__eps_140.csv
Instance_7_4_2_1__CP_WWS_EPS__eps_141,Instances/Tiny/Instance_7_4_2_1.txt,Tiny,cp_wws_eps,141,3600.0,results/raw/Instance_7_4_2_1__CP_WWS_EPS__eps_141.csv
Instance_7_4_2_1__LB_AP_EPS__eps_141,Instances/Tiny/Instance_7_4_2_1.txt,Tiny,lb_ap_eps,141,3600.0,results/raw/Instance_7_4_2_1__LB_AP_EPS__eps_141.csv
Instance_7_4_2_1__DECOMP_EPS__eps_141,Instances/Tiny/Instance_7_4_2_1.txt,Tiny,decomp_eps,141,3600.0,results/raw/Instance_7_4_2_1__DECOMP_EPS__eps_141.csv
Instance_7_4_2_1__CP_WWS_EPS__eps_142,Instances/Tiny/Instance_7_4_2_1.txt,Tiny,cp_wws_eps,142,3600.0,results/raw/Instance_7_4_2_1__CP_WWS_EPS__eps_142.csv
Instance_7_4_2_1__LB_AP_EPS__eps_142,Instances/Tiny/Instance_7_4_2_1.txt,Tiny,lb_ap_eps,142,3600.0,results/raw/Instance_7_4_2_1__LB_AP_EPS__eps_142.csv
Instance_7_4_2_1__DECOMP_EPS__eps_142,Instances/Tiny/Instance_7_4_2_1.txt,Tiny,decomp_eps,142,3600.0,results/raw/Instance_7_4_2_1__DECOMP_EPS__eps_142.csv
Instance_7_4_2_1__CP_WWS_EPS__eps_143,Instances/Tiny/Instance_7_4_2_1.txt,Tiny,cp_wws_eps,143,3600.0,results/raw/Instance_7_4_2_1__CP_WWS_EPS__eps_143.csv
Instance_7_4_2_1__LB_AP_EPS__eps_143,Instances/Tiny/Instance_7_4_2_1.txt,Tiny,lb_ap_eps,143,3600.0,results/raw/Instance_7_4_2_1__LB_AP_EPS__eps_143.csv
Instance_7_4_2_1__DECOMP_EPS__eps_143,Instances/Tiny/Instance_7_4_2_1.txt,Tiny,decomp_eps,143,3600.0,results/raw/Instance_7_4_2_1__DECOMP_EPS__eps_143.csv
Instance_7_4_2_1__CP_WWS_EPS__eps_144,Instances/Tiny/Instance_7_4_2_1.txt,Tiny,cp_wws_eps,144,3600.0,results/raw/Instance_7_4_2_1__CP_WWS_EPS__eps_144.csv
Instance_7_4_2_1__LB_AP_EPS__eps_144,Instances/Tiny/Instance_7_4_2_1.txt,Tiny,lb_ap_eps,144,3600.0,results/raw/Instance_7_4_2_1__LB_AP_EPS__eps_144.csv
Instance_7_4_2_1__DECOMP_EPS__eps_144,Instances/Tiny/Instance_7_4_2_1.txt,Tiny,decomp_eps,144,3600.0,results/raw/Instance_7_4_2_1__DECOMP_EPS__eps_144.csv
Instance_7_4_2_1__CP_WWS_EPS__eps_145,Instances/Tiny/Instance_7_4_2_1.txt,Tiny,cp_wws_eps,145,3600.0,results/raw/Instance_7_4_2_1__CP_WWS_EPS__eps_145.csv
Instance_7_4_2_1__LB_AP_EPS__eps_145,Instances/Tiny/Instance_7_4_2_1.txt,Tiny,lb_ap_eps,145,3600.0,results/raw/Instance_7_4_2_1__LB_AP_EPS__eps_145.csv
Instance_7_4_2_1__DECOMP_EPS__eps_145,Instances/Tiny/Instance_7_4_2_1.txt,Tiny,decomp_eps,145,3600.0,results/raw/Instance_7_4_2_1__DECOMP_EPS__eps_145.csv
Instance_7_4_2_1__CP_WWS_EPS__eps_146,Instances/Tiny/Instance_7_4_2_1.txt,Tiny,cp_wws_eps,146,3600.0,results/raw/Instance_7_4_2_1__CP_WWS_EPS__eps_146.csv
Instance_7_4_2_1__LB_AP_EPS__eps_146,Instances/Tiny/Instance_7_4_2_1.txt,Tiny,lb_ap_eps,146,3600.0,results/raw/Instance_7_4_2_1__LB_AP_EPS__eps_146.csv
Instance_7_4_2_1__DECOMP_EPS__eps_146,Instances/Tiny/Instance_7_4_2_1.txt,Tiny,decomp_eps,146,3600.0,results/raw/Instance_7_4_2_1__DECOMP_EPS__eps_146.csv
Instance_7_4_2_1__CP_WWS_EPS__eps_147,Instances/Tiny/Instance_7_4_2_1.txt,Tiny,cp_wws_eps,147,3600.0,results/raw/Instance_7_4_2_1__CP_WWS_EPS__eps_147.csv
Instance_7_4_2_1__LB_AP_EPS__eps_147,Instances/Tiny/Instance_7_4_2_1.txt,Tiny,lb_ap_eps,147,3600.0,results/raw/Instance_7_4_2_1__LB_AP_EPS__eps_147.csv
Instance_7_4_2_1__DECOMP_EPS__eps_147,Instances/Tiny/Instance_7_4_2_1.txt,Tiny,decomp_eps,147,3600.0,results/raw/Instance_7_4_2_1__DECOMP_EPS__eps_147.csv
Instance_7_4_2_1__CP_WWS_EPS__eps_148,Instances/Tiny/Instance_7_4_2_1.txt,Tiny,cp_wws_eps,148,3600.0,results/raw/Instance_7_4_2_1__CP_WWS_EPS__eps_148.csv
Instance_7_4_2_1__LB_AP_EPS__eps_148,Instances/Tiny/Instance_7_4_2_1.txt,Tiny,lb_ap_eps,148,3600.0,results/raw/Instance_7_4_2_1__LB_AP_EPS__eps_148.csv
Instance_7_4_2_1__DECOMP_EPS__eps_148,Instances/Tiny/Instance_7_4_2_1.txt,Tiny,decomp_eps,148,3600.0,results/raw/Instance_7_4_2_1__DECOMP_EPS__eps_148.csv
Instance_7_4_2_1__CP_WWS_EPS__eps_149,Instances/Tiny/Instance_7_4_2_1.txt,Tiny,cp_wws_eps,149,3600.0,results/raw/Instance_7_4_2_1__CP_WWS_EPS__eps_149.csv
Instance_7_4_2_1__LB_AP_EPS__eps_149,Instances/Tiny/Instance_7_4_2_1.txt,Tiny,lb_ap_eps,149,3600.0,results/raw/Instance_7_4_2_1__LB_AP_EPS__eps_149.csv
Instance_7_4_2_1__DECOMP_EPS__eps_149,Instances/Tiny/Instance_7_4_2_1.txt,Tiny,decomp_eps,149,3600.0,results/raw/Instance_7_4_2_1__DECOMP_EPS__eps_149.csv
Instance_7_4_2_1__CP_WWS_EPS__eps_150,Instances/Tiny/Instance_7_4_2_1.txt,Tiny,cp_wws_eps,150,3600.0,results/raw/Instance_7_4_2_1__CP_WWS_EPS__eps_150.csv
Instance_7_4_2_1__LB_AP_EPS__eps_150,Instances/Tiny/Instance_7_4_2_1.txt,Tiny,lb_ap_eps,150,3600.0,results/raw/Instance_7_4_2_1__LB_AP_EPS__eps_150.csv
Instance_7_4_2_1__DECOMP_EPS__eps_150,Instances/Tiny/Instance_7_4_2_1.txt,Tiny,decomp_eps,150,3600.0,results/raw/Instance_7_4_2_1__DECOMP_EPS__eps_150.csv
Instance_7_4_2_1__CP_WWS_EPS__eps_151,Instances/Tiny/Instance_7_4_2_1.txt,Tiny,cp_wws_eps,151,3600.0,results/raw/Instance_7_4_2_1__CP_WWS_EPS__eps_151.csv
Instance_7_4_2_1__LB_AP_EPS__eps_151,Instances/Tiny/Instance_7_4_2_1.txt,Tiny,lb_ap_eps,151,3600.0,results/raw/Instance_7_4_2_1__LB_AP_EPS__eps_151.csv
Instance_7_4_2_1__DECOMP_EPS__eps_151,Instances/Tiny/Instance_7_4_2_1.txt,Tiny,decomp_eps,151,3600.0,results/raw/Instance_7_4_2_1__DECOMP_EPS__eps_151.csv
Instance_7_4_2_1__CP_WWS_EPS__eps_152,Instances/Tiny/Instance_7_4_2_1.txt,Tiny,cp_wws_eps,152,3600.0,results/raw/Instance_7_4_2_1__CP_WWS_EPS__eps_152.csv
Instance_7_4_2_1__LB_AP_EPS__eps_152,Instances/Tiny/Instance_7_4_2_1.txt,Tiny,lb_ap_eps,152,3600.0,results/raw/Instance_7_4_2_1__LB_AP_EPS__eps_152.csv
Instance_7_4_2_1__DECOMP_EPS__eps_152,Instances/Tiny/Instance_7_4_2_1.txt,Tiny,decomp_eps,152,3600.0,results/raw/Instance_7_4_2_1__DECOMP_EPS__eps_152.csv
Instance_7_4_2_1__CP_WWS_EPS__eps_153,Instances/Tiny/Instance_7_4_2_1.txt,Tiny,cp_wws_eps,153,3600.0,results/raw/Instance_7_4_2_1__CP_WWS_EPS__eps_153.csv
Instance_7_4_2_1__LB_AP_EPS__eps_153,Instances/Tiny/Instance_7_4_2_1.txt,Tiny,lb_ap_eps,153,3600.0,results/raw/Instance_7_4_2_1__LB_AP_EPS__eps_153.csv
Instance_7_4_2_1__DECOMP_EPS__eps_153,Instances/Tiny/Instance_7_4_2_1.txt,Tiny,decomp_eps,153,3600.0,results/raw/Instance_7_4_2_1__DECOMP_EPS__eps_153.csv
Instance_7_4_2_1__CP_WWS_EPS__eps_154,Instances/Tiny/Instance_7_4_2_1.txt,Tiny,cp_wws_eps,154,3600.0,results/raw/Instance_7_4_2_1__CP_WWS_EPS__eps_154.csv
Instance_7_4_2_1__LB_AP_EPS__eps_154,Instances/Tiny/Instance_7_4_2_1.txt,Tiny,lb_ap_eps,154,3600.0,results/raw/Instance_7_4_2_1__LB_AP_EPS__eps_154.csv
Instance_7_4_2_1__DECOMP_EPS__eps_154,Instances/Tiny/Instance_7_4_2_1.txt,Tiny,decomp_eps,154,3600.0,results/raw/Instance_7_4_2_1__DECOMP_EPS__eps_154.csv
Instance_7_4_2_1__CP_WWS_EPS__eps_155,Instances/Tiny/Instance_7_4_2_1.txt,Tiny,cp_wws_eps,155,3600.0,results/raw/Instance_7_4_2_1__CP_WWS_EPS__eps_155.csv
Instance_7_4_2_1__LB_AP_EPS__eps_155,Instances/Tiny/Instance_7_4_2_1.txt,Tiny,lb_ap_eps,155,3600.0,results/raw/Instance_7_4_2_1__LB_AP_EPS__eps_155.csv
Instance_7_4_2_1__DECOMP_EPS__eps_155,Instances/Tiny/Instance_7_4_2_1.txt,Tiny,decomp_eps,155,3600.0,results/raw/Instance_7_4_2_1__DECOMP_EPS__eps_155.csv
Instance_7_4_2_1__CP_WWS_EPS__eps_156,Instances/Tiny/Instance_7_4_2_1.txt,Tiny,cp_wws_eps,156,3600.0,results/raw/Instance_7_4_2_1__CP_WWS_EPS__eps_156.csv
Instance_7_4_2_1__LB_AP_EPS__eps_156,Instances/Tiny/Instance_7_4_2_1.txt,Tiny,lb_ap_eps,156,3600.0,results/raw/Instance_7_4_2_1__LB_AP_EPS__eps_156.csv
Instance_7_4_2_1__DECOMP_EPS__eps_156,Instances/Tiny/Instance_7_4_2_1.txt,Tiny,decomp_eps,156,3600.0,results/raw/Instance_7_4_2_1__DECOMP_EPS__eps_156.csv
Instance_7_4_2_1__CP_WWS_EPS__eps_157,Instances/Tiny/Instance_7_4_2_1.txt,Tiny,cp_wws_eps,157,3600.0,results/raw/Instance_7_4_2_1__CP_WWS_EPS__eps_157.csv
Instance_7_4_2_1__LB_AP_EPS__eps_157,Instances/Tiny/Instance_7_4_2_1.txt,Tiny,lb_ap_eps,157,3600.0,results/raw/Instance_7_4_2_1__LB_AP_EPS__eps_157.csv
Instance_7_4_2_1__DECOMP_EPS__eps_157,Instances/Tiny/Instance_7_4_2_1.txt,Tiny,decomp_eps,157,3600.0,results/raw/Instance_7_4_2_1__DECOMP_EPS__eps_157.csv
Instance_7_4_2_1__CP_WWS_EPS__eps_158,Instances/Tiny/Instance_7_4_2_1.txt,Tiny,cp_wws_eps,158,3600.0,results/raw/Instance_7_4_2_1__CP_WWS_EPS__eps_158.csv
Instance_7_4_2_1__LB_AP_EPS__eps_158,Instances/Tiny/Instance_7_4_2_1.txt,Tiny,lb_ap_eps,158,3600.0,results/raw/Instance_7_4_2_1__LB_AP_EPS__eps_158.csv
Instance_7_4_2_1__DECOMP_EPS__eps_158,Instances/Tiny/Instance_7_4_2_1.txt,Tiny,decomp_eps,158,3600.0,results/raw/Instance_7_4_2_1__DECOMP_EPS__eps_158.csv
Instance_7_4_2_1__CP_WWS_EPS__eps_159,Instances/Tiny/Instance_7_4_2_1.txt,Tiny,cp_wws_eps,159,3600.0,results/raw/Instance_7_4_2_1__CP_WWS_EPS__eps_159.csv
Instance_7_4_2_1__LB_AP_EPS__eps_159,Instances/Tiny/Instance_7_4_2_1.txt,Tiny,lb_ap_eps,159,3600.0,results/raw/Instance_7_4_2_1__LB_AP_EPS__eps_159.csv
Instance_7_4_2_1__DECOMP_EPS__eps_159,Instances/Tiny/Instance_7_4_2_1.txt,Tiny,decomp_eps,159,3600.0,results/raw/Instance_7_4_2_1__DECOMP_EPS__eps_159.csv
Instance_7_4_2_1__CP_WWS_EPS__eps_160,Instances/Tiny/Instance_7_4_2_1.txt,Tiny,cp_wws_eps,160,3600.0,results/raw/Instance_7_4_2_1__CP_WWS_EPS__eps_160.csv
Instance_7_4_2_1__LB_AP_EPS__eps_160,Instances/Tiny/Instance_7_4_2_1.txt,Tiny,lb_ap_eps,160,3600.0,results/raw/Instance_7_4_2_1__LB_AP_EPS__eps_160.csv
Instance_7_4_2_1__DECOMP_EPS__eps_160,Instances/Tiny/Instance_7_4_2_1.txt,Tiny,decomp_eps,160,3600.0,results/raw/Instance_7_4_2_1__DECOMP_EPS__eps_160.csv
Instance_7_4_2_1__CP_WWS_EPS__eps_161,Instances/Tiny/Instance_7_4_2_1.txt,Tiny,cp_wws_eps,161,3600.0,results/raw/Instance_7_4_2_1__CP_WWS_EPS__eps_161.csv
Instance_7_4_2_1__LB_AP_EPS__eps_161,Instances/Tiny/Instance_7_4_2_1.txt,Tiny,lb_ap_eps,161,3600.0,results/raw/Instance_7_4_2_1__LB_AP_EPS__eps_161.csv
Instance_7_4_2_1__DECOMP_EPS__eps_161,Instances/Tiny/Instance_7_4_2_1.txt,Tiny,decomp_eps,161,3600.0,results/raw/Instance_7_4_2_1__DECOMP_EPS__eps_161.csv
Instance_7_4_2_1__CP_WWS_EPS__eps_162,Instances/Tiny/Instance_7_4_2_1.txt,Tiny,cp_wws_eps,162,3600.0,results/raw/Instance_7_4_2_1__CP_WWS_EPS__eps_162.csv
Instance_7_4_2_1__LB_AP_EPS__eps_162,Instances/Tiny/Instance_7_4_2_1.txt,Tiny,lb_ap_eps,162,3600.0,results/raw/Instance_7_4_2_1__LB_AP_EPS__eps_162.csv
Instance_7_4_2_1__DECOMP_EPS__eps_162,Instances/Tiny/Instance_7_4_2_1.txt,Tiny,decomp_eps,162,3600.0,results/raw/Instance_7_4_2_1__DECOMP_EPS__eps_162.csv
Instance_7_4_2_1__CP_WWS_EPS__eps_163,Instances/Tiny/Instance_7_4_2_1.txt,Tiny,cp_wws_eps,163,3600.0,results/raw/Instance_7_4_2_1__CP_WWS_EPS__eps_163.csv
Instance_7_4_2_1__LB_AP_EPS__eps_163,Instances/Tiny/Instance_7_4_2_1.txt,Tiny,lb_ap_eps,163,3600.0,results/raw/Instance_7_4_2_1__LB_AP_EPS__eps_163.csv
Instance_7_4_2_1__DECOMP_EPS__eps_163,Instances/Tiny/Instance_7_4_2_1.txt,Tiny,decomp_eps,163,3600.0,results/raw/Instance_7_4_2_1__DECOMP_EPS__eps_163.csv
Instance_7_4_2_1__CP_WWS_EPS__eps_164,Instances/Tiny/Instance_7_4_2_1.txt,Tiny,cp_wws_eps,164,3600.0,results/raw/Instance_7_4_2_1__CP_WWS_EPS__eps_164.csv
Instance_7_4_2_1__LB_AP_EPS__eps_164,Instances/Tiny/Instance_7_4_2_1.txt,Tiny,lb_ap_eps,164,3600.0,results/raw/Instance_7_4_2_1__LB_AP_EPS__eps_164.csv
Instance_7_4_2_1__DECOMP_EPS__eps_164,Instances/Tiny/Instance_7_4_2_1.txt,Tiny,decomp_eps,164,3600.0,results/raw/Instance_7_4_2_1__DECOMP_EPS__eps_164.csv
Instance_7_4_2_1__CP_WWS_EPS__eps_165,Instances/Tiny/Instance_7_4_2_1.txt,Tiny,cp_wws_eps,165,3600.0,results/raw/Instance_7_4_2_1__CP_WWS_EPS__eps_165.csv
Instance_7_4_2_1__LB_AP_EPS__eps_165,Instances/Tiny/Instance_7_4_2_1.txt,Tiny,lb_ap_eps,165,3600.0,results/raw/Instance_7_4_2_1__LB_AP_EPS__eps_165.csv
Instance_7_4_2_1__DECOMP_EPS__eps_165,Instances/Tiny/Instance_7_4_2_1.txt,Tiny,decomp_eps,165,3600.0,results/raw/Instance_7_4_2_1__DECOMP_EPS__eps_165.csv
Instance_7_4_2_1__CP_WWS_EPS__eps_166,Instances/Tiny/Instance_7_4_2_1.txt,Tiny,cp_wws_eps,166,3600.0,results/raw/Instance_7_4_2_1__CP_WWS_EPS__eps_166.csv
Instance_7_4_2_1__LB_AP_EPS__eps_166,Instances/Tiny/Instance_7_4_2_1.txt,Tiny,lb_ap_eps,166,3600.0,results/raw/Instance_7_4_2_1__LB_AP_EPS__eps_166.csv
Instance_7_4_2_1__DECOMP_EPS__eps_166,Instances/Tiny/Instance_7_4_2_1.txt,Tiny,decomp_eps,166,3600.0,results/raw/Instance_7_4_2_1__DECOMP_EPS__eps_166.csv
Instance_7_4_2_1__CP_WWS_EPS__eps_167,Instances/Tiny/Instance_7_4_2_1.txt,Tiny,cp_wws_eps,167,3600.0,results/raw/Instance_7_4_2_1__CP_WWS_EPS__eps_167.csv
Instance_7_4_2_1__LB_AP_EPS__eps_167,Instances/Tiny/Instance_7_4_2_1.txt,Tiny,lb_ap_eps,167,3600.0,results/raw/Instance_7_4_2_1__LB_AP_EPS__eps_167.csv
Instance_7_4_2_1__DECOMP_EPS__eps_167,Instances/Tiny/Instance_7_4_2_1.txt,Tiny,decomp_eps,167,3600.0,results/raw/Instance_7_4_2_1__DECOMP_EPS__eps_167.csv
Instance_7_4_2_1__CP_WWS_EPS__eps_168,Instances/Tiny/Instance_7_4_2_1.txt,Tiny,cp_wws_eps,168,3600.0,results/raw/Instance_7_4_2_1__CP_WWS_EPS__eps_168.csv
Instance_7_4_2_1__LB_AP_EPS__eps_168,Instances/Tiny/Instance_7_4_2_1.txt,Tiny,lb_ap_eps,168,3600.0,results/raw/Instance_7_4_2_1__LB_AP_EPS__eps_168.csv
Instance_7_4_2_1__DECOMP_EPS__eps_168,Instances/Tiny/Instance_7_4_2_1.txt,Tiny,decomp_eps,168,3600.0,results/raw/Instance_7_4_2_1__DECOMP_EPS__eps_168.csv
Instance_7_4_2_1__CP_WWS_EPS__eps_169,Instances/Tiny/Instance_7_4_2_1.txt,Tiny,cp_wws_eps,169,3600.0,results/raw/Instance_7_4_2_1__CP_WWS_EPS__eps_169.csv
Instance_7_4_2_1__LB_AP_EPS__eps_169,Instances/Tiny/Instance_7_4_2_1.txt,Tiny,lb_ap_eps,169,3600.0,results/raw/Instance_7_4_2_1__LB_AP_EPS__eps_169.csv
Instance_7_4_2_1__DECOMP_EPS__eps_169,Instances/Tiny/Instance_7_4_2_1.txt,Tiny,decomp_eps,169,3600.0,results/raw/Instance_7_4_2_1__DECOMP_EPS__eps_169.csv
Instance_7_4_2_1__CP_WWS_EPS__eps_170,Instances/Tiny/Instance_7_4_2_1.txt,Tiny,cp_wws_eps,170,3600.0,results/raw/Instance_7_4_2_1__CP_WWS_EPS__eps_170.csv
Instance_7_4_2_1__LB_AP_EPS__eps_170,Instances/Tiny/Instance_7_4_2_1.txt,Tiny,lb_ap_eps,170,3600.0,results/raw/Instance_7_4_2_1__LB_AP_EPS__eps_170.csv
Instance_7_4_2_1__DECOMP_EPS__eps_170,Instances/Tiny/Instance_7_4_2_1.txt,Tiny,decomp_eps,170,3600.0,results/raw/Instance_7_4_2_1__DECOMP_EPS__eps_170.csv
Instance_7_4_2_1__CP_WWS_EPS__eps_171,Instances/Tiny/Instance_7_4_2_1.txt,Tiny,cp_wws_eps,171,3600.0,results/raw/Instance_7_4_2_1__CP_WWS_EPS__eps_171.csv
Instance_7_4_2_1__LB_AP_EPS__eps_171,Instances/Tiny/Instance_7_4_2_1.txt,Tiny,lb_ap_eps,171,3600.0,results/raw/Instance_7_4_2_1__LB_AP_EPS__eps_171.csv
Instance_7_4_2_1__DECOMP_EPS__eps_171,Instances/Tiny/Instance_7_4_2_1.txt,Tiny,decomp_eps,171,3600.0,results/raw/Instance_7_4_2_1__DECOMP_EPS__eps_171.csv
Instance_7_4_2_1__CP_WWS_EPS__eps_172,Instances/Tiny/Instance_7_4_2_1.txt,Tiny,cp_wws_eps,172,3600.0,results/raw/Instance_7_4_2_1__CP_WWS_EPS__eps_172.csv
Instance_7_4_2_1__LB_AP_EPS__eps_172,Instances/Tiny/Instance_7_4_2_1.txt,Tiny,lb_ap_eps,172,3600.0,results/raw/Instance_7_4_2_1__LB_AP_EPS__eps_172.csv
Instance_7_4_2_1__DECOMP_EPS__eps_172,Instances/Tiny/Instance_7_4_2_1.txt,Tiny,decomp_eps,172,3600.0,results/raw/Instance_7_4_2_1__DECOMP_EPS__eps_172.csv
Instance_7_4_2_1__CP_WWS_EPS__eps_173,Instances/Tiny/Instance_7_4_2_1.txt,Tiny,cp_wws_eps,173,3600.0,results/raw/Instance_7_4_2_1__CP_WWS_EPS__eps_173.csv
Instance_7_4_2_1__LB_AP_EPS__eps_173,Instances/Tiny/Instance_7_4_2_1.txt,Tiny,lb_ap_eps,173,3600.0,results/raw/Instance_7_4_2_1__LB_AP_EPS__eps_173.csv
Instance_7_4_2_1__DECOMP_EPS__eps_173,Instances/Tiny/Instance_7_4_2_1.txt,Tiny,decomp_eps,173,3600.0,results/raw/Instance_7_4_2_1__DECOMP_EPS__eps_173.csv
Instance_7_4_2_1__CP_WWS_EPS__eps_174,Instances/Tiny/Instance_7_4_2_1.txt,Tiny,cp_wws_eps,174,3600.0,results/raw/Instance_7_4_2_1__CP_WWS_EPS__eps_174.csv
Instance_7_4_2_1__LB_AP_EPS__eps_174,Instances/Tiny/Instance_7_4_2_1.txt,Tiny,lb_ap_eps,174,3600.0,results/raw/Instance_7_4_2_1__LB_AP_EPS__eps_174.csv
Instance_7_4_2_1__DECOMP_EPS__eps_174,Instances/Tiny/Instance_7_4_2_1.txt,Tiny,decomp_eps,174,3600.0,results/raw/Instance_7_4_2_1__DECOMP_EPS__eps_174.csv
Instance_7_4_2_2__CP_WWS_EPS__eps_132,Instances/Tiny/Instance_7_4_2_2.txt,Tiny,cp_wws_eps,132,3600.0,results/raw/Instance_7_4_2_2__CP_WWS_EPS__eps_132.csv
Instance_7_4_2_2__LB_AP_EPS__eps_132,Instances/Tiny/Instance_7_4_2_2.txt,Tiny,lb_ap_eps,132,3600.0,results/raw/Instance_7_4_2_2__LB_AP_EPS__eps_132.csv
Instance_7_4_2_2__DECOMP_EPS__eps_132,Instances/Tiny/Instance_7_4_2_2.txt,Tiny,decomp_eps,132,3600.0,results/raw/Instance_7_4_2_2__DECOMP_EPS__eps_132.csv
Instance_7_4_2_2__CP_WWS_EPS__eps_133,Instances/Tiny/Instance_7_4_2_2.txt,Tiny,cp_wws_eps,133,3600.0,results/raw/Instance_7_4_2_2__CP_WWS_EPS__eps_133.csv
Instance_7_4_2_2__LB_AP_EPS__eps_133,Instances/Tiny/Instance_7_4_2_2.txt,Tiny,lb_ap_eps,133,3600.0,results/raw/Instance_7_4_2_2__LB_AP_EPS__eps_133.csv
Instance_7_4_2_2__DECOMP_EPS__eps_133,Instances/Tiny/Instance_7_4_2_2.txt,Tiny,decomp_eps,133,3600.0,results/raw/Instance_7_4_2_2__DECOMP_EPS__eps_133.csv
Instance_7_4_2_2__CP_WWS_EPS__eps_134,Instances/Tiny/Instance_7_4_2_2.txt,Tiny,cp_wws_eps,134,3600.0,results/raw/Instance_7_4_2_2__CP_WWS_EPS__eps_134.csv
Instance_7_4_2_2__LB_AP_EPS__eps_134,Instances/Tiny/Instance_7_4_2_2.txt,Tiny,lb_ap_eps,134,3600.0,results/raw/Instance_7_4_2_2__LB_AP_EPS__eps_134.csv
Instance_7_4_2_2__DECOMP_EPS__eps_134,Instances/Tiny/Instance_7_4_2_2.txt,Tiny,decomp_eps,134,3600.0,results/raw/Instance_7_4_2_2__DECOMP_EPS__eps_134.csv
Instance_7_4_2_2__CP_WWS_EPS__eps_135,Instances/Tiny/Instance_7_4_2_2.txt,Tiny,cp_wws_eps,135,3600.0,results/raw/Instance_7_4_2_2__CP_WWS_EPS__eps_135.csv
Instance_7_4_2_2__LB_AP_EPS__eps_135,Instances/Tiny/Instance_7_4_2_2.txt,Tiny,lb_ap_eps,135,3600.0,results/raw/Instance_7_4_2_2__LB_AP_EPS__eps_135.csv
Instance_7_4_2_2__DECOMP_EPS__eps_135,Instances/Tiny/Instance_7_4_2_2.txt,Tiny,decomp_eps,135,3600.0,results/raw/Instance_7_4_2_2__DECOMP_EPS__eps_135.csv
Instance_7_4_2_2__CP_WWS_EPS__eps_136,Instances/Tiny/Instance_7_4_2_2.txt,Tiny,cp_wws_eps,136,3600.0,results/raw/Instance_7_4_2_2__CP_WWS_EPS__eps_136.csv
Instance_7_4_2_2__LB_AP_EPS__eps_136,Instances/Tiny/Instance_7_4_2_2.txt,Tiny,lb_ap_eps,136,3600.0,results/raw/Instance_7_4_2_2__LB_AP_EPS__eps_136.csv
Instance_7_4_2_2__DECOMP_EPS__eps_136,Instances/Tiny/Instance_7_4_2_2.txt,Tiny,decomp_eps,136,3600.0,results/raw/Instance_7_4_2_2__DECOMP_EPS__eps_136.csv
Instance_7_4_2_2__CP_WWS_EPS__eps_137,Instances/Tiny/Instance_7_4_2_2.txt,Tiny,cp_wws_eps,137,3600.0,results/raw/Instance_7_4_2_2__CP_WWS_EPS__eps_137.csv
Instance_7_4_2_2__LB_AP_EPS__eps_137,Instances/Tiny/Instance_7_4_2_2.txt,Tiny,lb_ap_eps,137,3600.0,results/raw/Instance_7_4_2_2__LB_AP_EPS__eps_137.csv
Instance_7_4_2_2__DECOMP_EPS__eps_137,Instances/Tiny/Instance_7_4_2_2.txt,Tiny,decomp_eps,137,3600.0,results/raw/Instance_7_4_2_2__DECOMP_EPS__eps_137.csv
Instance_7_4_2_2__CP_WWS_EPS__eps_138,Instances/Tiny/Instance_7_4_2_2.txt,Tiny,cp_wws_eps,138,3600.0,results/raw/Instance_7_4_2_2__CP_WWS_EPS__eps_138.csv
Instance_7_4_2_2__LB_AP_EPS__eps_138,Instances/Tiny/Instance_7_4_2_2.txt,Tiny,lb_ap_eps,138,3600.0,results/raw/Instance_7_4_2_2__LB_AP_EPS__eps_138.csv
Instance_7_4_2_2__DECOMP_EPS__eps_138,Instances/Tiny/Instance_7_4_2_2.txt,Tiny,decomp_eps,138,3600.0,results/raw/Instance_7_4_2_2__DECOMP_EPS__eps_138.csv
Instance_7_4_2_2__CP_WWS_EPS__eps_139,Instances/Tiny/Instance_7_4_2_2.txt,Tiny,cp_wws_eps,139,3600.0,results/raw/Instance_7_4_2_2__CP_WWS_EPS__eps_139.csv
Instance_7_4_2_2__LB_AP_EPS__eps_139,Instances/Tiny/Instance_7_4_2_2.txt,Tiny,lb_ap_eps,139,3600.0,results/raw/Instance_7_4_2_2__LB_AP_EPS__eps_139.csv
Instance_7_4_2_2__DECOMP_EPS__eps_139,Instances/Tiny/Instance_7_4_2_2.txt,Tiny,decomp_eps,139,3600.0,results/raw/Instance_7_4_2_2__DECOMP_EPS__eps_139.csv
Instance_7_4_2_2__CP_WWS_EPS__eps_140,Instances/Tiny/Instance_7_4_2_2.txt,Tiny,cp_wws_eps,140,3600.0,results/raw/Instance_7_4_2_2__CP_WWS_EPS__eps_140.csv
Instance_7_4_2_2__LB_AP_EPS__eps_140,Instances/Tiny/Instance_7_4_2_2.txt,Tiny,lb_ap_eps,140,3600.0,results/raw/Instance_7_4_2_2__LB_AP_EPS__eps_140.csv
Instance_7_4_2_2__DECOMP_EPS__eps_140,Instances/Tiny/Instance_7_4_2_2.txt,Tiny,decomp_eps,140,3600.0,results/raw/Instance_7_4_2_2__DECOMP_EPS__eps_140.csv
Instance_7_4_2_2__CP_WWS_EPS__eps_141,Instances/Tiny/Instance_7_4_2_2.txt,Tiny,cp_wws_eps,141,3600.0,results/raw/Instance_7_4_2_2__CP_WWS_EPS__eps_141.csv
Instance_7_4_2_2__LB_AP_EPS__eps_141,Instances/Tiny/Instance_7_4_2_2.txt,Tiny,lb_ap_eps,141,3600.0,results/raw/Instance_7_4_2_2__LB_AP_EPS__eps_141.csv
Instance_7_4_2_2__DECOMP_EPS__eps_141,Instances/Tiny/Instance_7_4_2_2.txt,Tiny,decomp_eps,141,3600.0,results/raw/Instance_7_4_2_2__DECOMP_EPS__eps_141.csv
Instance_7_4_2_2__CP_WWS_EPS__eps_142,Instances/Tiny/Instance_7_4_2_2.txt,Tiny,cp_wws_eps,142,3600.0,results/raw/Instance_7_4_2_2__CP_WWS_EPS__eps_142.csv
Instance_7_4_2_2__LB_AP_EPS__eps_142,Instances/Tiny/Instance_7_4_2_2.txt,Tiny,lb_ap_eps,142,3600.0,results/raw/Instance_7_4_2_2__LB_AP_EPS__eps_142.csv
Instance_7_4_2_2__DECOMP_EPS__eps_142,Instances/Tiny/Instance_7_4_2_2.txt,Tiny,decomp_eps,142,3600.0,results/raw/Instance_7_4_2_2__DECOMP_EPS__eps_142.csv
Instance_7_4_2_2__CP_WWS_EPS__eps_143,Instances/Tiny/Instance_7_4_2_2.txt,Tiny,cp_wws_eps,143,3600.0,results/raw/Instance_7_4_2_2__CP_WWS_EPS__eps_143.csv
Instance_7_4_2_2__LB_AP_EPS__eps_143,Instances/Tiny/Instance_7_4_2_2.txt,Tiny,lb_ap_eps,143,3600.0,results/raw/Instance_7_4_2_2__LB_AP_EPS__eps_143.csv
Instance_7_4_2_2__DECOMP_EPS__eps_143,Instances/Tiny/Instance_7_4_2_2.txt,Tiny,decomp_eps,143,3600.0,results/raw/Instance_7_4_2_2__DECOMP_EPS__eps_143.csv
Instance_7_4_2_2__CP_WWS_EPS__eps_144,Instances/Tiny/Instance_7_4_2_2.txt,Tiny,cp_wws_eps,144,3600.0,results/raw/Instance_7_4_2_2__CP_WWS_EPS__eps_144.csv
Instance_7_4_2_2__LB_AP_EPS__eps_144,Instances/Tiny/Instance_7_4_2_2.txt,Tiny,lb_ap_eps,144,3600.0,results/raw/Instance_7_4_2_2__LB_AP_EPS__eps_144.csv
Instance_7_4_2_2__DECOMP_EPS__eps_144,Instances/Tiny/Instance_7_4_2_2.txt,Tiny,decomp_eps,144,3600.0,results/raw/Instance_7_4_2_2__DECOMP_EPS__eps_144.csv
Instance_7_4_2_2__CP_WWS_EPS__eps_145,Instances/Tiny/Instance_7_4_2_2.txt,Tiny,cp_wws_eps,145,3600.0,results/raw/Instance_7_4_2_2__CP_WWS_EPS__eps_145.csv
Instance_7_4_2_2__LB_AP_EPS__eps_145,Instances/Tiny/Instance_7_4_2_2.txt,Tiny,lb_ap_eps,145,3600.0,results/raw/Instance_7_4_2_2__LB_AP_EPS__eps_145.csv
Instance_7_4_2_2__DECOMP_EPS__eps_145,Instances/Tiny/Instance_7_4_2_2.txt,Tiny,decomp_eps,145,3600.0,results/raw/Instance_7_4_2_2__DECOMP_EPS__eps_145.csv
Instance_7_4_2_2__CP_WWS_EPS__eps_146,Instances/Tiny/Instance_7_4_2_2.txt,Tiny,cp_wws_eps,146,3600.0,results/raw/Instance_7_4_2_2__CP_WWS_EPS__eps_146.csv
Instance_7_4_2_2__LB_AP_EPS__eps_146,Instances/Tiny/Instance_7_4_2_2.txt,Tiny,lb_ap_eps,146,3600.0,results/raw/Instance_7_4_2_2__LB_AP_EPS__eps_146.csv
Instance_7_4_2_2__DECOMP_EPS__eps_146,Instances/Tiny/Instance_7_4_2_2.txt,Tiny,decomp_eps,146,3600.0,results/raw/Instance_7_4_2_2__DECOMP_EPS__eps_146.csv
Instance_7_4_2_2__CP_WWS_EPS__eps_147,Instances/Tiny/Instance_7_4_2_2.txt,Tiny,cp_wws_eps,147,3600.0,results/raw/Instance_7_4_2_2__CP_WWS_EPS__eps_147.csv
Instance_7_4_2_2__LB_AP_EPS__eps_147,Instances/Tiny/Instance_7_4_2_2.txt,Tiny,lb_ap_eps,147,3600.0,results/raw/Instance_7_4_2_2__LB_AP_EPS__eps_147.csv
Instance_7_4_2_2__DECOMP_EPS__eps_147,Instances/Tiny/Instance_7_4_2_2.txt,Tiny,decomp_eps,147,3600.0,results/raw/Instance_7_4_2_2__DECOMP_EPS__eps_147.csv
Instance_7_4_2_2__CP_WWS_EPS__eps_148,Instances/Tiny/Instance_7_4_2_2.txt,Tiny,cp_wws_eps,148,3600.0,results/raw/Instance_7_4_2_2__CP_WWS_EPS__eps_148.csv
Instance_7_4_2_2__LB_AP_EPS__eps_148,Instances/Tiny/Instance_7_4_2_2.txt,Tiny,lb_ap_eps,148,3600.0,results/raw/Instance_7_4_2_2__LB_AP_EPS__eps_148.csv
Instance_7_4_2_2__DECOMP_EPS__eps_148,Instances/Tiny/Instance_7_4_2_2.txt,Tiny,decomp_eps,148,3600.0,results/raw/Instance_7_4_2_2__DECOMP_EPS__eps_148.csv
Instance_7_4_2_2__CP_WWS_EPS__eps_149,Instances/Tiny/Instance_7_4_2_2.txt,Tiny,cp_wws_eps,149,3600.0,results/raw/Instance_7_4_2_2__CP_WWS_EPS__eps_149.csv
Instance_7_4_2_2__LB_AP_EPS__eps_149,Instances/Tiny/Instance_7_4_2_2.txt,Tiny,lb_ap_eps,149,3600.0,results/raw/Instance_7_4_2_2__LB_AP_EPS__eps_149.csv
Instance_7_4_2_2__DECOMP_EPS__eps_149,Instances/Tiny/Instance_7_4_2_2.txt,Tiny,decomp_eps,149,3600.0,results/raw/Instance_7_4_2_2__DECOMP_EPS__eps_149.csv
Instance_7_4_2_2__CP_WWS_EPS__eps_150,Instances/Tiny/Instance_7_4_2_2.txt,Tiny,cp_wws_eps,150,3600.0,results/raw/Instance_7_4_2_2__CP_WWS_EPS__eps_150.csv
Instance_7_4_2_2__LB_AP_EPS__eps_150,Instances/Tiny/Instance_7_4_2_2.txt,Tiny,lb_ap_eps,150,3600.0,results/raw/Instance_7_4_2_2__LB_AP_EPS__eps_150.csv
Instance_7_4_2_2__DECOMP_EPS__eps_150,Instances/Tiny/Instance_7_4_2_2.txt,Tiny,decomp_eps,150,3600.0,results/raw/Instance_7_4_2_2__DECOMP_EPS__eps_150.csv
Instance_7_4_2_2__CP_WWS_EPS__eps_151,Instances/Tiny/Instance_7_4_2_2.txt,Tiny,cp_wws_eps,151,3600.0,results/raw/Instance_7_4_2_2__CP_WWS_EPS__eps_151.csv
Instance_7_4_2_2__LB_AP_EPS__eps_151,Instances/Tiny/Instance_7_4_2_2.txt,Tiny,lb_ap_eps,151,3600.0,results/raw/Instance_7_4_2_2__LB_AP_EPS__eps_151.csv
Instance_7_4_2_2__DECOMP_EPS__eps_151,Instances/Tiny/Instance_7_4_2_2.txt,Tiny,decomp_eps,151,3600.0,results/raw/Instance_7_4_2_2__DECOMP_EPS__eps_151.csv
Instance_7_4_2_2__CP_WWS_EPS__eps_152,Instances/Tiny/Instance_7_4_2_2.txt,Tiny,cp_wws_eps,152,3600.0,results/raw/Instance_7_4_2_2__CP_WWS_EPS__eps_152.csv
Instance_7_4_2_2__LB_AP_EPS__eps_152,Instances/Tiny/Instance_7_4_2_2.txt,Tiny,lb_ap_eps,152,3600.0,results/raw/Instance_7_4_2_2__LB_AP_EPS__eps_152.csv
Instance_7_4_2_2__DECOMP_EPS__eps_152,Instances/Tiny/Instance_7_4_2_2.txt,Tiny,decomp_eps,152,3600.0,results/raw/Instance_7_4_2_2__DECOMP_EPS__eps_152.csv
Instance_7_4_2_2__CP_WWS_EPS__eps_153,Instances/Tiny/Instance_7_4_2_2.txt,Tiny,cp_wws_eps,153,3600.0,results/raw/Instance_7_4_2_2__CP_WWS_EPS__eps_153.csv
Instance_7_4_2_2__LB_AP_EPS__eps_153,Instances/Tiny/Instance_7_4_2_2.txt,Tiny,lb_ap_eps,153,3600.0,results/raw/Instance_7_4_2_2__LB_AP_EPS__eps_153.csv
Instance_7_4_2_2__DECOMP_EPS__eps_153,Instances/Tiny/Instance_7_4_2_2.txt,Tiny,decomp_eps,153,3600.0,results/raw/Instance_7_4_2_2__DECOMP_EPS__eps_153.csv
Instance_7_4_2_2__CP_WWS_EPS__eps_154,Instances/Tiny/Instance_7_4_2_2.txt,Tiny,cp_wws_eps,154,3600.0,results/raw/Instance_7_4_2_2__CP_WWS_EPS__eps_154.csv
Instance_7_4_2_2__LB_AP_EPS__eps_154,Instances/Tiny/Instance_7_4_2_2.txt,Tiny,lb_ap_eps,154,3600.0,results/raw/Instance_7_4_2_2__LB_AP_EPS__eps_154.csv
Instance_7_4_2_2__DECOMP_EPS__eps_154,Instances/Tiny/Instance_7_4_2_2.txt,Tiny,decomp_eps,154,3600.0,results/raw/Instance_7_4_2_2__DECOMP_EPS__eps_154.csv
Instance_7_4_2_2__CP_WWS_EPS__eps_155,Instances/Tiny/Instance_7_4_2_2.txt,Tiny,cp_wws_eps,155,3600.0,results/raw/Instance_7_4_2_2__CP_WWS_EPS__eps_155.csv
Instance_7_4_2_2__LB_AP_EPS__eps_155,Instances/Tiny/Instance_7_4_2_2.txt,Tiny,lb_ap_eps,155,3600.0,results/raw/Instance_7_4_2_2__LB_AP_EPS__eps_155.csv
Instance_7_4_2_2__DECOMP_EPS__eps_155,Instances/Tiny/Instance_7_4_2_2.txt,Tiny,decomp_eps,155,3600.0,results/raw/Instance_7_4_2_2__DECOMP_EPS__eps_155.csv
Instance_7_4_2_2__CP_WWS_EPS__eps_156,Instances/Tiny/Instance_7_4_2_2.txt,Tiny,cp_wws_eps,156,3600.0,results/raw/Instance_7_4_2_2__CP_WWS_EPS__eps_156.csv
Instance_7_4_2_2__LB_AP_EPS__eps_156,Instances/Tiny/Instance_7_4_2_2.txt,Tiny,lb_ap_eps,156,3600.0,results/raw/Instance_7_4_2_2__LB_AP_EPS__eps_156.csv
Instance_7_4_2_2__DECOMP_EPS__eps_156,Instances/Tiny/Instance_7_4_2_2.txt,Tiny,decomp_eps,156,3600.0,results/raw/Instance_7_4_2_2__DECOMP_EPS__eps_156.csv
Instance_7_4_2_2__CP_WWS_EPS__eps_157,Instances/Tiny/Instance_7_4_2_2.txt,Tiny,cp_wws_eps,157,3600.0,results/raw/Instance_7_4_2_2__CP_WWS_EPS__eps_157.csv
Instance_7_4_2_2__LB_AP_EPS__eps_157,Instances/Tiny/Instance_7_4_2_2.txt,Tiny,lb_ap_eps,157,3600.0,results/raw/Instance_7_4_2_2__LB_AP_EPS__eps_157.csv
Instance_7_4_2_2__DECOMP_EPS__eps_157,Instances/Tiny/Instance_7_4_2_2.txt,Tiny,decomp_eps,157,3600.0,results/raw/Instance_7_4_2_2__DECOMP_EPS__eps_157.csv
Instance_7_4_2_2__CP_WWS_EPS__eps_158,Instances/Tiny/Instance_7_4_2_2.txt,Tiny,cp_wws_eps,158,3600.0,results/raw/Instance_7_4_2_2__CP_WWS_EPS__eps_158.csv
Instance_7_4_2_2__LB_AP_EPS__eps_158,Instances/Tiny/Instance_7_4_2_2.txt,Tiny,lb_ap_eps,158,3600.0,results/raw/Instance_7_4_2_2__LB_AP_EPS__eps_158.csv
Instance_7_4_2_2__DECOMP_EPS__eps_158,Instances/Tiny/Instance_7_4_2_2.txt,Tiny,decomp_eps,158,3600.0,results/raw/Instance_7_4_2_2__DECOMP_EPS__eps_158.csv
Instance_7_4_2_2__CP_WWS_EPS__eps_159,Instances/Tiny/Instance_7_4_2_2.txt,Tiny,cp_wws_eps,159,3600.0,results/raw/Instance_7_4_2_2__CP_WWS_EPS__eps_159.csv
Instance_7_4_2_2__LB_AP_EPS__eps_159,Instances/Tiny/Instance_7_4_2_2.txt,Tiny,lb_ap_eps,159,3600.0,results/raw/Instance_7_4_2_2__LB_AP_EPS__eps_159.csv
Instance_7_4_2_2__DECOMP_EPS__eps_159,Instances/Tiny/Instance_7_4_2_2.txt,Tiny,decomp_eps,159,3600.0,results/raw/Instance_7_4_2_2__DECOMP_EPS__eps_159.csv
Instance_7_4_2_2__CP_WWS_EPS__eps_160,Instances/Tiny/Instance_7_4_2_2.txt,Tiny,cp_wws_eps,160,3600.0,results/raw/Instance_7_4_2_2__CP_WWS_EPS__eps_160.csv
Instance_7_4_2_2__LB_AP_EPS__eps_160,Instances/Tiny/Instance_7_4_2_2.txt,Tiny,lb_ap_eps,160,3600.0,results/raw/Instance_7_4_2_2__LB_AP_EPS__eps_160.csv
Instance_7_4_2_2__DECOMP_EPS__eps_160,Instances/Tiny/Instance_7_4_2_2.txt,Tiny,decomp_eps,160,3600.0,results/raw/Instance_7_4_2_2__DECOMP_EPS__eps_160.csv
Instance_7_4_2_2__CP_WWS_EPS__eps_161,Instances/Tiny/Instance_7_4_2_2.txt,Tiny,cp_wws_eps,161,3600.0,results/raw/Instance_7_4_2_2__CP_WWS_EPS__eps_161.csv
Instance_7_4_2_2__LB_AP_EPS__eps_161,Instances/Tiny/Instance_7_4_2_2.txt,Tiny,lb_ap_eps,161,3600.0,results/raw/Instance_7_4_2_2__LB_AP_EPS__eps_161.csv
Instance_7_4_2_2__DECOMP_EPS__eps_161,Instances/Tiny/Instance_7_4_2_2.txt,Tiny,decomp_eps,161,3600.0,results/raw/Instance_7_4_2_2__DECOMP_EPS__eps_161.csv
Instance_7_4_2_2__CP_WWS_EPS__eps_162,Instances/Tiny/Instance_7_4_2_2.txt,Tiny,cp_wws_eps,162,3600.0,results/raw/Instance_7_4_2_2__CP_WWS_EPS__eps_162.csv
Instance_7_4_2_2__LB_AP_EPS__eps_162,Instances/Tiny/Instance_7_4_2_2.txt,Tiny,lb_ap_eps,162,3600.0,results/raw/Instance_7_4_2_2__LB_AP_EPS__eps_162.csv
Instance_7_4_2_2__DECOMP_EPS__eps_162,Instances/Tiny/Instance_7_4_2_2.txt,Tiny,decomp_eps,162,3600.0,results/raw/Instance_7_4_2_2__DECOMP_EPS__eps_162.csv
Instance_7_4_2_2__CP_WWS_EPS__eps_163,Instances/Tiny/Instance_7_4_2_2.txt,Tiny,cp_wws_eps,163,3600.0,results/raw/Instance_7_4_2_2__CP_WWS_EPS__eps_163.csv
Instance_7_4_2_2__LB_AP_EPS__eps_163,Instances/Tiny/Instance_7_4_2_2.txt,Tiny,lb_ap_eps,163,3600.0,results/raw/Instance_7_4_2_2__LB_AP_EPS__eps_163.csv
Instance_7_4_2_2__DECOMP_EPS__eps_163,Instances/Tiny/Instance_7_4_2_2.txt,Tiny,decomp_eps,163,3600.0,results/raw/Instance_7_4_2_2__DECOMP_EPS__eps_163.csv
Instance_7_4_2_2__CP_WWS_EPS__eps_164,Instances/Tiny/Instance_7_4_2_2.txt,Tiny,cp_wws_eps,164,3600.0,results/raw/Instance_7_4_2_2__CP_WWS_EPS__eps_164.csv
Instance_7_4_2_2__LB_AP_EPS__eps_164,Instances/Tiny/Instance_7_4_2_2.txt,Tiny,lb_ap_eps,164,3600.0,results/raw/Instance_7_4_2_2__LB_AP_EPS__eps_164.csv
Instance_7_4_2_2__DECOMP_EPS__eps_164,Instances/Tiny/Instance_7_4_2_2.txt,Tiny,decomp_eps,164,3600.0,results/raw/Instance_7_4_2_2__DECOMP_EPS__eps_164.csv
Instance_7_4_2_2__CP_WWS_EPS__eps_165,Instances/Tiny/Instance_7_4_2_2.txt,Tiny,cp_wws_eps,165,3600.0,results/raw/Instance_7_4_2_2__CP_WWS_EPS__eps_165.csv
Instance_7_4_2_2__LB_AP_EPS__eps_165,Instances/Tiny/Instance_7_4_2_2.txt,Tiny,lb_ap_eps,165,3600.0,results/raw/Instance_7_4_2_2__LB_AP_EPS__eps_165.csv
Instance_7_4_2_2__DECOMP_EPS__eps_165,Instances/Tiny/Instance_7_4_2_2.txt,Tiny,decomp_eps,165,3600.0,results/raw/Instance_7_4_2_2__DECOMP_EPS__eps_165.csv
Instance_7_4_2_2__CP_WWS_EPS__eps_166,Instances/Tiny/Instance_7_4_2_2.txt,Tiny,cp_wws_eps,166,3600.0,results/raw/Instance_7_4_2_2__CP_WWS_EPS__eps_166.csv
Instance_7_4_2_2__LB_AP_EPS__eps_166,Instances/Tiny/Instance_7_4_2_2.txt,Tiny,lb_ap_eps,166,3600.0,results/raw/Instance_7_4_2_2__LB_AP_EPS__eps_166.csv
Instance_7_4_2_2__DECOMP_EPS__eps_166,Instances/Tiny/Instance_7_4_2_2.txt,Tiny,decomp_eps,166,3600.0,results/raw/Instance_7_4_2_2__DECOMP_EPS__eps_166.csv
Instance_7_4_2_2__CP_WWS_EPS__eps_167,Instances/Tiny/Instance_7_4_2_2.txt,Tiny,cp_wws_eps,167,3600.0,results/raw/Instance_7_4_2_2__CP_WWS_EPS__eps_167.csv
Instance_7_4_2_2__LB_AP_EPS__eps_167,Instances/Tiny/Instance_7_4_2_2.txt,Tiny,lb_ap_eps,167,3600.0,results/raw/Instance_7_4_2_2__LB_AP_EPS__eps_167.csv
Instance_7_4_2_2__DECOMP_EPS__eps_167,Instances/Tiny/Instance_7_4_2_2.txt,Tiny,decomp_eps,167,3600.0,results/raw/Instance_7_4_2_2__DECOMP_EPS__eps_167.csv
Instance_7_4_2_2__CP_WWS_EPS__eps_168,Instances/Tiny/Instance_7_4_2_2.txt,Tiny,cp_wws_eps,168,3600.0,results/raw/Instance_7_4_2_2__CP_WWS_EPS__eps_168.csv
Instance_7_4_2_2__LB_AP_EPS__eps_168,Instances/Tiny/Instance_7_4_2_2.txt,Tiny,lb_ap_eps,168,3600.0,results/raw/Instance_7_4_2_2__LB_AP_EPS__eps_168.csv
Instance_7_4_2_2__DECOMP_EPS__eps_168,Instances/Tiny/Instance_7_4_2_2.txt,Tiny,decomp_eps,168,3600.0,results/raw/Instance_7_4_2_2__DECOMP_EPS__eps_168.csv
Instance_7_4_2_2__CP_WWS_EPS__eps_169,Instances/Tiny/Instance_7_4_2_2.txt,Tiny,cp_wws_eps,169,3600.0,results/raw/Instance_7_4_2_2__CP_WWS_EPS__eps_169.csv
Instance_7_4_2_2__LB_AP_EPS__eps_169,Instances/Tiny/Instance_7_4_2_2.txt,Tiny,lb_ap_eps,169,3600.0,results/raw/Instance_7_4_2_2__LB_AP_EPS__eps_169.csv
Instance_7_4_2_2__DECOMP_EPS__eps_169,Instances/Tiny/Instance_7_4_2_2.txt,Tiny,decomp_eps,169,3600.0,results/raw/Instance_7_4_2_2__DECOMP_EPS__eps_169.csv
Instance_7_4_2_2__CP_WWS_EPS__eps_170,Instances/Tiny/Instance_7_4_2_2.txt,Tiny,cp_wws_eps,170,3600.0,results/raw/Instance_7_4_2_2__CP_WWS_EPS__eps_170.csv
Instance_7_4_2_2__LB_AP_EPS__eps_170,Instances/Tiny/Instance_7_4_2_2.txt,Tiny,lb_ap_eps,170,3600.0,results/raw/Instance_7_4_2_2__LB_AP_EPS__eps_170.csv
Instance_7_4_2_2__DECOMP_EPS__eps_170,Instances/Tiny/Instance_7_4_2_2.txt,Tiny,decomp_eps,170,3600.0,results/raw/Instance_7_4_2_2__DECOMP_EPS__eps_170.csv
Instance_7_4_2_2__CP_WWS_EPS__eps_171,Instances/Tiny/Instance_7_4_2_2.txt,Tiny,cp_wws_eps,171,3600.0,results/raw/Instance_7_4_2_2__CP_WWS_EPS__eps_171.csv
Instance_7_4_2_2__LB_AP_EPS__eps_171,Instances/Tiny/Instance_7_4_2_2.txt,Tiny,lb_ap_eps,171,3600.0,results/raw/Instance_7_4_2_2__LB_AP_EPS__eps_171.csv
Instance_7_4_2_2__DECOMP_EPS__eps_171,Instances/Tiny/Instance_7_4_2_2.txt,Tiny,decomp_eps,171,3600.0,results/raw/Instance_7_4_2_2__DECOMP_EPS__eps_171.csv
Instance_7_4_2_2__CP_WWS_EPS__eps_172,Instances/Tiny/Instance_7_4_2_2.txt,Tiny,cp_wws_eps,172,3600.0,results/raw/Instance_7_4_2_2__CP_WWS_EPS__eps_172.csv
Instance_7_4_2_2__LB_AP_EPS__eps_172,Instances/Tiny/Instance_7_4_2_2.txt,Tiny,lb_ap_eps,172,3600.0,results/raw/Instance_7_4_2_2__LB_AP_EPS__eps_172.csv
Instance_7_4_2_2__DECOMP_EPS__eps_172,Instances/Tiny/Instance_7_4_2_2.txt,Tiny,decomp_eps,172,3600.0,results/raw/Instance_7_4_2_2__DECOMP_EPS__eps_172.csv
Instance_7_4_2_2__CP_WWS_EPS__eps_173,Instances/Tiny/Instance_7_4_2_2.txt,Tiny,cp_wws_eps,173,3600.0,results/raw/Instance_7_4_2_2__CP_WWS_EPS__eps_173.csv
Instance_7_4_2_2__LB_AP_EPS__eps_173,Instances/Tiny/Instance_7_4_2_2.txt,Tiny,lb_ap_eps,173,3600.0,results/raw/Instance_7_4_2_2__LB_AP_EPS__eps_173.csv
Instance_7_4_2_2__DECOMP_EPS__eps_173,Instances/Tiny/Instance_7_4_2_2.txt,Tiny,decomp_eps,173,3600.0,results/raw/Instance_7_4_2_2__DECOMP_EPS__eps_173.csv
Instance_7_4_2_2__CP_WWS_EPS__eps_174,Instances/Tiny/Instance_7_4_2_2.txt,Tiny,cp_wws_eps,174,3600.0,results/raw/Instance_7_4_2_2__CP_WWS_EPS__eps_174.csv
Instance_7_4_2_2__LB_AP_EPS__eps_174,Instances/Tiny/Instance_7_4_2_2.txt,Tiny,lb_ap_eps,174,3600.0,results/raw/Instance_7_4_2_2__LB_AP_EPS__eps_174.csv
Instance_7_4_2_2__DECOMP_EPS__eps_174,Instances/Tiny/Instance_7_4_2_2.txt,Tiny,decomp_eps,174,3600.0,results/raw/Instance_7_4_2_2__DECOMP_EPS__eps_174.csv
Instance_7_4_2_2__CP_WWS_EPS__eps_175,Instances/Tiny/Instance_7_4_2_2.txt,Tiny,cp_wws_eps,175,3600.0,results/raw/Instance_7_4_2_2__CP_WWS_EPS__eps_175.csv
Instance_7_4_2_2__LB_AP_EPS__eps_175,Instances/Tiny/Instance_7_4_2_2.txt,Tiny,lb_ap_eps,175,3600.0,results/raw/Instance_7_4_2_2__LB_AP_EPS__eps_175.csv
Instance_7_4_2_2__DECOMP_EPS__eps_175,Instances/Tiny/Instance_7_4_2_2.txt,Tiny,decomp_eps,175,3600.0,results/raw/Instance_7_4_2_2__DECOMP_EPS__eps_175.csv
Instance_7_4_2_2__CP_WWS_EPS__eps_176,Instances/Tiny/Instance_7_4_2_2.txt,Tiny,cp_wws_eps,176,3600.0,results/raw/Instance_7_4_2_2__CP_WWS_EPS__eps_176.csv
Instance_7_4_2_2__LB_AP_EPS__eps_176,Instances/Tiny/Instance_7_4_2_2.txt,Tiny,lb_ap_eps,176,3600.0,results/raw/Instance_7_4_2_2__LB_AP_EPS__eps_176.csv
Instance_7_4_2_2__DECOMP_EPS__eps_176,Instances/Tiny/Instance_7_4_2_2.txt,Tiny,decomp_eps,176,3600.0,results/raw/Instance_7_4_2_2__DECOMP_EPS__eps_176.csv
Instance_7_4_2_2__CP_WWS_EPS__eps_177,Instances/Tiny/Instance_7_4_2_2.txt,Tiny,cp_wws_eps,177,3600.0,results/raw/Instance_7_4_2_2__CP_WWS_EPS__eps_177.csv
Instance_7_4_2_2__LB_AP_EPS__eps_177,Instances/Tiny/Instance_7_4_2_2.txt,Tiny,lb_ap_eps,177,3600.0,results/raw/Instance_7_4_2_2__LB_AP_EPS__eps_177.csv
Instance_7_4_2_2__DECOMP_EPS__eps_177,Instances/Tiny/Instance_7_4_2_2.txt,Tiny,decomp_eps,177,3600.0,results/raw/Instance_7_4_2_2__DECOMP_EPS__eps_177.csv
Instance_7_4_2_2__CP_WWS_EPS__eps_178,Instances/Tiny/Instance_7_4_2_2.txt,Tiny,cp_wws_eps,178,3600.0,results/raw/Instance_7_4_2_2__CP_WWS_EPS__eps_178.csv
Instance_7_4_2_2__LB_AP_EPS__eps_178,Instances/Tiny/Instance_7_4_2_2.txt,Tiny,lb_ap_eps,178,3600.0,results/raw/Instance_7_4_2_2__LB_AP_EPS__eps_178.csv
Instance_7_4_2_2__DECOMP_EPS__eps_178,Instances/Tiny/Instance_7_4_2_2.txt,Tiny,decomp_eps,178,3600.0,results/raw/Instance_7_4_2_2__DECOMP_EPS__eps_178.csv
Instance_7_4_2_2__CP_WWS_EPS__eps_179,Instances/Tiny/Instance_7_4_2_2.txt,Tiny,cp_wws_eps,179,3600.0,results/raw/Instance_7_4_2_2__CP_WWS_EPS__eps_179.csv
Instance_7_4_2_2__LB_AP_EPS__eps_179,Instances/Tiny/Instance_7_4_2_2.txt,Tiny,lb_ap_eps,179,3600.0,results/raw/Instance_7_4_2_2__LB_AP_EPS__eps_179.csv
Instance_7_4_2_2__DECOMP_EPS__eps_179,Instances/Tiny/Instance_7_4_2_2.txt,Tiny,decomp_eps,179,3600.0,results/raw/Instance_7_4_2_2__DECOMP_EPS__eps_179.csv
Instance_7_4_2_2__CP_WWS_EPS__eps_180,Instances/Tiny/Instance_7_4_2_2.txt,Tiny,cp_wws_eps,180,3600.0,results/raw/Instance_7_4_2_2__CP_WWS_EPS__eps_180.csv
Instance_7_4_2_2__LB_AP_EPS__eps_180,Instances/Tiny/Instance_7_4_2_2.txt,Tiny,lb_ap_eps,180,3600.0,results/raw/Instance_7_4_2_2__LB_AP_EPS__eps_180.csv
Instance_7_4_2_2__DECOMP_EPS__eps_180,Instances/Tiny/Instance_7_4_2_2.txt,Tiny,decomp_eps,180,3600.0,results/raw/Instance_7_4_2_2__DECOMP_EPS__eps_180.csv
Instance_7_4_2_2__CP_WWS_EPS__eps_181,Instances/Tiny/Instance_7_4_2_2.txt,Tiny,cp_wws_eps,181,3600.0,results/raw/Instance_7_4_2_2__CP_WWS_EPS__eps_181.csv
Instance_7_4_2_2__LB_AP_EPS__eps_181,Instances/Tiny/Instance_7_4_2_2.txt,Tiny,lb_ap_eps,181,3600.0,results/raw/Instance_7_4_2_2__LB_AP_EPS__eps_181.csv
Instance_7_4_2_2__DECOMP_EPS__eps_181,Instances/Tiny/Instance_7_4_2_2.txt,Tiny,decomp_eps,181,3600.0,results/raw/Instance_7_4_2_2__DECOMP_EPS__eps_181.csv
Instance_7_4_2_2__CP_WWS_EPS__eps_182,Instances/Tiny/Instance_7_4_2_2.txt,Tiny,cp_wws_eps,182,3600.0,results/raw/Instance_7_4_2_2__CP_WWS_EPS__eps_182.csv
Instance_7_4_2_2__LB_AP_EPS__eps_182,Instances/Tiny/Instance_7_4_2_2.txt,Tiny,lb_ap_eps,182,3600.0,results/raw/Instance_7_4_2_2__LB_AP_EPS__eps_182.csv
Instance_7_4_2_2__DECOMP_EPS__eps_182,Instances/Tiny/Instance_7_4_2_2.txt,Tiny,decomp_eps,182,3600.0,results/raw/Instance_7_4_2_2__DECOMP_EPS__eps_182.csv
Instance_7_4_2_2__CP_WWS_EPS__eps_183,Instances/Tiny/Instance_7_4_2_2.txt,Tiny,cp_wws_eps,183,3600.0,results/raw/Instance_7_4_2_2__CP_WWS_EPS__eps_183.csv
Instance_7_4_2_2__LB_AP_EPS__eps_183,Instances/Tiny/Instance_7_4_2_2.txt,Tiny,lb_ap_eps,183,3600.0,results/raw/Instance_7_4_2_2__LB_AP_EPS__eps_183.csv
Instance_7_4_2_2__DECOMP_EPS__eps_183,Instances/Tiny/Instance_7_4_2_2.txt,Tiny,decomp_eps,183,3600.0,results/raw/Instance_7_4_2_2__DECOMP_EPS__eps_183.csv
Instance_7_4_2_2__CP_WWS_EPS__eps_184,Instances/Tiny/Instance_7_4_2_2.txt,Tiny,cp_wws_eps,184,3600.0,results/raw/Instance_7_4_2_2__CP_WWS_EPS__eps_184.csv
Instance_7_4_2_2__LB_AP_EPS__eps_184,Instances/Tiny/Instance_7_4_2_2.txt,Tiny,lb_ap_eps,184,3600.0,results/raw/Instance_7_4_2_2__LB_AP_EPS__eps_184.csv
Instance_7_4_2_2__DECOMP_EPS__eps_184,Instances/Tiny/Instance_7_4_2_2.txt,Tiny,decomp_eps,184,3600.0,results/raw/Instance_7_4_2_2__DECOMP_EPS__eps_184.csv
Instance_7_4_2_2__CP_WWS_EPS__eps_185,Instances/Tiny/Instance_7_4_2_2.txt,Tiny,cp_wws_eps,185,3600.0,results/raw/Instance_7_4_2_2__CP_WWS_EPS__eps_185.csv
Instance_7_4_2_2__LB_AP_EPS__eps_185,Instances/Tiny/Instance_7_4_2_2.txt,Tiny,lb_ap_eps,185,3600.0,results/raw/Instance_7_4_2_2__LB_AP_EPS__eps_185.csv
Instance_7_4_2_2__DECOMP_EPS__eps_185,Instances/Tiny/Instance_7_4_2_2.txt,Tiny,decomp_eps,185,3600.0,results/raw/Instance_7_4_2_2__DECOMP_EPS__eps_185.csv
Instance_7_4_2_2__CP_WWS_EPS__eps_186,Instances/Tiny/Instance_7_4_2_2.txt,Tiny,cp_wws_eps,186,3600.0,results/raw/Instance_7_4_2_2__CP_WWS_EPS__eps_186.csv
Instance_7_4_2_2__LB_AP_EPS__eps_186,Instances/Tiny/Instance_7_4_2_2.txt,Tiny,lb_ap_eps,186,3600.0,results/raw/Instance_7_4_2_2__LB_AP_EPS__eps_186.csv
Instance_7_4_2_2__DECOMP_EPS__eps_186,Instances/Tiny/Instance_7_4_2_2.txt,Tiny,decomp_eps,186,3600.0,results/raw/Instance_7_4_2_2__DECOMP_EPS__eps_186.csv
Instance_7_4_2_2__CP_WWS_EPS__eps_187,Instances/Tiny/Instance_7_4_2_2.txt,Tiny,cp_wws_eps,187,3600.0,results/raw/Instance_7_4_2_2__CP_WWS_EPS__eps_187.csv
Instance_7_4_2_2__LB_AP_EPS__eps_187,Instances/Tiny/Instance_7_4_2_2.txt,Tiny,lb_ap_eps,187,3600.0,results/raw/Instance_7_4_2_2__LB_AP_EPS__eps_187.csv
Instance_7_4_2_2__DECOMP_EPS__eps_187,Instances/Tiny/Instance_7_4_2_2.txt,Tiny,decomp_eps,187,3600.0,results/raw/Instance_7_4_2_2__DECOMP_EPS__eps_187.csv
Instance_7_4_2_2__CP_WWS_EPS__eps_188,Instances/Tiny/Instance_7_4_2_2.txt,Tiny,cp_wws_eps,188,3600.0,results/raw/Instance_7_4_2_2__CP_WWS_EPS__eps_188.csv
Instance_7_4_2_2__LB_AP_EPS__eps_188,Instances/Tiny/Instance_7_4_2_2.txt,Tiny,lb_ap_eps,188,3600.0,results/raw/Instance_7_4_2_2__LB_AP_EPS__eps_188.csv
Instance_7_4_2_2__DECOMP_EPS__eps_188,Instances/Tiny/Instance_7_4_2_2.txt,Tiny,decomp_eps,188,3600.0,results/raw/Instance_7_4_2_2__DECOMP_EPS__eps_188.csv
Instance_7_4_2_2__CP_WWS_EPS__eps_189,Instances/Tiny/Instance_7_4_2_2.txt,Tiny,cp_wws_eps,189,3600.0,results/raw/Instance_7_4_2_2__CP_WWS_EPS__eps_189.csv
Instance_7_4_2_2__LB_AP_EPS__eps_189,Instances/Tiny/Instance_7_4_2_2.txt,Tiny,lb_ap_eps,189,3600.0,results/raw/Instance_7_4_2_2__LB_AP_EPS__eps_189.csv
Instance_7_4_2_2__DECOMP_EPS__eps_189,Instances/Tiny/Instance_7_4_2_2.txt,Tiny,decomp_eps,189,3600.0,results/raw/Instance_7_4_2_2__DECOMP_EPS__eps_189.csv
Instance_7_4_2_2__CP_WWS_EPS__eps_190,Instances/Tiny/Instance_7_4_2_2.txt,Tiny,cp_wws_eps,190,3600.0,results/raw/Instance_7_4_2_2__CP_WWS_EPS__eps_190.csv
Instance_7_4_2_2__LB_AP_EPS__eps_190,Instances/Tiny/Instance_7_4_2_2.txt,Tiny,lb_ap_eps,190,3600.0,results/raw/Instance_7_4_2_2__LB_AP_EPS__eps_190.csv
Instance_7_4_2_2__DECOMP_EPS__eps_190,Instances/Tiny/Instance_7_4_2_2.txt,Tiny,decomp_eps,190,3600.0,results/raw/Instance_7_4_2_2__DECOMP_EPS__eps_190.csv
Instance_7_4_2_2__CP_WWS_EPS__eps_191,Instances/Tiny/Instance_7_4_2_2.txt,Tiny,cp_wws_eps,191,3600.0,results/raw/Instance_7_4_2_2__CP_WWS_EPS__eps_191.csv
Instance_7_4_2_2__LB_AP_EPS__eps_191,Instances/Tiny/Instance_7_4_2_2.txt,Tiny,lb_ap_eps,191,3600.0,results/raw/Instance_7_4_2_2__LB_AP_EPS__eps_191.csv
Instance_7_4_2_2__DECOMP_EPS__eps_191,Instances/Tiny/Instance_7_4_2_2.txt,Tiny,decomp_eps,191,3600.0,results/raw/Instance_7_4_2_2__DECOMP_EPS__eps_191.csv
Instance_7_4_2_2__CP_WWS_EPS__eps_192,Instances/Tiny/Instance_7_4_2_2.txt,Tiny,cp_wws_eps,192,3600.0,results/raw/Instance_7_4_2_2__CP_WWS_EPS__eps_192.csv
Instance_7_4_2_2__LB_AP_EPS__eps_192,Instances/Tiny/Instance_7_4_2_2.txt,Tiny,lb_ap_eps,192,3600.0,results/raw/Instance_7_4_2_2__LB_AP_EPS__eps_192.csv
Instance_7_4_2_2__DECOMP_EPS__eps_192,Instances/Tiny/Instance_7_4_2_2.txt,Tiny,decomp_eps,192,3600.0,results/raw/Instance_7_4_2_2__DECOMP_EPS__eps_192.csv
Instance_7_4_2_2__CP_WWS_EPS__eps_193,Instances/Tiny/Instance_7_4_2_2.txt,Tiny,cp_wws_eps,193,3600.0,results/raw/Instance_7_4_2_2__CP_WWS_EPS__eps_193.csv
Instance_7_4_2_2__LB_AP_EPS__eps_193,Instances/Tiny/Instance_7_4_2_2.txt,Tiny,lb_ap_eps,193,3600.0,results/raw/Instance_7_4_2_2__LB_AP_EPS__eps_193.csv
Instance_7_4_2_2__DECOMP_EPS__eps_193,Instances/Tiny/Instance_7_4_2_2.txt,Tiny,decomp_eps,193,3600.0,results/raw/Instance_7_4_2_2__DECOMP_EPS__eps_193.csv
Instance_7_4_2_2__CP_WWS_EPS__eps_194,Instances/Tiny/Instance_7_4_2_2.txt,Tiny,cp_wws_eps,194,3600.0,results/raw/Instance_7_4_2_2__CP_WWS_EPS__eps_194.csv
Instance_7_4_2_2__LB_AP_EPS__eps_194,Instances/Tiny/Instance_7_4_2_2.txt,Tiny,lb_ap_eps,194,3600.0,results/raw/Instance_7_4_2_2__LB_AP_EPS__eps_194.csv
Instance_7_4_2_2__DECOMP_EPS__eps_194,Instances/Tiny/Instance_7_4_2_2.txt,Tiny,decomp_eps,194,3600.0,results/raw/Instance_7_4_2_2__DECOMP_EPS__eps_194.csv
Instance_7_4_2_2__CP_WWS_EPS__eps_195,Instances/Tiny/Instance_7_4_2_2.txt,Tiny,cp_wws_eps,195,3600.0,results/raw/Instance_7_4_2_2__CP_WWS_EPS__eps_195.csv
Instance_7_4_2_2__LB_AP_EPS__eps_195,Instances/Tiny/Instance_7_4_2_2.txt,Tiny,lb_ap_eps,195,3600.0,results/raw/Instance_7_4_2_2__LB_AP_EPS__eps_195.csv
Instance_7_4_2_2__DECOMP_EPS__eps_195,Instances/Tiny/Instance_7_4_2_2.txt,Tiny,decomp_eps,195,3600.0,results/raw/Instance_7_4_2_2__DECOMP_EPS__eps_195.csv
Instance_7_4_2_2__CP_WWS_EPS__eps_196,Instances/Tiny/Instance_7_4_2_2.txt,Tiny,cp_wws_eps,196,3600.0,results/raw/Instance_7_4_2_2__CP_WWS_EPS__eps_196.csv
Instance_7_4_2_2__LB_AP_EPS__eps_196,Instances/Tiny/Instance_7_4_2_2.txt,Tiny,lb_ap_eps,196,3600.0,results/raw/Instance_7_4_2_2__LB_AP_EPS__eps_196.csv
Instance_7_4_2_2__DECOMP_EPS__eps_196,Instances/Tiny/Instance_7_4_2_2.txt,Tiny,decomp_eps,196,3600.0,results/raw/Instance_7_4_2_2__DECOMP_EPS__eps_196.csv
Instance_7_4_2_2__CP_WWS_EPS__eps_197,Instances/Tiny/Instance_7_4_2_2.txt,Tiny,cp_wws_eps,197,3600.0,results/raw/Instance_7_4_2_2__CP_WWS_EPS__eps_197.csv
Instance_7_4_2_2__LB_AP_EPS__eps_197,Instances/Tiny/Instance_7_4_2_2.txt,Tiny,lb_ap_eps,197,3600.0,results/raw/Instance_7_4_2_2__LB_AP_EPS__eps_197.csv
Instance_7_4_2_2__DECOMP_EPS__eps_197,Instances/Tiny/Instance_7_4_2_2.txt,Tiny,decomp_eps,197,3600.0,results/raw/Instance_7_4_2_2__DECOMP_EPS__eps_197.csv
Instance_7_4_2_2__CP_WWS_EPS__eps_198,Instances/Tiny/Instance_7_4_2_2.txt,Tiny,cp_wws_eps,198,3600.0,results/raw/Instance_7_4_2_2__CP_WWS_EPS__eps_198.csv
Instance_7_4_2_2__LB_AP_EPS__eps_198,Instances/Tiny/Instance_7_4_2_2.txt,Tiny,lb_ap_eps,198,3600.0,results/raw/Instance_7_4_2_2__LB_AP_EPS__eps_198.csv
Instance_7_4_2_2__DECOMP_EPS__eps_198,Instances/Tiny/Instance_7_4_2_2.txt,Tiny,decomp_eps,198,3600.0,results/raw/Instance_7_4_2_2__DECOMP_EPS__eps_198.csv
Instance_7_4_2_2__CP_WWS_EPS__eps_199,Instances/Tiny/Instance_7_4_2_2.txt,Tiny,cp_wws_eps,199,3600.0,results/raw/Instance_7_4_2_2__CP_WWS_EPS__eps_199.csv
Instance_7_4_2_2__LB_AP_EPS__eps_199,Instances/Tiny/Instance_7_4_2_2.txt,Tiny,lb_ap_eps,199,3600.0,results/raw/Instance_7_4_2_2__LB_AP_EPS__eps_199.csv
Instance_7_4_2_2__DECOMP_EPS__eps_199,Instances/Tiny/Instance_7_4_2_2.txt,Tiny,decomp_eps,199,3600.0,results/raw/Instance_7_4_2_2__DECOMP_EPS__eps_199.csv
Instance_7_4_2_2__CP_WWS_EPS__eps_200,Instances/Tiny/Instance_7_4_2_2.txt,Tiny,cp_wws_eps,200,3600.0,results/raw/Instance_7_4_2_2__CP_WWS_EPS__eps_200.csv
Instance_7_4_2_2__LB_AP_EPS__eps_200,Instances/Tiny/Instance_7_4_2_2.txt,Tiny,lb_ap_eps,200,3600.0,results/raw/Instance_7_4_2_2__LB_AP_EPS__eps_200.csv
Instance_7_4_2_2__DECOMP_EPS__eps_200,Instances/Tiny/Instance_7_4_2_2.txt,Tiny,decomp_eps,200,3600.0,results/raw/Instance_7_4_2_2__DECOMP_EPS__eps_200.csv
Instance_7_4_2_2__CP_WWS_EPS__eps_201,Instances/Tiny/Instance_7_4_2_2.txt,Tiny,cp_wws_eps,201,3600.0,results/raw/Instance_7_4_2_2__CP_WWS_EPS__eps_201.csv
Instance_7_4_2_2__LB_AP_EPS__eps_201,Instances/Tiny/Instance_7_4_2_2.txt,Tiny,lb_ap_eps,201,3600.0,results/raw/Instance_7_4_2_2__LB_AP_EPS__eps_201.csv
Instance_7_4_2_2__DECOMP_EPS__eps_201,Instances/Tiny/Instance_7_4_2_2.txt,Tiny,decomp_eps,201,3600.0,results/raw/Instance_7_4_2_2__DECOMP_EPS__eps_201.csv
Instance_7_4_2_2__CP_WWS_EPS__eps_202,Instances/Tiny/Instance_7_4_2_2.txt,Tiny,cp_wws_eps,202,3600.0,results/raw/Instance_7_4_2_2__CP_WWS_EPS__eps_202.csv
Instance_7_4_2_2__LB_AP_EPS__eps_202,Instances/Tiny/Instance_7_4_2_2.txt,Tiny,lb_ap_eps,202,3600.0,results/raw/Instance_7_4_2_2__LB_AP_EPS__eps_202.csv
Instance_7_4_2_2__DECOMP_EPS__eps_202,Instances/Tiny/Instance_7_4_2_2.txt,Tiny,decomp_eps,202,3600.0,results/raw/Instance_7_4_2_2__DECOMP_EPS__eps_202.csv
Instance_7_4_2_2__CP_WWS_EPS__eps_203,Instances/Tiny/Instance_7_4_2_2.txt,Tiny,cp_wws_eps,203,3600.0,results/raw/Instance_7_4_2_2__CP_WWS_EPS__eps_203.csv
Instance_7_4_2_2__LB_AP_EPS__eps_203,Instances/Tiny/Instance_7_4_2_2.txt,Tiny,lb_ap_eps,203,3600.0,results/raw/Instance_7_4_2_2__LB_AP_EPS__eps_203.csv
Instance_7_4_2_2__DECOMP_EPS__eps_203,Instances/Tiny/Instance_7_4_2_2.txt,Tiny,decomp_eps,203,3600.0,results/raw/Instance_7_4_2_2__DECOMP_EPS__eps_203.csv
Instance_7_4_2_2__CP_WWS_EPS__eps_204,Instances/Tiny/Instance_7_4_2_2.txt,Tiny,cp_wws_eps,204,3600.0,results/raw/Instance_7_4_2_2__CP_WWS_EPS__eps_204.csv
Instance_7_4_2_2__LB_AP_EPS__eps_204,Instances/Tiny/Instance_7_4_2_2.txt,Tiny,lb_ap_eps,204,3600.0,results/raw/Instance_7_4_2_2__LB_AP_EPS__eps_204.csv
Instance_7_4_2_2__DECOMP_EPS__eps_204,Instances/Tiny/Instance_7_4_2_2.txt,Tiny,decomp_eps,204,3600.0,results/raw/Instance_7_4_2_2__DECOMP_EPS__eps_204.csv
Instance_7_4_2_2__CP_WWS_EPS__eps_205,Instances/Tiny/Instance_7_4_2_2.txt,Tiny,cp_wws_eps,205,3600.0,results/raw/Instance_7_4_2_2__CP_WWS_EPS__eps_205.csv
Instance_7_4_2_2__LB_AP_EPS__eps_205,Instances/Tiny/Instance_7_4_2_2.txt,Tiny,lb_ap_eps,205,3600.0,results/raw/Instance_7_4_2_2__LB_AP_EPS__eps_205.csv
Instance_7_4_2_2__DECOMP_EPS__eps_205,Instances/Tiny/Instance_7_4_2_2.txt,Tiny,decomp_eps,205,3600.0,results/raw/Instance_7_4_2_2__DECOMP_EPS__eps_205.csv
Instance_7_4_2_2__CP_WWS_EPS__eps_206,Instances/Tiny/Instance_7_4_2_2.txt,Tiny,cp_wws_eps,206,3600.0,results/raw/Instance_7_4_2_2__CP_WWS_EPS__eps_206.csv
Instance_7_4_2_2__LB_AP_EPS__eps_206,Instances/Tiny/Instance_7_4_2_2.txt,Tiny,lb_ap_eps,206,3600.0,results/raw/Instance_7_4_2_2__LB_AP_EPS__eps_206.csv
Instance_7_4_2_2__DECOMP_EPS__eps_206,Instances/Tiny/Instance_7_4_2_2.txt,Tiny,decomp_eps,206,3600.0,results/raw/Instance_7_4_2_2__DECOMP_EPS__eps_206.csv
Instance_7_4_2_2__CP_WWS_EPS__eps_207,Instances/Tiny/Instance_7_4_2_2.txt,Tiny,cp_wws_eps,207,3600.0,results/raw/Instance_7_4_2_2__CP_WWS_EPS__eps_207.csv
Instance_7_4_2_2__LB_AP_EPS__eps_207,Instances/Tiny/Instance_7_4_2_2.txt,Tiny,lb_ap_eps,207,3600.0,results/raw/Instance_7_4_2_2__LB_AP_EPS__eps_207.csv
Instance_7_4_2_2__DECOMP_EPS__eps_207,Instances/Tiny/Instance_7_4_2_2.txt,Tiny,decomp_eps,207,3600.0,results/raw/Instance_7_4_2_2__DECOMP_EPS__eps_207.csv
Instance_7_4_2_2__CP_WWS_EPS__eps_208,Instances/Tiny/Instance_7_4_2_2.txt,Tiny,cp_wws_eps,208,3600.0,results/raw/Instance_7_4_2_2__CP_WWS_EPS__eps_208.csv
Instance_7_4_2_2__LB_AP_EPS__eps_208,Instances/Tiny/Instance_7_4_2_2.txt,Tiny,lb_ap_eps,208,3600.0,results/raw/Instance_7_4_2_2__LB_AP_EPS__eps_208.csv
Instance_7_4_2_2__DECOMP_EPS__eps_208,Instances/Tiny/Instance_7_4_2_2.txt,Tiny,decomp_eps,208,3600.0,results/raw/Instance_7_4_2_2__DECOMP_EPS__eps_208.csv
Instance_7_4_2_2__CP_WWS_EPS__eps_209,Instances/Tiny/Instance_7_4_2_2.txt,Tiny,cp_wws_eps,209,3600.0,results/raw/Instance_7_4_2_2__CP_WWS_EPS__eps_209.csv
Instance_7_4_2_2__LB_AP_EPS__eps_209,Instances/Tiny/Instance_7_4_2_2.txt,Tiny,lb_ap_eps,209,3600.0,results/raw/Instance_7_4_2_2__LB_AP_EPS__eps_209.csv
Instance_7_4_2_2__DECOMP_EPS__eps_209,Instances/Tiny/Instance_7_4_2_2.txt,Tiny,decomp_eps,209,3600.0,results/raw/Instance_7_4_2_2__DECOMP_EPS__eps_209.csv
Instance_7_4_2_2__CP_WWS_EPS__eps_210,Instances/Tiny/Instance_7_4_2_2.txt,Tiny,cp_wws_eps,210,3600.0,results/raw/Instance_7_4_2_2__CP_WWS_EPS__eps_210.csv
Instance_7_4_2_2__LB_AP_EPS__eps_210,Instances/Tiny/Instance_7_4_2_2.txt,Tiny,lb_ap_eps,210,3600.0,results/raw/Instance_7_4_2_2__LB_AP_EPS__eps_210.csv
Instance_7_4_2_2__DECOMP_EPS__eps_210,Instances/Tiny/Instance_7_4_2_2.txt,Tiny,decomp_eps,210,3600.0,results/raw/Instance_7_4_2_2__DECOMP_EPS__eps_210.csv
Instance_7_4_2_2__CP_WWS_EPS__eps_211,Instances/Tiny/Instance_7_4_2_2.txt,Tiny,cp_wws_eps,211,3600.0,results/raw/Instance_7_4_2_2__CP_WWS_EPS__eps_211.csv
Instance_7_4_2_2__LB_AP_EPS__eps_211,Instances/Tiny/Instance_7_4_2_2.txt,Tiny,lb_ap_eps,211,3600.0,results/raw/Instance_7_4_2_2__LB_AP_EPS__eps_211.csv
Instance_7_4_2_2__DECOMP_EPS__eps_211,Instances/Tiny/Instance_7_4_2_2.txt,Tiny,decomp_eps,211,3600.0,results/raw/Instance_7_4_2_2__DECOMP_EPS__eps_211.csv
Instance_7_4_2_2__CP_WWS_EPS__eps_212,Instances/Tiny/Instance_7_4_2_2.txt,Tiny,cp_wws_eps,212,3600.0,results/raw/Instance_7_4_2_2__CP_WWS_EPS__eps_212.csv
Instance_7_4_2_2__LB_AP_EPS__eps_212,Instances/Tiny/Instance_7_4_2_2.txt,Tiny,lb_ap_eps,212,3600.0,results/raw/Instance_7_4_2_2__LB_AP_EPS__eps_212.csv
Instance_7_4_2_2__DECOMP_EPS__eps_212,Instances/Tiny/Instance_7_4_2_2.txt,Tiny,decomp_eps,212,3600.0,results/raw/Instance_7_4_2_2__DECOMP_EPS__eps_212.csv
Instance_7_4_2_2__CP_WWS_EPS__eps_213,Instances/Tiny/Instance_7_4_2_2.txt,Tiny,cp_wws_eps,213,3600.0,results/raw/Instance_7_4_2_2__CP_WWS_EPS__eps_213.csv
Instance_7_4_2_2__LB_AP_EPS__eps_213,Instances/Tiny/Instance_7_4_2_2.txt,Tiny,lb_ap_eps,213,3600.0,results/raw/Instance_7_4_2_2__LB_AP_EPS__eps_213.csv
Instance_7_4_2_2__DECOMP_EPS__eps_213,Instances/Tiny/Instance_7_4_2_2.txt,Tiny,decomp_eps,213,3600.0,results/raw/Instance_7_4_2_2__DECOMP_EPS__eps_213.csv
Instance_7_4_2_2__CP_WWS_EPS__eps_214,Instances/Tiny/Instance_7_4_2_2.txt,Tiny,cp_wws_eps,214,3600.0,results/raw/Instance_7_4_2_2__CP_WWS_EPS__eps_214.csv
Instance_7_4_2_2__LB_AP_EPS__eps_214,Instances/Tiny/Instance_7_4_2_2.txt,Tiny,lb_ap_eps,214,3600.0,results/raw/Instance_7_4_2_2__LB_AP_EPS__eps_214.csv
Instance_7_4_2_2__DECOMP_EPS__eps_214,Instances/Tiny/Instance_7_4_2_2.txt,Tiny,decomp_eps,214,3600.0,results/raw/Instance_7_4_2_2__DECOMP_EPS__eps_214.csv
Instance_7_4_2_2__CP_WWS_EPS__eps_215,Instances/Tiny/Instance_7_4_2_2.txt,Tiny,cp_wws_eps,215,3600.0,results/raw/Instance_7_4_2_2__CP_WWS_EPS__eps_215.csv
Instance_7_4_2_2__LB_AP_EPS__eps_215,Instances/Tiny/Instance_7_4_2_2.txt,Tiny,lb_ap_eps,215,3600.0,results/raw/Instance_7_4_2_2__LB_AP_EPS__eps_215.csv
Instance_7_4_2_2__DECOMP_EPS__eps_215,Instances/Tiny/Instance_7_4_2_2.txt,Tiny,decomp_eps,215,3600.0,results/raw/Instance_7_4_2_2__DECOMP_EPS__eps_215.csv
Instance_7_4_2_2__CP_WWS_EPS__eps_216,Instances/Tiny/Instance_7_4_2_2.txt,Tiny,cp_wws_eps,216,3600.0,results/raw/Instance_7_4_2_2__CP_WWS_EPS__eps_216.csv
Instance_7_4_2_2__LB_AP_EPS__eps_216,Instances/Tiny/Instance_7_4_2_2.txt,Tiny,lb_ap_eps,216,3600.0,results/raw/Instance_7_4_2_2__LB_AP_EPS__eps_216.csv
Instance_7_4_2_2__DECOMP_EPS__eps_216,Instances/Tiny/Instance_7_4_2_2.txt,Tiny,decomp_eps,216,3600.0,results/raw/Instance_7_4_2_2__DECOMP_EPS__eps_216.csv
Instance_7_4_2_2__CP_WWS_EPS__eps_217,Instances/Tiny/Instance_7_4_2_2.txt,Tiny,cp_wws_eps,217,3600.0,results/raw/Instance_7_4_2_2__CP_WWS_EPS__eps_217.csv
Instance_7_4_2_2__LB_AP_EPS__eps_217,Instances/Tiny/Instance_7_4_2_2.txt,Tiny,lb_ap_eps,217,3600.0,results/raw/Instance_7_4_2_2__LB_AP_EPS__eps_217.csv
Instance_7_4_2_2__DECOMP_EPS__eps_217,Instances/Tiny/Instance_7_4_2_2.txt,Tiny,decomp_eps,217,3600.0,results/raw/Instance_7_4_2_2__DECOMP_EPS__eps_217.csv
Instance_7_4_2_2__CP_WWS_EPS__eps_218,Instances/Tiny/Instance_7_4_2_2.txt,Tiny,cp_wws_eps,218,3600.0,results/raw/Instance_7_4_2_2__CP_WWS_EPS__eps_218.csv
Instance_7_4_2_2__LB_AP_EPS__eps_218,Instances/Tiny/Instance_7_4_2_2.txt,Tiny,lb_ap_eps,218,3600.0,results/raw/Instance_7_4_2_2__LB_AP_EPS__eps_218.csv
Instance_7_4_2_2__DECOMP_EPS__eps_218,Instances/Tiny/Instance_7_4_2_2.txt,Tiny,decomp_eps,218,3600.0,results/raw/Instance_7_4_2_2__DECOMP_EPS__eps_218.csv
Instance_7_4_2_2__CP_WWS_EPS__eps_219,Instances/Tiny/Instance_7_4_2_2.txt,Tiny,cp_wws_eps,219,3600.0,results/raw/Instance_7_4_2_2__CP_WWS_EPS__eps_219.csv
Instance_7_4_2_2__LB_AP_EPS__eps_219,Instances/Tiny/Instance_7_4_2_2.txt,Tiny,lb_ap_eps,219,3600.0,results/raw/Instance_7_4_2_2__LB_AP_EPS__eps_219.csv
Instance_7_4_2_2__DECOMP_EPS__eps_219,Instances/Tiny/Instance_7_4_2_2.txt,Tiny,decomp_eps,219,3600.0,results/raw/Instance_7_4_2_2__DECOMP_EPS__eps_219.csv
Instance_7_4_2_2__CP_WWS_EPS__eps_220,Instances/Tiny/Instance_7_4_2_2.txt,Tiny,cp_wws_eps,220,3600.0,results/raw/Instance_7_4_2_2__CP_WWS_EPS__eps_220.csv
Instance_7_4_2_2__LB_AP_EPS__eps_220,Instances/Tiny/Instance_7_4_2_2.txt,Tiny,lb_ap_eps,220,3600.0,results/raw/Instance_7_4_2_2__LB_AP_EPS__eps_220.csv
Instance_7_4_2_2__DECOMP_EPS__eps_220,Instances/Tiny/Instance_7_4_2_2.txt,Tiny,decomp_eps,220,3600.0,results/raw/Instance_7_4_2_2__DECOMP_EPS__eps_220.csv
Instance_7_4_2_2__CP_WWS_EPS__eps_221,Instances/Tiny/Instance_7_4_2_2.txt,Tiny,cp_wws_eps,221,3600.0,results/raw/Instance_7_4_2_2__CP_WWS_EPS__eps_221.csv
Instance_7_4_2_2__LB_AP_EPS__eps_221,Instances/Tiny/Instance_7_4_2_2.txt,Tiny,lb_ap_eps,221,3600.0,results/raw/Instance_7_4_2_2__LB_AP_EPS__eps_221.csv
Instance_7_4_2_2__DECOMP_EPS__eps_221,Instances/Tiny/Instance_7_4_2_2.txt,Tiny,decomp_eps,221,3600.0,results/raw/Instance_7_4_2_2__DECOMP_EPS__eps_221.csv
Instance_7_4_2_2__CP_WWS_EPS__eps_222,Instances/Tiny/Instance_7_4_2_2.txt,Tiny,cp_wws_eps,222,3600.0,results/raw/Instance_7_4_2_2__CP_WWS_EPS__eps_222.csv
Instance_7_4_2_2__LB_AP_EPS__eps_222,Instances/Tiny/Instance_7_4_2_2.txt,Tiny,lb_ap_eps,222,3600.0,results/raw/Instance_7_4_2_2__LB_AP_EPS__eps_222.csv
Instance_7_4_2_2__DECOMP_EPS__eps_222,Instances/Tiny/Instance_7_4_2_2.txt,Tiny,decomp_eps,222,3600.0,results/raw/Instance_7_4_2_2__DECOMP_EPS__eps_222.csv
Instance_7_4_2_2__CP_WWS_EPS__eps_223,Instances/Tiny/Instance_7_4_2_2.txt,Tiny,cp_wws_eps,223,3600.0,results/raw/Instance_7_4_2_2__CP_WWS_EPS__eps_223.csv
Instance_7_4_2_2__LB_AP_EPS__eps_223,Instances/Tiny/Instance_7_4_2_2.txt,Tiny,lb_ap_eps,223,3600.0,results/raw/Instance_7_4_2_2__LB_AP_EPS__eps_223.csv
Instance_7_4_2_2__DECOMP_EPS__eps_223,Instances/Tiny/Instance_7_4_2_2.txt,Tiny,decomp_eps,223,3600.0,results/raw/Instance_7_4_2_2__DECOMP_EPS__eps_223.csv
Instance_7_4_2_2__CP_WWS_EPS__eps_224,Instances/Tiny/Instance_7_4_2_2.txt,Tiny,cp_wws_eps,224,3600.0,results/raw/Instance_7_4_2_2__CP_WWS_EPS__eps_224.csv
Instance_7_4_2_2__LB_AP_EPS__eps_224,Instances/Tiny/Instance_7_4_2_2.txt,Tiny,lb_ap_eps,224,3600.0,results/raw/Instance_7_4_2_2__LB_AP_EPS__eps_224.csv
Instance_7_4_2_2__DECOMP_EPS__eps_224,Instances/Tiny/Instance_7_4_2_2.txt,Tiny,decomp_eps,224,3600.0,results/raw/Instance_7_4_2_2__DECOMP_EPS__eps_224.csv
Instance_7_4_2_2__CP_WWS_EPS__eps_225,Instances/Tiny/Instance_7_4_2_2.txt,Tiny,cp_wws_eps,225,3600.0,results/raw/Instance_7_4_2_2__CP_WWS_EPS__eps_225.csv
Instance_7_4_2_2__LB_AP_EPS__eps_225,Instances/Tiny/Instance_7_4_2_2.txt,Tiny,lb_ap_eps,225,3600.0,results/raw/Instance_7_4_2_2__LB_AP_EPS__eps_225.csv
Instance_7_4_2_2__DECOMP_EPS__eps_225,Instances/Tiny/Instance_7_4_2_2.txt,Tiny,decomp_eps,225,3600.0,results/raw/Instance_7_4_2_2__DECOMP_EPS__eps_225.csv
Instance_7_5_2_0__CP_WWS_EPS__eps_136,Instances/Tiny/Instance_7_5_2_0.txt,Tiny,cp_wws_eps,136,3600.0,results/raw/Instance_7_5_2_0__CP_WWS_EPS__eps_136.csv
Instance_7_5_2_0__LB_AP_EPS__eps_136,Instances/Tiny/Instance_7_5_2_0.txt,Tiny,lb_ap_eps,136,3600.0,results/raw/Instance_7_5_2_0__LB_AP_EPS__eps_136.csv
Instance_7_5_2_0__DECOMP_EPS__eps_136,Instances/Tiny/Instance_7_5_2_0.txt,Tiny,decomp_eps,136,3600.0,results/raw/Instance_7_5_2_0__DECOMP_EPS__eps_136.csv
Instance_7_5_2_0__CP_WWS_EPS__eps_137,Instances/Tiny/Instance_7_5_2_0.txt,Tiny,cp_wws_eps,137,3600.0,results/raw/Instance_7_5_2_0__CP_WWS_EPS__eps_137.csv
Instance_7_5_2_0__LB_AP_EPS__eps_137,Instances/Tiny/Instance_7_5_2_0.txt,Tiny,lb_ap_eps,137,3600.0,results/raw/Instance_7_5_2_0__LB_AP_EPS__eps_137.csv
Instance_7_5_2_0__DECOMP_EPS__eps_137,Instances/Tiny/Instance_7_5_2_0.txt,Tiny,decomp_eps,137,3600.0,results/raw/Instance_7_5_2_0__DECOMP_EPS__eps_137.csv
Instance_7_5_2_0__CP_WWS_EPS__eps_138,Instances/Tiny/Instance_7_5_2_0.txt,Tiny,cp_wws_eps,138,3600.0,results/raw/Instance_7_5_2_0__CP_WWS_EPS__eps_138.csv
Instance_7_5_2_0__LB_AP_EPS__eps_138,Instances/Tiny/Instance_7_5_2_0.txt,Tiny,lb_ap_eps,138,3600.0,results/raw/Instance_7_5_2_0__LB_AP_EPS__eps_138.csv
Instance_7_5_2_0__DECOMP_EPS__eps_138,Instances/Tiny/Instance_7_5_2_0.txt,Tiny,decomp_eps,138,3600.0,results/raw/Instance_7_5_2_0__DECOMP_EPS__eps_138.csv
Instance_7_5_2_0__CP_WWS_EPS__eps_139,Instances/Tiny/Instance_7_5_2_0.txt,Tiny,cp_wws_eps,139,3600.0,results/raw/Instance_7_5_2_0__CP_WWS_EPS__eps_139.csv
Instance_7_5_2_0__LB_AP_EPS__eps_139,Instances/Tiny/Instance_7_5_2_0.txt,Tiny,lb_ap_eps,139,3600.0,results/raw/Instance_7_5_2_0__LB_AP_EPS__eps_139.csv
Instance_7_5_2_0__DECOMP_EPS__eps_139,Instances/Tiny/Instance_7_5_2_0.txt,Tiny,decomp_eps,139,3600.0,results/raw/Instance_7_5_2_0__DECOMP_EPS__eps_139.csv
Instance_7_5_2_0__CP_WWS_EPS__eps_140,Instances/Tiny/Instance_7_5_2_0.txt,Tiny,cp_wws_eps,140,3600.0,results/raw/Instance_7_5_2_0__CP_WWS_EPS__eps_140.csv
Instance_7_5_2_0__LB_AP_EPS__eps_140,Instances/Tiny/Instance_7_5_2_0.txt,Tiny,lb_ap_eps,140,3600.0,results/raw/Instance_7_5_2_0__LB_AP_EPS__eps_140.csv
Instance_7_5_2_0__DECOMP_EPS__eps_140,Instances/Tiny/Instance_7_5_2_0.txt,Tiny,decomp_eps,140,3600.0,results/raw/Instance_7_5_2_0__DECOMP_EPS__eps_140.csv
Instance_7_5_2_0__CP_WWS_EPS__eps_141,Instances/Tiny/Instance_7_5_2_0.txt,Tiny,cp_wws_eps,141,3600.0,results/raw/Instance_7_5_2_0__CP_WWS_EPS__eps_141.csv
Instance_7_5_2_0__LB_AP_EPS__eps_141,Instances/Tiny/Instance_7_5_2_0.txt,Tiny,lb_ap_eps,141,3600.0,results/raw/Instance_7_5_2_0__LB_AP_EPS__eps_141.csv
Instance_7_5_2_0__DECOMP_EPS__eps_141,Instances/Tiny/Instance_7_5_2_0.txt,Tiny,decomp_eps,141,3600.0,results/raw/Instance_7_5_2_0__DECOMP_EPS__eps_141.csv
Instance_7_5_2_0__CP_WWS_EPS__eps_142,Instances/Tiny/Instance_7_5_2_0.txt,Tiny,cp_wws_eps,142,3600.0,results/raw/Instance_7_5_2_0__CP_WWS_EPS__eps_142.csv
Instance_7_5_2_0__LB_AP_EPS__eps_142,Instances/Tiny/Instance_7_5_2_0.txt,Tiny,lb_ap_eps,142,3600.0,results/raw/Instance_7_5_2_0__LB_AP_EPS__eps_142.csv
Instance_7_5_2_0__DECOMP_EPS__eps_142,Instances/Tiny/Instance_7_5_2_0.txt,Tiny,decomp_eps,142,3600.0,results/raw/Instance_7_5_2_0__DECOMP_EPS__eps_142.csv
Instance_7_5_2_0__CP_WWS_EPS__eps_143,Instances/Tiny/Instance_7_5_2_0.txt,Tiny,cp_wws_eps,143,3600.0,results/raw/Instance_7_5_2_0__CP_WWS_EPS__eps_143.csv
Instance_7_5_2_0__LB_AP_EPS__eps_143,Instances/Tiny/Instance_7_5_2_0.txt,Tiny,lb_ap_eps,143,3600.0,results/raw/Instance_7_5_2_0__LB_AP_EPS__eps_143.csv
Instance_7_5_2_0__DECOMP_EPS__eps_143,Instances/Tiny/Instance_7_5_2_0.txt,Tiny,decomp_eps,143,3600.0,results/raw/Instance_7_5_2_0__DECOMP_EPS__eps_143.csv
Instance_7_5_2_0__CP_WWS_EPS__eps_144,Instances/Tiny/Instance_7_5_2_0.txt,Tiny,cp_wws_eps,144,3600.0,results/raw/Instance_7_5_2_0__CP_WWS_EPS__eps_144.csv
Instance_7_5_2_0__LB_AP_EPS__eps_144,Instances/Tiny/Instance_7_5_2_0.txt,Tiny,lb_ap_eps,144,3600.0,results/raw/Instance_7_5_2_0__LB_AP_EPS__eps_144.csv
Instance_7_5_2_0__DECOMP_EPS__eps_144,Instances/Tiny/Instance_7_5_2_0.txt,Tiny,decomp_eps,144,3600.0,results/raw/Instance_7_5_2_0__DECOMP_EPS__eps_144.csv
Instance_7_5_2_0__CP_WWS_EPS__eps_145,Instances/Tiny/Instance_7_5_2_0.txt,Tiny,cp_wws_eps,145,3600.0,results/raw/Instance_7_5_2_0__CP_WWS_EPS__eps_145.csv
Instance_7_5_2_0__LB_AP_EPS__eps_145,Instances/Tiny/Instance_7_5_2_0.txt,Tiny,lb_ap_eps,145,3600.0,results/raw/Instance_7_5_2_0__LB_AP_EPS__eps_145.csv
Instance_7_5_2_0__DECOMP_EPS__eps_145,Instances/Tiny/Instance_7_5_2_0.txt,Tiny,decomp_eps,145,3600.0,results/raw/Instance_7_5_2_0__DECOMP_EPS__eps_145.csv
Instance_7_5_2_0__CP_WWS_EPS__eps_146,Instances/Tiny/Instance_7_5_2_0.txt,Tiny,cp_wws_eps,146,3600.0,results/raw/Instance_7_5_2_0__CP_WWS_EPS__eps_146.csv
Instance_7_5_2_0__LB_AP_EPS__eps_146,Instances/Tiny/Instance_7_5_2_0.txt,Tiny,lb_ap_eps,146,3600.0,results/raw/Instance_7_5_2_0__LB_AP_EPS__eps_146.csv
Instance_7_5_2_0__DECOMP_EPS__eps_146,Instances/Tiny/Instance_7_5_2_0.txt,Tiny,decomp_eps,146,3600.0,results/raw/Instance_7_5_2_0__DECOMP_EPS__eps_146.csv
Instance_7_5_2_0__CP_WWS_EPS__eps_147,Instances/Tiny/Instance_7_5_2_0.txt,Tiny,cp_wws_eps,147,3600.0,results/raw/Instance_7_5_2_0__CP_WWS_EPS__eps_147.csv
Instance_7_5_2_0__LB_AP_EPS__eps_147,Instances/Tiny/Instance_7_5_2_0.txt,Tiny,lb_ap_eps,147,3600.0,results/raw/Instance_7_5_2_0__LB_AP_EPS__eps_147.csv
Instance_7_5_2_0__DECOMP_EPS__eps_147,Instances/Tiny/Instance_7_5_2_0.txt,Tiny,decomp_eps,147,3600.0,results/raw/Instance_7_5_2_0__DECOMP_EPS__eps_147.csv
Instance_7_5_2_0__CP_WWS_EPS__eps_148,Instances/Tiny/Instance_7_5_2_0.txt,Tiny,cp_wws_eps,148,3600.0,results/raw/Instance_7_5_2_0__CP_WWS_EPS__eps_148.csv
Instance_7_5_2_0__LB_AP_EPS__eps_148,Instances/Tiny/Instance_7_5_2_0.txt,Tiny,lb_ap_eps,148,3600.0,results/raw/Instance_7_5_2_0__LB_AP_EPS__eps_148.csv
Instance_7_5_2_0__DECOMP_EPS__eps_148,Instances/Tiny/Instance_7_5_2_0.txt,Tiny,decomp_eps,148,3600.0,results/raw/Instance_7_5_2_0__DECOMP_EPS__eps_148.csv
Instance_7_5_2_0__CP_WWS_EPS__eps_149,Instances/Tiny/Instance_7_5_2_0.txt,Tiny,cp_wws_eps,149,3600.0,results/raw/Instance_7_5_2_0__CP_WWS_EPS__eps_149.csv
Instance_7_5_2_0__LB_AP_EPS__eps_149,Instances/Tiny/Instance_7_5_2_0.txt,Tiny,lb_ap_eps,149,3600.0,results/raw/Instance_7_5_2_0__LB_AP_EPS__eps_149.csv
Instance_7_5_2_0__DECOMP_EPS__eps_149,Instances/Tiny/Instance_7_5_2_0.txt,Tiny,decomp_eps,149,3600.0,results/raw/Instance_7_5_2_0__DECOMP_EPS__eps_149.csv
Instance_7_5_2_0__CP_WWS_EPS__eps_150,Instances/Tiny/Instance_7_5_2_0.txt,Tiny,cp_wws_eps,150,3600.0,results/raw/Instance_7_5_2_0__CP_WWS_EPS__eps_150.csv
Instance_7_5_2_0__LB_AP_EPS__eps_150,Instances/Tiny/Instance_7_5_2_0.txt,Tiny,lb_ap_eps,150,3600.0,results/raw/Instance_7_5_2_0__LB_AP_EPS__eps_150.csv
Instance_7_5_2_0__DECOMP_EPS__eps_150,Instances/Tiny/Instance_7_5_2_0.txt,Tiny,decomp_eps,150,3600.0,results/raw/Instance_7_5_2_0__DECOMP_EPS__eps_150.csv
Instance_7_5_2_0__CP_WWS_EPS__eps_151,Instances/Tiny/Instance_7_5_2_0.txt,Tiny,cp_wws_eps,151,3600.0,results/raw/Instance_7_5_2_0__CP_WWS_EPS__eps_151.csv
Instance_7_5_2_0__LB_AP_EPS__eps_151,Instances/Tiny/Instance_7_5_2_0.txt,Tiny,lb_ap_eps,151,3600.0,results/raw/Instance_7_5_2_0__LB_AP_EPS__eps_151.csv
Instance_7_5_2_0__DECOMP_EPS__eps_151,Instances/Tiny/Instance_7_5_2_0.txt,Tiny,decomp_eps,151,3600.0,results/raw/Instance_7_5_2_0__DECOMP_EPS__eps_151.csv
Instance_7_5_2_0__CP_WWS_EPS__eps_152,Instances/Tiny/Instance_7_5_2_0.txt,Tiny,cp_wws_eps,152,3600.0,results/raw/Instance_7_5_2_0__CP_WWS_EPS__eps_152.csv
Instance_7_5_2_0__LB_AP_EPS__eps_152,Instances/Tiny/Instance_7_5_2_0.txt,Tiny,lb_ap_eps,152,3600.0,results/raw/Instance_7_5_2_0__LB_AP_EPS__eps_152.csv
Instance_7_5_2_0__DECOMP_EPS__eps_152,Instances/Tiny/Instance_7_5_2_0.txt,Tiny,decomp_eps,152,3600.0,results/raw/Instance_7_5_2_0__DECOMP_EPS__eps_152.csv
Instance_7_5_2_0__CP_WWS_EPS__eps_153,Instances/Tiny/Instance_7_5_2_0.txt,Tiny,cp_wws_eps,153,3600.0,results/raw/Instance_7_5_2_0__CP_WWS_EPS__eps_153.csv
Instance_7_5_2_0__LB_AP_EPS__eps_153,Instances/Tiny/Instance_7_5_2_0.txt,Tiny,lb_ap_eps,153,3600.0,results/raw/Instance_7_5_2_0__LB_AP_EPS__eps_153.csv
Instance_7_5_2_0__DECOMP_EPS__eps_153,Instances/Tiny/Instance_7_5_2_0.txt,Tiny,decomp_eps,153,3600.0,results/raw/Instance_7_5_2_0__DECOMP_EPS__eps_153.csv
Instance_7_5_2_0__CP_WWS_EPS__eps_154,Instances/Tiny/Instance_7_5_2_0.txt,Tiny,cp_wws_eps,154,3600.0,results/raw/Instance_7_5_2_0__CP_WWS_EPS__eps_154.csv
Instance_7_5_2_0__LB_AP_EPS__eps_154,Instances/Tiny/Instance_7_5_2_0.txt,Tiny,lb_ap_eps,154,3600.0,results/raw/Instance_7_5_2_0__LB_AP_EPS__eps_154.csv
Instance_7_5_2_0__DECOMP_EPS__eps_154,Instances/Tiny/Instance_7_5_2_0.txt,Tiny,decomp_eps,154,3600.0,results/raw/Instance_7_5_2_0__DECOMP_EPS__eps_154.csv
Instance_7_5_2_0__CP_WWS_EPS__eps_155,Instances/Tiny/Instance_7_5_2_0.txt,Tiny,cp_wws_eps,155,3600.0,results/raw/Instance_7_5_2_0__CP_WWS_EPS__eps_155.csv
Instance_7_5_2_0__LB_AP_EPS__eps_155,Instances/Tiny/Instance_7_5_2_0.txt,Tiny,lb_ap_eps,155,3600.0,results/raw/Instance_7_5_2_0__LB_AP_EPS__eps_155.csv
Instance_7_5_2_0__DECOMP_EPS__eps_155,Instances/Tiny/Instance_7_5_2_0.txt,Tiny,decomp_eps,155,3600.0,results/raw/Instance_7_5_2_0__DECOMP_EPS__eps_155.csv
Instance_7_5_2_0__CP_WWS_EPS__eps_156,Instances/Tiny/Instance_7_5_2_0.txt,Tiny,cp_wws_eps,156,3600.0,results/raw/Instance_7_5_2_0__CP_WWS_EPS__eps_156.csv
Instance_7_5_2_0__LB_AP_EPS__eps_156,Instances/Tiny/Instance_7_5_2_0.txt,Tiny,lb_ap_eps,156,3600.0,results/raw/Instance_7_5_2_0__LB_AP_EPS__eps_156.csv
Instance_7_5_2_0__DECOMP_EPS__eps_156,Instances/Tiny/Instance_7_5_2_0.txt,Tiny,decomp_eps,156,3600.0,results/raw/Instance_7_5_2_0__DECOMP_EPS__eps_156.csv
Instance_7_5_2_0__CP_WWS_EPS__eps_157,Instances/Tiny/Instance_7_5_2_0.txt,Tiny,cp_wws_eps,157,3600.0,results/raw/Instance_7_5_2_0__CP_WWS_EPS__eps_157.csv
Instance_7_5_2_0__LB_AP_EPS__eps_157,Instances/Tiny/Instance_7_5_2_0.txt,Tiny,lb_ap_eps,157,3600.0,results/raw/Instance_7_5_2_0__LB_AP_EPS__eps_157.csv
Instance_7_5_2_0__DECOMP_EPS__eps_157,Instances/Tiny/Instance_7_5_2_0.txt,Tiny,decomp_eps,157,3600.0,results/raw/Instance_7_5_2_0__DECOMP_EPS__eps_157.csv
Instance_7_5_2_0__CP_WWS_EPS__eps_158,Instances/Tiny/Instance_7_5_2_0.txt,Tiny,cp_wws_eps,158,3600.0,results/raw/Instance_7_5_2_0__CP_WWS_EPS__eps_158.csv
Instance_7_5_2_0__LB_AP_EPS__eps_158,Instances/Tiny/Instance_7_5_2_0.txt,Tiny,lb_ap_eps,158,3600.0,results/raw/Instance_7_5_2_0__LB_AP_EPS__eps_158.csv
Instance_7_5_2_0__DECOMP_EPS__eps_158,Instances/Tiny/Instance_7_5_2_0.txt,Tiny,decomp_eps,158,3600.0,results/raw/Instance_7_5_2_0__DECOMP_EPS__eps_158.csv
Instance_7_5_2_0__CP_WWS_EPS__eps_159,Instances/Tiny/Instance_7_5_2_0.txt,Tiny,cp_wws_eps,159,3600.0,results/raw/Instance_7_5_2_0__CP_WWS_EPS__eps_159.csv
Instance_7_5_2_0__LB_AP_EPS__eps_159,Instances/Tiny/Instance_7_5_2_0.txt,Tiny,lb_ap_eps,159,3600.0,results/raw/Instance_7_5_2_0__LB_AP_EPS__eps_159.csv
Instance_7_5_2_0__DECOMP_EPS__eps_159,Instances/Tiny/Instance_7_5_2_0.txt,Tiny,decomp_eps,159,3600.0,results/raw/Instance_7_5_2_0__DECOMP_EPS__eps_159.csv
Instance_7_5_2_0__CP_WWS_EPS__eps_160,Instances/Tiny/Instance_7_5_2_0.txt,Tiny,cp_wws_eps,160,3600.0,results/raw/Instance_7_5_2_0__CP_WWS_EPS__eps_160.csv
Instance_7_5_2_0__LB_AP_EPS__eps_160,Instances/Tiny/Instance_7_5_2_0.txt,Tiny,lb_ap_eps,160,3600.0,results/raw/Instance_7_5_2_0__LB_AP_EPS__eps_160.csv
Instance_7_5_2_0__DECOMP_EPS__eps_160,Instances/Tiny/Instance_7_5_2_0.txt,Tiny,decomp_eps,160,3600.0,results/raw/Instance_7_5_2_0__DECOMP_EPS__eps_160.csv
Instance_7_5_2_0__CP_WWS_EPS__eps_161,Instances/Tiny/Instance_7_5_2_0.txt,Tiny,cp_wws_eps,161,3600.0,results/raw/Instance_7_5_2_0__CP_WWS_EPS__eps_161.csv
Instance_7_5_2_0__LB_AP_EPS__eps_161,Instances/Tiny/Instance_7_5_2_0.txt,Tiny,lb_ap_eps,161,3600.0,results/raw/Instance_7_5_2_0__LB_AP_EPS__eps_161.csv
Instance_7_5_2_0__DECOMP_EPS__eps_161,Instances/Tiny/Instance_7_5_2_0.txt,Tiny,decomp_eps,161,3600.0,results/raw/Instance_7_5_2_0__DECOMP_EPS__eps_161.csv
Instance_7_5_2_0__CP_WWS_EPS__eps_162,Instances/Tiny/Instance_7_5_2_0.txt,Tiny,cp_wws_eps,162,3600.0,results/raw/Instance_7_5_2_0__CP_WWS_EPS__eps_162.csv
Instance_7_5_2_0__LB_AP_EPS__eps_162,Instances/Tiny/Instance_7_5_2_0.txt,Tiny,lb_ap_eps,162,3600.0,results/raw/Instance_7_5_2_0__LB_AP_EPS__eps_162.csv
Instance_7_5_2_0__DECOMP_EPS__eps_162,Instances/Tiny/Instance_7_5_2_0.txt,Tiny,decomp_eps,162,3600.0,results/raw/Instance_7_5_2_0__DECOMP_EPS__eps_162.csv
Instance_7_5_2_0__CP_WWS_EPS__eps_163,Instances/Tiny/Instance_7_5_2_0.txt,Tiny,cp_wws_eps,163,3600.0,results/raw/Instance_7_5_2_0__CP_WWS_EPS__eps_163.csv
Instance_7_5_2_0__LB_AP_EPS__eps_163,Instances/Tiny/Instance_7_5_2_0.txt,Tiny,lb_ap_eps,163,3600.0,results/raw/Instance_7_5_2_0__LB_AP_EPS__eps_163.csv
Instance_7_5_2_0__DECOMP_EPS__eps_163,Instances/Tiny/Instance_7_5_2_0.txt,Tiny,decomp_eps,163,3600.0,results/raw/Instance_7_5_2_0__DECOMP_EPS__eps_163.csv
Instance_7_5_2_0__CP_WWS_EPS__eps_164,Instances/Tiny/Instance_7_5_2_0.txt,Tiny,cp_wws_eps,164,3600.0,results/raw/Instance_7_5_2_0__CP_WWS_EPS__eps_164.csv
Instance_7_5_2_0__LB_AP_EPS__eps_164,Instances/Tiny/Instance_7_5_2_0.txt,Tiny,lb_ap_eps,164,3600.0,results/raw/Instance_7_5_2_0__LB_AP_EPS__eps_164.csv
Instance_7_5_2_0__DECOMP_EPS__eps_164,Instances/Tiny/Instance_7_5_2_0.txt,Tiny,decomp_eps,164,3600.0,results/raw/Instance_7_5_2_0__DECOMP_EPS__eps_164.csv
Instance_7_5_2_0__CP_WWS_EPS__eps_165,Instances/Tiny/Instance_7_5_2_0.txt,Tiny,cp_wws_eps,165,3600.0,results/raw/Instance_7_5_2_0__CP_WWS_EPS__eps_165.csv
Instance_7_5_2_0__LB_AP_EPS__eps_165,Instances/Tiny/Instance_7_5_2_0.txt,Tiny,lb_ap_eps,165,3600.0,results/raw/Instance_7_5_2_0__LB_AP_EPS__eps_165.csv
Instance_7_5_2_0__DECOMP_EPS__eps_165,Instances/Tiny/Instance_7_5_2_0.txt,Tiny,decomp_eps,165,3600.0,results/raw/Instance_7_5_2_0__DECOMP_EPS__eps_165.csv
Instance_7_5_2_0__CP_WWS_EPS__eps_166,Instances/Tiny/Instance_7_5_2_0.txt,Tiny,cp_wws_eps,166,3600.0,results/raw/Instance_7_5_2_0__CP_WWS_EPS__eps_166.csv
Instance_7_5_2_0__LB_AP_EPS__eps_166,Instances/Tiny/Instance_7_5_2_0.txt,Tiny,lb_ap_eps,166,3600.0,results/raw/Instance_7_5_2_0__LB_AP_EPS__eps_166.csv
Instance_7_5_2_0__DECOMP_EPS__eps_166,Instances/Tiny/Instance_7_5_2_0.txt,Tiny,decomp_eps,166,3600.0,results/raw/Instance_7_5_2_0__DECOMP_EPS__eps_166.csv
Instance_7_5_2_0__CP_WWS_EPS__eps_167,Instances/Tiny/Instance_7_5_2_0.txt,Tiny,cp_wws_eps,167,3600.0,results/raw/Instance_7_5_2_0__CP_WWS_EPS__eps_167.csv
Instance_7_5_2_0__LB_AP_EPS__eps_167,Instances/Tiny/Instance_7_5_2_0.txt,Tiny,lb_ap_eps,167,3600.0,results/raw/Instance_7_5_2_0__LB_AP_EPS__eps_167.csv
Instance_7_5_2_0__DECOMP_EPS__eps_167,Instances/Tiny/Instance_7_5_2_0.txt,Tiny,decomp_eps,167,3600.0,results/raw/Instance_7_5_2_0__DECOMP_EPS__eps_167.csv
Instance_7_5_2_0__CP_WWS_EPS__eps_168,Instances/Tiny/Instance_7_5_2_0.txt,Tiny,cp_wws_eps,168,3600.0,results/raw/Instance_7_5_2_0__CP_WWS_EPS__eps_168.csv
Instance_7_5_2_0__LB_AP_EPS__eps_168,Instances/Tiny/Instance_7_5_2_0.txt,Tiny,lb_ap_eps,168,3600.0,results/raw/Instance_7_5_2_0__LB_AP_EPS__eps_168.csv
Instance_7_5_2_0__DECOMP_EPS__eps_168,Instances/Tiny/Instance_7_5_2_0.txt,Tiny,decomp_eps,168,3600.0,results/raw/Instance_7_5_2_0__DECOMP_EPS__eps_168.csv
Instance_7_5_2_0__CP_WWS_EPS__eps_169,Instances/Tiny/Instance_7_5_2_0.txt,Tiny,cp_wws_eps,169,3600.0,results/raw/Instance_7_5_2_0__CP_WWS_EPS__eps_169.csv
Instance_7_5_2_0__LB_AP_EPS__eps_169,Instances/Tiny/Instance_7_5_2_0.txt,Tiny,lb_ap_eps,169,3600.0,results/raw/Instance_7_5_2_0__LB_AP_EPS__eps_169.csv
Instance_7_5_2_0__DECOMP_EPS__eps_169,Instances/Tiny/Instance_7_5_2_0.txt,Tiny,decomp_eps,169,3600.0,results/raw/Instance_7_5_2_0__DECOMP_EPS__eps_169.csv
Instance_7_5_2_0__CP_WWS_EPS__eps_170,Instances/Tiny/Instance_7_5_2_0.txt,Tiny,cp_wws_eps,170,3600.0,results/raw/Instance_7_5_2_0__CP_WWS_EPS__eps_170.csv
Instance_7_5_2_0__LB_AP_EPS__eps_170,Instances/Tiny/Instance_7_5_2_0.txt,Tiny,lb_ap_eps,170,3600.0,results/raw/Instance_7_5_2_0__LB_AP_EPS__eps_170.csv
Instance_7_5_2_0__DECOMP_EPS__eps_170,Instances/Tiny/Instance_7_5_2_0.txt,Tiny,decomp_eps,170,3600.0,results/raw/Instance_7_5_2_0__DECOMP_EPS__eps_170.csv
Instance_7_5_2_0__CP_WWS_EPS__eps_171,Instances/Tiny/Instance_7_5_2_0.txt,Tiny,cp_wws_eps,171,3600.0,results/raw/Instance_7_5_2_0__CP_WWS_EPS__eps_171.csv
Instance_7_5_2_0__LB_AP_EPS__eps_171,Instances/Tiny/Instance_7_5_2_0.txt,Tiny,lb_ap_eps,171,3600.0,results/raw/Instance_7_5_2_0__LB_AP_EPS__eps_171.csv
Instance_7_5_2_0__DECOMP_EPS__eps_171,Instances/Tiny/Instance_7_5_2_0.txt,Tiny,decomp_eps,171,3600.0,results/raw/Instance_7_5_2_0__DECOMP_EPS__eps_171.csv
Instance_7_5_2_2__CP_WWS_EPS__eps_141,Instances/Tiny/Instance_7_5_2_2.txt,Tiny,cp_wws_eps,141,3600.0,results/raw/Instance_7_5_2_2__CP_WWS_EPS__eps_141.csv
Instance_7_5_2_2__LB_AP_EPS__eps_141,Instances/Tiny/Instance_7_5_2_2.txt,Tiny,lb_ap_eps,141,3600.0,results/raw/Instance_7_5_2_2__LB_AP_EPS__eps_141.csv
Instance_7_5_2_2__DECOMP_EPS__eps_141,Instances/Tiny/Instance_7_5_2_2.txt,Tiny,decomp_eps,141,3600.0,results/raw/Instance_7_5_2_2__DECOMP_EPS__eps_141.csv
Instance_7_5_2_2__CP_WWS_EPS__eps_142,Instances/Tiny/Instance_7_5_2_2.txt,Tiny,cp_wws_eps,142,3600.0,results/raw/Instance_7_5_2_2__CP_WWS_EPS__eps_142.csv
Instance_7_5_2_2__LB_AP_EPS__eps_142,Instances/Tiny/Instance_7_5_2_2.txt,Tiny,lb_ap_eps,142,3600.0,results/raw/Instance_7_5_2_2__LB_AP_EPS__eps_142.csv
Instance_7_5_2_2__DECOMP_EPS__eps_142,Instances/Tiny/Instance_7_5_2_2.txt,Tiny,decomp_eps,142,3600.0,results/raw/Instance_7_5_2_2__DECOMP_EPS__eps_142.csv
Instance_7_5_2_2__CP_WWS_EPS__eps_143,Instances/Tiny/Instance_7_5_2_2.txt,Tiny,cp_wws_eps,143,3600.0,results/raw/Instance_7_5_2_2__CP_WWS_EPS__eps_143.csv
Instance_7_5_2_2__LB_AP_EPS__eps_143,Instances/Tiny/Instance_7_5_2_2.txt,Tiny,lb_ap_eps,143,3600.0,results/raw/Instance_7_5_2_2__LB_AP_EPS__eps_143.csv
Instance_7_5_2_2__DECOMP_EPS__eps_143,Instances/Tiny/Instance_7_5_2_2.txt,Tiny,decomp_eps,143,3600.0,results/raw/Instance_7_5_2_2__DECOMP_EPS__eps_143.csv
Instance_7_5_2_2__CP_WWS_EPS__eps_144,Instances/Tiny/Instance_7_5_2_2.txt,Tiny,cp_wws_eps,144,3600.0,results/raw/Instance_7_5_2_2__CP_WWS_EPS__eps_144.csv
Instance_7_5_2_2__LB_AP_EPS__eps_144,Instances/Tiny/Instance_7_5_2_2.txt,Tiny,lb_ap_eps,144,3600.0,results/raw/Instance_7_5_2_2__LB_AP_EPS__eps_144.csv
Instance_7_5_2_2__DECOMP_EPS__eps_144,Instances/Tiny/Instance_7_5_2_2.txt,Tiny,decomp_eps,144,3600.0,results/raw/Instance_7_5_2_2__DECOMP_EPS__eps_144.csv
Instance_7_5_2_2__CP_WWS_EPS__eps_145,Instances/Tiny/Instance_7_5_2_2.txt,Tiny,cp_wws_eps,145,3600.0,results/raw/Instance_7_5_2_2__CP_WWS_EPS__eps_145.csv
Instance_7_5_2_2__LB_AP_EPS__eps_145,Instances/Tiny/Instance_7_5_2_2.txt,Tiny,lb_ap_eps,145,3600.0,results/raw/Instance_7_5_2_2__LB_AP_EPS__eps_145.csv
Instance_7_5_2_2__DECOMP_EPS__eps_145,Instances/Tiny/Instance_7_5_2_2.txt,Tiny,decomp_eps,145,3600.0,results/raw/Instance_7_5_2_2__DECOMP_EPS__eps_145.csv
Instance_7_5_2_2__CP_WWS_EPS__eps_146,Instances/Tiny/Instance_7_5_2_2.txt,Tiny,cp_wws_eps,146,3600.0,results/raw/Instance_7_5_2_2__CP_WWS_EPS__eps_146.csv
Instance_7_5_2_2__LB_AP_EPS__eps_146,Instances/Tiny/Instance_7_5_2_2.txt,Tiny,lb_ap_eps,146,3600.0,results/raw/Instance_7_5_2_2__LB_AP_EPS__eps_146.csv
Instance_7_5_2_2__DECOMP_EPS__eps_146,Instances/Tiny/Instance_7_5_2_2.txt,Tiny,decomp_eps,146,3600.0,results/raw/Instance_7_5_2_2__DECOMP_EPS__eps_146.csv
Instance_7_5_2_2__CP_WWS_EPS__eps_147,Instances/Tiny/Instance_7_5_2_2.txt,Tiny,cp_wws_eps,147,3600.0,results/raw/Instance_7_5_2_2__CP_WWS_EPS__eps_147.csv
Instance_7_5_2_2__LB_AP_EPS__eps_147,Instances/Tiny/Instance_7_5_2_2.txt,Tiny,lb_ap_eps,147,3600.0,results/raw/Instance_7_5_2_2__LB_AP_EPS__eps_147.csv
Instance_7_5_2_2__DECOMP_EPS__eps_147,Instances/Tiny/Instance_7_5_2_2.txt,Tiny,decomp_eps,147,3600.0,results/raw/Instance_7_5_2_2__DECOMP_EPS__eps_147.csv
Instance_7_5_2_2__CP_WWS_EPS__eps_148,Instances/Tiny/Instance_7_5_2_2.txt,Tiny,cp_wws_eps,148,3600.0,results/raw/Instance_7_5_2_2__CP_WWS_EPS__eps_148.csv
Instance_7_5_2_2__LB_AP_EPS__eps_148,Instances/Tiny/Instance_7_5_2_2.txt,Tiny,lb_ap_eps,148,3600.0,results/raw/Instance_7_5_2_2__LB_AP_EPS__eps_148.csv
Instance_7_5_2_2__DECOMP_EPS__eps_148,Instances/Tiny/Instance_7_5_2_2.txt,Tiny,decomp_eps,148,3600.0,results/raw/Instance_7_5_2_2__DECOMP_EPS__eps_148.csv
Instance_7_5_2_2__CP_WWS_EPS__eps_149,Instances/Tiny/Instance_7_5_2_2.txt,Tiny,cp_wws_eps,149,3600.0,results/raw/Instance_7_5_2_2__CP_WWS_EPS__eps_149.csv
Instance_7_5_2_2__LB_AP_EPS__eps_149,Instances/Tiny/Instance_7_5_2_2.txt,Tiny,lb_ap_eps,149,3600.0,results/raw/Instance_7_5_2_2__LB_AP_EPS__eps_149.csv
Instance_7_5_2_2__DECOMP_EPS__eps_149,Instances/Tiny/Instance_7_5_2_2.txt,Tiny,decomp_eps,149,3600.0,results/raw/Instance_7_5_2_2__DECOMP_EPS__eps_149.csv
Instance_7_5_2_2__CP_WWS_EPS__eps_150,Instances/Tiny/Instance_7_5_2_2.txt,Tiny,cp_wws_eps,150,3600.0,results/raw/Instance_7_5_2_2__CP_WWS_EPS__eps_150.csv
Instance_7_5_2_2__LB_AP_EPS__eps_150,Instances/Tiny/Instance_7_5_2_2.txt,Tiny,lb_ap_eps,150,3600.0,results/raw/Instance_7_5_2_2__LB_AP_EPS__eps_150.csv
Instance_7_5_2_2__DECOMP_EPS__eps_150,Instances/Tiny/Instance_7_5_2_2.txt,Tiny,decomp_eps,150,3600.0,results/raw/Instance_7_5_2_2__DECOMP_EPS__eps_150.csv
Instance_7_5_2_2__CP_WWS_EPS__eps_151,Instances/Tiny/Instance_7_5_2_2.txt,Tiny,cp_wws_eps,151,3600.0,results/raw/Instance_7_5_2_2__CP_WWS_EPS__eps_151.csv
Instance_7_5_2_2__LB_AP_EPS__eps_151,Instances/Tiny/Instance_7_5_2_2.txt,Tiny,lb_ap_eps,151,3600.0,results/raw/Instance_7_5_2_2__LB_AP_EPS__eps_151.csv
Instance_7_5_2_2__DECOMP_EPS__eps_151,Instances/Tiny/Instance_7_5_2_2.txt,Tiny,decomp_eps,151,3600.0,results/raw/Instance_7_5_2_2__DECOMP_EPS__eps_151.csv
Instance_7_5_2_2__CP_WWS_EPS__eps_152,Instances/Tiny/Instance_7_5_2_2.txt,Tiny,cp_wws_eps,152,3600.0,results/raw/Instance_7_5_2_2__CP_WWS_EPS__eps_152.csv
Instance_7_5_2_2__LB_AP_EPS__eps_152,Instances/Tiny/Instance_7_5_2_2.txt,Tiny,lb_ap_eps,152,3600.0,results/raw/Instance_7_5_2_2__LB_AP_EPS__eps_152.csv
Instance_7_5_2_2__DECOMP_EPS__eps_152,Instances/Tiny/Instance_7_5_2_2.txt,Tiny,decomp_eps,152,3600.0,results/raw/Instance_7_5_2_2__DECOMP_EPS__eps_152.csv
Instance_7_5_2_2__CP_WWS_EPS__eps_153,Instances/Tiny/Instance_7_5_2_2.txt,Tiny,cp_wws_eps,153,3600.0,results/raw/Instance_7_5_2_2__CP_WWS_EPS__eps_153.csv
Instance_7_5_2_2__LB_AP_EPS__eps_153,Instances/Tiny/Instance_7_5_2_2.txt,Tiny,lb_ap_eps,153,3600.0,results/raw/Instance_7_5_2_2__LB_AP_EPS__eps_153.csv
Instance_7_5_2_2__DECOMP_EPS__eps_153,Instances/Tiny/Instance_7_5_2_2.txt,Tiny,decomp_eps,153,3600.0,results/raw/Instance_7_5_2_2__DECOMP_EPS__eps_153.csv
Instance_7_5_2_2__CP_WWS_EPS__eps_154,Instances/Tiny/Instance_7_5_2_2.txt,Tiny,cp_wws_eps,154,3600.0,results/raw/Instance_7_5_2_2__CP_WWS_EPS__eps_154.csv
Instance_7_5_2_2__LB_AP_EPS__eps_154,Instances/Tiny/Instance_7_5_2_2.txt,Tiny,lb_ap_eps,154,3600.0,results/raw/Instance_7_5_2_2__LB_AP_EPS__eps_154.csv
Instance_7_5_2_2__DECOMP_EPS__eps_154,Instances/Tiny/Instance_7_5_2_2.txt,Tiny,decomp_eps,154,3600.0,results/raw/Instance_7_5_2_2__DECOMP_EPS__eps_154.csv
Instance_7_5_2_2__CP_WWS_EPS__eps_155,Instances/Tiny/Instance_7_5_2_2.txt,Tiny,cp_wws_eps,155,3600.0,results/raw/Instance_7_5_2_2__CP_WWS_EPS__eps_155.csv
Instance_7_5_2_2__LB_AP_EPS__eps_155,Instances/Tiny/Instance_7_5_2_2.txt,Tiny,lb_ap_eps,155,3600.0,results/raw/Instance_7_5_2_2__LB_AP_EPS__eps_155.csv
Instance_7_5_2_2__DECOMP_EPS__eps_155,Instances/Tiny/Instance_7_5_2_2.txt,Tiny,decomp_eps,155,3600.0,results/raw/Instance_7_5_2_2__DECOMP_EPS__eps_155.csv
Instance_7_5_2_2__CP_WWS_EPS__eps_156,Instances/Tiny/Instance_7_5_2_2.txt,Tiny,cp_wws_eps,156,3600.0,results/raw/Instance_7_5_2_2__CP_WWS_EPS__eps_156.csv
Instance_7_5_2_2__LB_AP_EPS__eps_156,Instances/Tiny/Instance_7_5_2_2.txt,Tiny,lb_ap_eps,156,3600.0,results/raw/Instance_7_5_2_2__LB_AP_EPS__eps_156.csv
Instance_7_5_2_2__DECOMP_EPS__eps_156,Instances/Tiny/Instance_7_5_2_2.txt,Tiny,decomp_eps,156,3600.0,results/raw/Instance_7_5_2_2__DECOMP_EPS__eps_156.csv
Instance_7_5_2_2__CP_WWS_EPS__eps_157,Instances/Tiny/Instance_7_5_2_2.txt,Tiny,cp_wws_eps,157,3600.0,results/raw/Instance_7_5_2_2__CP_WWS_EPS__eps_157.csv
Instance_7_5_2_2__LB_AP_EPS__eps_157,Instances/Tiny/Instance_7_5_2_2.txt,Tiny,lb_ap_eps,157,3600.0,results/raw/Instance_7_5_2_2__LB_AP_EPS__eps_157.csv
Instance_7_5_2_2__DECOMP_EPS__eps_157,Instances/Tiny/Instance_7_5_2_2.txt,Tiny,decomp_eps,157,3600.0,results/raw/Instance_7_5_2_2__DECOMP_EPS__eps_157.csv
Instance_7_5_2_2__CP_WWS_EPS__eps_158,Instances/Tiny/Instance_7_5_2_2.txt,Tiny,cp_wws_eps,158,3600.0,results/raw/Instance_7_5_2_2__CP_WWS_EPS__eps_158.csv
Instance_7_5_2_2__LB_AP_EPS__eps_158,Instances/Tiny/Instance_7_5_2_2.txt,Tiny,lb_ap_eps,158,3600.0,results/raw/Instance_7_5_2_2__LB_AP_EPS__eps_158.csv
Instance_7_5_2_2__DECOMP_EPS__eps_158,Instances/Tiny/Instance_7_5_2_2.txt,Tiny,decomp_eps,158,3600.0,results/raw/Instance_7_5_2_2__DECOMP_EPS__eps_158.csv
Instance_7_5_2_2__CP_WWS_EPS__eps_159,Instances/Tiny/Instance_7_5_2_2.txt,Tiny,cp_wws_eps,159,3600.0,results/raw/Instance_7_5_2_2__CP_WWS_EPS__eps_159.csv
Instance_7_5_2_2__LB_AP_EPS__eps_159,Instances/Tiny/Instance_7_5_2_2.txt,Tiny,lb_ap_eps,159,3600.0,results/raw/Instance_7_5_2_2__LB_AP_EPS__eps_159.csv
Instance_7_5_2_2__DECOMP_EPS__eps_159,Instances/Tiny/Instance_7_5_2_2.txt,Tiny,decomp_eps,159,3600.0,results/raw/Instance_7_5_2_2__DECOMP_EPS__eps_159.csv
Instance_7_5_2_2__CP_WWS_EPS__eps_160,Instances/Tiny/Instance_7_5_2_2.txt,Tiny,cp_wws_eps,160,3600.0,results/raw/Instance_7_5_2_2__CP_WWS_EPS__eps_160.csv
Instance_7_5_2_2__LB_AP_EPS__eps_160,Instances/Tiny/Instance_7_5_2_2.txt,Tiny,lb_ap_eps,160,3600.0,results/raw/Instance_7_5_2_2__LB_AP_EPS__eps_160.csv
Instance_7_5_2_2__DECOMP_EPS__eps_160,Instances/Tiny/Instance_7_5_2_2.txt,Tiny,decomp_eps,160,3600.0,results/raw/Instance_7_5_2_2__DECOMP_EPS__eps_160.csv
Instance_7_5_2_2__CP_WWS_EPS__eps_161,Instances/Tiny/Instance_7_5_2_2.txt,Tiny,cp_wws_eps,161,3600.0,results/raw/Instance_7_5_2_2__CP_WWS_EPS__eps_161.csv
Instance_7_5_2_2__LB_AP_EPS__eps_161,Instances/Tiny/Instance_7_5_2_2.txt,Tiny,lb_ap_eps,161,3600.0,results/raw/Instance_7_5_2_2__LB_AP_EPS__eps_161.csv
Instance_7_5_2_2__DECOMP_EPS__eps_161,Instances/Tiny/Instance_7_5_2_2.txt,Tiny,decomp_eps,161,3600.0,results/raw/Instance_7_5_2_2__DECOMP_EPS__eps_161.csv
Instance_7_5_2_2__CP_WWS_EPS__eps_162,Instances/Tiny/Instance_7_5_2_2.txt,Tiny,cp_wws_eps,162,3600.0,results/raw/Instance_7_5_2_2__CP_WWS_EPS__eps_162.csv
Instance_7_5_2_2__LB_AP_EPS__eps_162,Instances/Tiny/Instance_7_5_2_2.txt,Tiny,lb_ap_eps,162,3600.0,results/raw/Instance_7_5_2_2__LB_AP_EPS__eps_162.csv
Instance_7_5_2_2__DECOMP_EPS__eps_162,Instances/Tiny/Instance_7_5_2_2.txt,Tiny,decomp_eps,162,3600.0,results/raw/Instance_7_5_2_2__DECOMP_EPS__eps_162.csv
Instance_7_5_2_2__CP_WWS_EPS__eps_163,Instances/Tiny/Instance_7_5_2_2.txt,Tiny,cp_wws_eps,163,3600.0,results/raw/Instance_7_5_2_2__CP_WWS_EPS__eps_163.csv
Instance_7_5_2_2__LB_AP_EPS__eps_163,Instances/Tiny/Instance_7_5_2_2.txt,Tiny,lb_ap_eps,163,3600.0,results/raw/Instance_7_5_2_2__LB_AP_EPS__eps_163.csv
Instance_7_5_2_2__DECOMP_EPS__eps_163,Instances/Tiny/Instance_7_5_2_2.txt,Tiny,decomp_eps,163,3600.0,results/raw/Instance_7_5_2_2__DECOMP_EPS__eps_163.csv
Instance_7_5_2_2__CP_WWS_EPS__eps_164,Instances/Tiny/Instance_7_5_2_2.txt,Tiny,cp_wws_eps,164,3600.0,results/raw/Instance_7_5_2_2__CP_WWS_EPS__eps_164.csv
Instance_7_5_2_2__LB_AP_EPS__eps_164,Instances/Tiny/Instance_7_5_2_2.txt,Tiny,lb_ap_eps,164,3600.0,results/raw/Instance_7_5_2_2__LB_AP_EPS__eps_164.csv
Instance_7_5_2_2__DECOMP_EPS__eps_164,Instances/Tiny/Instance_7_5_2_2.txt,Tiny,decomp_eps,164,3600.0,results/raw/Instance_7_5_2_2__DECOMP_EPS__eps_164.csv
Instance_7_5_2_2__CP_WWS_EPS__eps_165,Instances/Tiny/Instance_7_5_2_2.txt,Tiny,cp_wws_eps,165,3600.0,results/raw/Instance_7_5_2_2__CP_WWS_EPS__eps_165.csv
Instance_7_5_2_2__LB_AP_EPS__eps_165,Instances/Tiny/Instance_7_5_2_2.txt,Tiny,lb_ap_eps,165,3600.0,results/raw/Instance_7_5_2_2__LB_AP_EPS__eps_165.csv
Instance_7_5_2_2__DECOMP_EPS__eps_165,Instances/Tiny/Instance_7_5_2_2.txt,Tiny,decomp_eps,165,3600.0,results/raw/Instance_7_5_2_2__DECOMP_EPS__eps_165.csv
Instance_7_5_2_2__CP_WWS_EPS__eps_166,Instances/Tiny/Instance_7_5_2_2.txt,Tiny,cp_wws_eps,166,3600.0,results/raw/Instance_7_5_2_2__CP_WWS_EPS__eps_166.csv
Instance_7_5_2_2__LB_AP_EPS__eps_166,Instances/Tiny/Instance_7_5_2_2.txt,Tiny,lb_ap_eps,166,3600.0,results/raw/Instance_7_5_2_2__LB_AP_EPS__eps_166.csv
Instance_7_5_2_2__DECOMP_EPS__eps_166,Instances/Tiny/Instance_7_5_2_2.txt,Tiny,decomp_eps,166,3600.0,results/raw/Instance_7_5_2_2__DECOMP_EPS__eps_166.csv
Instance_7_5_2_2__CP_WWS_EPS__eps_167,Instances/Tiny/Instance_7_5_2_2.txt,Tiny,cp_wws_eps,167,3600.0,results/raw/Instance_7_5_2_2__CP_WWS_EPS__eps_167.csv
Instance_7_5_2_2__LB_AP_EPS__eps_167,Instances/Tiny/Instance_7_5_2_2.txt,Tiny,lb_ap_eps,167,3600.0,results/raw/Instance_7_5_2_2__LB_AP_EPS__eps_167.csv
Instance_7_5_2_2__DECOMP_EPS__eps_167,Instances/Tiny/Instance_7_5_2_2.txt,Tiny,decomp_eps,167,3600.0,results/raw/Instance_7_5_2_2__DECOMP_EPS__eps_167.csv
Instance_7_5_2_2__CP_WWS_EPS__eps_168,Instances/Tiny/Instance_7_5_2_2.txt,Tiny,cp_wws_eps,168,3600.0,results/raw/Instance_7_5_2_2__CP_WWS_EPS__eps_168.csv
Instance_7_5_2_2__LB_AP_EPS__eps_168,Instances/Tiny/Instance_7_5_2_2.txt,Tiny,lb_ap_eps,168,3600.0,results/raw/Instance_7_5_2_2__LB_AP_EPS__eps_168.csv
Instance_7_5_2_2__DECOMP_EPS__eps_168,Instances/Tiny/Instance_7_5_2_2.txt,Tiny,decomp_eps,168,3600.0,results/raw/Instance_7_5_2_2__DECOMP_EPS__eps_168.csv
Instance_7_5_2_2__CP_WWS_EPS__eps_169,Instances/Tiny/Instance_7_5_2_2.txt,Tiny,cp_wws_eps,169,3600.0,results/raw/Instance_7_5_2_2__CP_WWS_EPS__eps_169.csv
Instance_7_5_2_2__LB_AP_EPS__eps_169,Instances/Tiny/Instance_7_5_2_2.txt,Tiny,lb_ap_eps,169,3600.0,results/raw/Instance_7_5_2_2__LB_AP_EPS__eps_169.csv
Instance_7_5_2_2__DECOMP_EPS__eps_169,Instances/Tiny/Instance_7_5_2_2.txt,Tiny,decomp_eps,169,3600.0,results/raw/Instance_7_5_2_2__DECOMP_EPS__eps_169.csv
Instance_7_5_2_2__CP_WWS_EPS__eps_170,Instances/Tiny/Instance_7_5_2_2.txt,Tiny,cp_wws_eps,170,3600.0,results/raw/Instance_7_5_2_2__CP_WWS_EPS__eps_170.csv
Instance_7_5_2_2__LB_AP_EPS__eps_170,Instances/Tiny/Instance_7_5_2_2.txt,Tiny,lb_ap_eps,170,3600.0,results/raw/Instance_7_5_2_2__LB_AP_EPS__eps_170.csv
Instance_7_5_2_2__DECOMP_EPS__eps_170,Instances/Tiny/Instance_7_5_2_2.txt,Tiny,decomp_eps,170,3600.0,results/raw/Instance_7_5_2_2__DECOMP_EPS__eps_170.csv
Instance_7_5_2_2__CP_WWS_EPS__eps_171,Instances/Tiny/Instance_7_5_2_2.txt,Tiny,cp_wws_eps,171,3600.0,results/raw/Instance_7_5_2_2__CP_WWS_EPS__eps_171.csv
Instance_7_5_2_2__LB_AP_EPS__eps_171,Instances/Tiny/Instance_7_5_2_2.txt,Tiny,lb_ap_eps,171,3600.0,results/raw/Instance_7_5_2_2__LB_AP_EPS__eps_171.csv
Instance_7_5_2_2__DECOMP_EPS__eps_171,Instances/Tiny/Instance_7_5_2_2.txt,Tiny,decomp_eps,171,3600.0,results/raw/Instance_7_5_2_2__DECOMP_EPS__eps_171.csv
Instance_7_5_2_2__CP_WWS_EPS__eps_172,Instances/Tiny/Instance_7_5_2_2.txt,Tiny,cp_wws_eps,172,3600.0,results/raw/Instance_7_5_2_2__CP_WWS_EPS__eps_172.csv
Instance_7_5_2_2__LB_AP_EPS__eps_172,Instances/Tiny/Instance_7_5_2_2.txt,Tiny,lb_ap_eps,172,3600.0,results/raw/Instance_7_5_2_2__LB_AP_EPS__eps_172.csv
Instance_7_5_2_2__DECOMP_EPS__eps_172,Instances/Tiny/Instance_7_5_2_2.txt,Tiny,decomp_eps,172,3600.0,results/raw/Instance_7_5_2_2__DECOMP_EPS__eps_172.csv
Instance_7_5_2_2__CP_WWS_EPS__eps_173,Instances/Tiny/Instance_7_5_2_2.txt,Tiny,cp_wws_eps,173,3600.0,results/raw/Instance_7_5_2_2__CP_WWS_EPS__eps_173.csv
Instance_7_5_2_2__LB_AP_EPS__eps_173,Instances/Tiny/Instance_7_5_2_2.txt,Tiny,lb_ap_eps,173,3600.0,results/raw/Instance_7_5_2_2__LB_AP_EPS__eps_173.csv
Instance_7_5_2_2__DECOMP_EPS__eps_173,Instances/Tiny/Instance_7_5_2_2.txt,Tiny,decomp_eps,173,3600.0,results/raw/Instance_7_5_2_2__DECOMP_EPS__eps_173.csv
Instance_7_5_2_2__CP_WWS_EPS__eps_174,Instances/Tiny/Instance_7_5_2_2.txt,Tiny,cp_wws_eps,174,3600.0,results/raw/Instance_7_5_2_2__CP_WWS_EPS__eps_174.csv
Instance_7_5_2_2__LB_AP_EPS__eps_174,Instances/Tiny/Instance_7_5_2_2.txt,Tiny,lb_ap_eps,174,3600.0,results/raw/Instance_7_5_2_2__LB_AP_EPS__eps_174.csv
Instance_7_5_2_2__DECOMP_EPS__eps_174,Instances/Tiny/Instance_7_5_2_2.txt,Tiny,decomp_eps,174,3600.0,results/raw/Instance_7_5_2_2__DECOMP_EPS__eps_174.csv
Instance_7_5_2_2__CP_WWS_EPS__eps_175,Instances/Tiny/Instance_7_5_2_2.txt,Tiny,cp_wws_eps,175,3600.0,results/raw/Instance_7_5_2_2__CP_WWS_EPS__eps_175.csv
Instance_7_5_2_2__LB_AP_EPS__eps_175,Instances/Tiny/Instance_7_5_2_2.txt,Tiny,lb_ap_eps,175,3600.0,results/raw/Instance_7_5_2_2__LB_AP_EPS__eps_175.csv
Instance_7_5_2_2__DECOMP_EPS__eps_175,Instances/Tiny/Instance_7_5_2_2.txt,Tiny,decomp_eps,175,3600.0,results/raw/Instance_7_5_2_2__DECOMP_EPS__eps_175.csv
Instance_7_5_2_2__CP_WWS_EPS__eps_176,Instances/Tiny/Instance_7_5_2_2.txt,Tiny,cp_wws_eps,176,3600.0,results/raw/Instance_7_5_2_2__CP_WWS_EPS__eps_176.csv
Instance_7_5_2_2__LB_AP_EPS__eps_176,Instances/Tiny/Instance_7_5_2_2.txt,Tiny,lb_ap_eps,176,3600.0,results/raw/Instance_7_5_2_2__LB_AP_EPS__eps_176.csv
Instance_7_5_2_2__DECOMP_EPS__eps_176,Instances/Tiny/Instance_7_5_2_2.txt,Tiny,decomp_eps,176,3600.0,results/raw/Instance_7_5_2_2__DECOMP_EPS__eps_176.csv
Instance_7_5_2_2__CP_WWS_EPS__eps_177,Instances/Tiny/Instance_7_5_2_2.txt,Tiny,cp_wws_eps,177,3600.0,results/raw/Instance_7_5_2_2__CP_WWS_EPS__eps_177.csv
Instance_7_5_2_2__LB_AP_EPS__eps_177,Instances/Tiny/Instance_7_5_2_2.txt,Tiny,lb_ap_eps,177,3600.0,results/raw/Instance_7_5_2_2__LB_AP_EPS__eps_177.csv
Instance_7_5_2_2__DECOMP_EPS__eps_177,Instances/Tiny/Instance_7_5_2_2.txt,Tiny,decomp_eps,177,3600.0,results/raw/Instance_7_5_2_2__DECOMP_EPS__eps_177.csv
Instance_7_5_2_2__CP_WWS_EPS__eps_178,Instances/Tiny/Instance_7_5_2_2.txt,Tiny,cp_wws_eps,178,3600.0,results/raw/Instance_7_5_2_2__CP_WWS_EPS__eps_178.csv
Instance_7_5_2_2__LB_AP_EPS__eps_178,Instances/Tiny/Instance_7_5_2_2.txt,Tiny,lb_ap_eps,178,3600.0,results/raw/Instance_7_5_2_2__LB_AP_EPS__eps_178.csv
Instance_7_5_2_2__DECOMP_EPS__eps_178,Instances/Tiny/Instance_7_5_2_2.txt,Tiny,decomp_eps,178,3600.0,results/raw/Instance_7_5_2_2__DECOMP_EPS__eps_178.csv
Instance_7_5_2_2__CP_WWS_EPS__eps_179,Instances/Tiny/Instance_7_5_2_2.txt,Tiny,cp_wws_eps,179,3600.0,results/raw/Instance_7_5_2_2__CP_WWS_EPS__eps_179.csv
Instance_7_5_2_2__LB_AP_EPS__eps_179,Instances/Tiny/Instance_7_5_2_2.txt,Tiny,lb_ap_eps,179,3600.0,results/raw/Instance_7_5_2_2__LB_AP_EPS__eps_179.csv
Instance_7_5_2_2__DECOMP_EPS__eps_179,Instances/Tiny/Instance_7_5_2_2.txt,Tiny,decomp_eps,179,3600.0,results/raw/Instance_7_5_2_2__DECOMP_EPS__eps_179.csv
Instance_7_5_2_2__CP_WWS_EPS__eps_180,Instances/Tiny/Instance_7_5_2_2.txt,Tiny,cp_wws_eps,180,3600.0,results/raw/Instance_7_5_2_2__CP_WWS_EPS__eps_180.csv
Instance_7_5_2_2__LB_AP_EPS__eps_180,Instances/Tiny/Instance_7_5_2_2.txt,Tiny,lb_ap_eps,180,3600.0,results/raw/Instance_7_5_2_2__LB_AP_EPS__eps_180.csv
Instance_7_5_2_2__DECOMP_EPS__eps_180,Instances/Tiny/Instance_7_5_2_2.txt,Tiny,decomp_eps,180,3600.0,results/raw/Instance_7_5_2_2__DECOMP_EPS__eps_180.csv
Instance_7_5_2_2__CP_WWS_EPS__eps_181,Instances/Tiny/Instance_7_5_2_2.txt,Tiny,cp_wws_eps,181,3600.0,results/raw/Instance_7_5_2_2__CP_WWS_EPS__eps_181.csv
Instance_7_5_2_2__LB_AP_EPS__eps_181,Instances/Tiny/Instance_7_5_2_2.txt,Tiny,lb_ap_eps,181,3600.0,results/raw/Instance_7_5_2_2__LB_AP_EPS__eps_181.csv
Instance_7_5_2_2__DECOMP_EPS__eps_181,Instances/Tiny/Instance_7_5_2_2.txt,Tiny,decomp_eps,181,3600.0,results/raw/Instance_7_5_2_2__DECOMP_EPS__eps_181.csv
Instance_7_5_2_2__CP_WWS_EPS__eps_182,Instances/Tiny/Instance_7_5_2_2.txt,Tiny,cp_wws_eps,182,3600.0,results/raw/Instance_7_5_2_2__CP_WWS_EPS__eps_182.csv
Instance_7_5_2_2__LB_AP_EPS__eps_182,Instances/Tiny/Instance_7_5_2_2.txt,Tiny,lb_ap_eps,182,3600.0,results/raw/Instance_7_5_2_2__LB_AP_EPS__eps_182.csv
Instance_7_5_2_2__DECOMP_EPS__eps_182,Instances/Tiny/Instance_7_5_2_2.txt,Tiny,decomp_eps,182,3600.0,results/raw/Instance_7_5_2_2__DECOMP_EPS__eps_182.csv
Instance_7_5_2_2__CP_WWS_EPS__eps_183,Instances/Tiny/Instance_7_5_2_2.txt,Tiny,cp_wws_eps,183,3600.0,results/raw/Instance_7_5_2_2__CP_WWS_EPS__eps_183.csv
Instance_7_5_2_2__LB_AP_EPS__eps_183,Instances/Tiny/Instance_7_5_2_2.txt,Tiny,lb_ap_eps,183,3600.0,results/raw/Instance_7_5_2_2__LB_AP_EPS__eps_183.csv
Instance_7_5_2_2__DECOMP_EPS__eps_183,Instances/Tiny/Instance_7_5_2_2.txt,Tiny,decomp_eps,183,3600.0,results/raw/Instance_7_5_2_2__DECOMP_EPS__eps_183.csv
Instance_7_5_2_2__CP_WWS_EPS__eps_184,Instances/Tiny/Instance_7_5_2_2.txt,Tiny,cp_wws_eps,184,3600.0,results/raw/Instance_7_5_2_2__CP_WWS_EPS__eps_184.csv
Instance_7_5_2_2__LB_AP_EPS__eps_184,Instances/Tiny/Instance_7_5_2_2.txt,Tiny,lb_ap_eps,184,3600.0,results/raw/Instance_7_5_2_2__LB_AP_EPS__eps_184.csv
Instance_7_5_2_2__DECOMP_EPS__eps_184,Instances/Tiny/Instance_7_5_2_2.txt,Tiny,decomp_eps,184,3600.0,results/raw/Instance_7_5_2_2__DECOMP_EPS__eps_184.csv
Instance_7_5_2_2__CP_WWS_EPS__eps_185,Instances/Tiny/Instance_7_5_2_2.txt,Tiny,cp_wws_eps,185,3600.0,results/raw/Instance_7_5_2_2__CP_WWS_EPS__eps_185.csv
Instance_7_5_2_2__LB_AP_EPS__eps_185,Instances/Tiny/Instance_7_5_2_2.txt,Tiny,lb_ap_eps,185,3600.0,results/raw/Instance_7_5_2_2__LB_AP_EPS__eps_185.csv
Instance_7_5_2_2__DECOMP_EPS__eps_185,Instances/Tiny/Instance_7_5_2_2.txt,Tiny,decomp_eps,185,3600.0,results/raw/Instance_7_5_2_2__DECOMP_EPS__eps_185.csv
Instance_7_5_2_2__CP_WWS_EPS__eps_186,Instances/Tiny/Instance_7_5_2_2.txt,Tiny,cp_wws_eps,186,3600.0,results/raw/Instance_7_5_2_2__CP_WWS_EPS__eps_186.csv
Instance_7_5_2_2__LB_AP_EPS__eps_186,Instances/Tiny/Instance_7_5_2_2.txt,Tiny,lb_ap_eps,186,3600.0,results/raw/Instance_7_5_2_2__LB_AP_EPS__eps_186.csv
Instance_7_5_2_2__DECOMP_EPS__eps_186,Instances/Tiny/Instance_7_5_2_2.txt,Tiny,decomp_eps,186,3600.0,results/raw/Instance_7_5_2_2__DECOMP_EPS__eps_186.csv
Instance_7_5_2_2__CP_WWS_EPS__eps_187,Instances/Tiny/Instance_7_5_2_2.txt,Tiny,cp_wws_eps,187,3600.0,results/raw/Instance_7_5_2_2__CP_WWS_EPS__eps_187.csv
Instance_7_5_2_2__LB_AP_EPS__eps_187,Instances/Tiny/Instance_7_5_2_2.txt,Tiny,lb_ap_eps,187,3600.0,results/raw/Instance_7_5_2_2__LB_AP_EPS__eps_187.csv
Instance_7_5_2_2__DECOMP_EPS__eps_187,Instances/Tiny/Instance_7_5_2_2.txt,Tiny,decomp_eps,187,3600.0,results/raw/Instance_7_5_2_2__DECOMP_EPS__eps_187.csv
Instance_7_5_2_2__CP_WWS_EPS__eps_188,Instances/Tiny/Instance_7_5_2_2.txt,Tiny,cp_wws_eps,188,3600.0,results/raw/Instance_7_5_2_2__CP_WWS_EPS__eps_188.csv
Instance_7_5_2_2__LB_AP_EPS__eps_188,Instances/Tiny/Instance_7_5_2_2.txt,Tiny,lb_ap_eps,188,3600.0,results/raw/Instance_7_5_2_2__LB_AP_EPS__eps_188.csv
Instance_7_5_2_2__DECOMP_EPS__eps_188,Instances/Tiny/Instance_7_5_2_2.txt,Tiny,decomp_eps,188,3600.0,results/raw/Instance_7_5_2_2__DECOMP_EPS__eps_188.csv
Instance_7_5_2_2__CP_WWS_EPS__eps_189,Instances/Tiny/Instance_7_5_2_2.txt,Tiny,cp_wws_eps,189,3600.0,results/raw/Instance_7_5_2_2__CP_WWS_EPS__eps_189.csv
Instance_7_5_2_2__LB_AP_EPS__eps_189,Instances/Tiny/Instance_7_5_2_2.txt,Tiny,lb_ap_eps,189,3600.0,results/raw/Instance_7_5_2_2__LB_AP_EPS__eps_189.csv
Instance_7_5_2_2__DECOMP_EPS__eps_189,Instances/Tiny/Instance_7_5_2_2.txt,Tiny,decomp_eps,189,3600.0,results/raw/Instance_7_5_2_2__DECOMP_EPS__eps_189.csv
Instance_7_5_2_2__CP_WWS_EPS__eps_190,Instances/Tiny/Instance_7_5_2_2.txt,Tiny,cp_wws_eps,190,3600.0,results/raw/Instance_7_5_2_2__CP_WWS_EPS__eps_190.csv
Instance_7_5_2_2__LB_AP_EPS__eps_190,Instances/Tiny/Instance_7_5_2_2.txt,Tiny,lb_ap_eps,190,3600.0,results/raw/Instance_7_5_2_2__LB_AP_EPS__eps_190.csv
Instance_7_5_2_2__DECOMP_EPS__eps_190,Instances/Tiny/Instance_7_5_2_2.txt,Tiny,decomp_eps,190,3600.0,results/raw/Instance_7_5_2_2__DECOMP_EPS__eps_190.csv
Instance_7_5_2_2__CP_WWS_EPS__eps_191,Instances/Tiny/Instance_7_5_2_2.txt,Tiny,cp_wws_eps,191,3600.0,results/raw/Instance_7_5_2_2__CP_WWS_EPS__eps_191.csv
Instance_7_5_2_2__LB_AP_EPS__eps_191,Instances/Tiny/Instance_7_5_2_2.txt,Tiny,lb_ap_eps,191,3600.0,results/raw/Instance_7_5_2_2__LB_AP_EPS__eps_191.csv
Instance_7_5_2_2__DECOMP_EPS__eps_191,Instances/Tiny/Instance_7_5_2_2.txt,Tiny,decomp_eps,191,3600.0,results/raw/Instance_7_5_2_2__DECOMP_EPS__eps_191.csv
Instance_7_5_2_2__CP_WWS_EPS__eps_192,Instances/Tiny/Instance_7_5_2_2.txt,Tiny,cp_wws_eps,192,3600.0,results/raw/Instance_7_5_2_2__CP_WWS_EPS__eps_192.csv
Instance_7_5_2_2__LB_AP_EPS__eps_192,Instances/Tiny/Instance_7_5_2_2.txt,Tiny,lb_ap_eps,192,3600.0,results/raw/Instance_7_5_2_2__LB_AP_EPS__eps_192.csv
Instance_7_5_2_2__DECOMP_EPS__eps_192,Instances/Tiny/Instance_7_5_2_2.txt,Tiny,decomp_eps,192,3600.0,results/raw/Instance_7_5_2_2__DECOMP_EPS__eps_192.csv
Instance_7_5_2_2__CP_WWS_EPS__eps_193,Instances/Tiny/Instance_7_5_2_2.txt,Tiny,cp_wws_eps,193,3600.0,results/raw/Instance_7_5_2_2__CP_WWS_EPS__eps_193.csv
Instance_7_5_2_2__LB_AP_EPS__eps_193,Instances/Tiny/Instance_7_5_2_2.txt,Tiny,lb_ap_eps,193,3600.0,results/raw/Instance_7_5_2_2__LB_AP_EPS__eps_193.csv
Instance_7_5_2_2__DECOMP_EPS__eps_193,Instances/Tiny/Instance_7_5_2_2.txt,Tiny,decomp_eps,193,3600.0,results/raw/Instance_7_5_2_2__DECOMP_EPS__eps_193.csv
Instance_7_5_2_2__CP_WWS_EPS__eps_194,Instances/Tiny/Instance_7_5_2_2.txt,Tiny,cp_wws_eps,194,3600.0,results/raw/Instance_7_5_2_2__CP_WWS_EPS__eps_194.csv
Instance_7_5_2_2__LB_AP_EPS__eps_194,Instances/Tiny/Instance_7_5_2_2.txt,Tiny,lb_ap_eps,194,3600.0,results/raw/Instance_7_5_2_2__LB_AP_EPS__eps_194.csv
Instance_7_5_2_2__DECOMP_EPS__eps_194,Instances/Tiny/Instance_7_5_2_2.txt,Tiny,decomp_eps,194,3600.0,results/raw/Instance_7_5_2_2__DECOMP_EPS__eps_194.csv
Instance_7_5_2_2__CP_WWS_EPS__eps_195,Instances/Tiny/Instance_7_5_2_2.txt,Tiny,cp_wws_eps,195,3600.0,results/raw/Instance_7_5_2_2__CP_WWS_EPS__eps_195.csv
Instance_7_5_2_2__LB_AP_EPS__eps_195,Instances/Tiny/Instance_7_5_2_2.txt,Tiny,lb_ap_eps,195,3600.0,results/raw/Instance_7_5_2_2__LB_AP_EPS__eps_195.csv
Instance_7_5_2_2__DECOMP_EPS__eps_195,Instances/Tiny/Instance_7_5_2_2.txt,Tiny,decomp_eps,195,3600.0,results/raw/Instance_7_5_2_2__DECOMP_EPS__eps_195.csv
Instance_7_5_2_2__CP_WWS_EPS__eps_196,Instances/Tiny/Instance_7_5_2_2.txt,Tiny,cp_wws_eps,196,3600.0,results/raw/Instance_7_5_2_2__CP_WWS_EPS__eps_196.csv
Instance_7_5_2_2__LB_AP_EPS__eps_196,Instances/Tiny/Instance_7_5_2_2.txt,Tiny,lb_ap_eps,196,3600.0,results/raw/Instance_7_5_2_2__LB_AP_EPS__eps_196.csv
Instance_7_5_2_2__DECOMP_EPS__eps_196,Instances/Tiny/Instance_7_5_2_2.txt,Tiny,decomp_eps,196,3600.0,results/raw/Instance_7_5_2_2__DECOMP_EPS__eps_196.csv
Instance_7_5_2_2__CP_WWS_EPS__eps_197,Instances/Tiny/Instance_7_5_2_2.txt,Tiny,cp_wws_eps,197,3600.0,results/raw/Instance_7_5_2_2__CP_WWS_EPS__eps_197.csv
Instance_7_5_2_2__LB_AP_EPS__eps_197,Instances/Tiny/Instance_7_5_2_2.txt,Tiny,lb_ap_eps,197,3600.0,results/raw/Instance_7_5_2_2__LB_AP_EPS__eps_197.csv
Instance_7_5_2_2__DECOMP_EPS__eps_197,Instances/Tiny/Instance_7_5_2_2.txt,Tiny,decomp_eps,197,3600.0,results/raw/Instance_7_5_2_2__DECOMP_EPS__eps_197.csv
Instance_7_5_2_2__CP_WWS_EPS__eps_198,Instances/Tiny/Instance_7_5_2_2.txt,Tiny,cp_wws_eps,198,3600.0,results/raw/Instance_7_5_2_2__CP_WWS_EPS__eps_198.csv
Instance_7_5_2_2__LB_AP_EPS__eps_198,Instances/Tiny/Instance_7_5_2_2.txt,Tiny,lb_ap_eps,198,3600.0,results/raw/Instance_7_5_2_2__LB_AP_EPS__eps_198.csv
Instance_7_5_2_2__DECOMP_EPS__eps_198,Instances/Tiny/Instance_7_5_2_2.txt,Tiny,decomp_eps,198,3600.0,results/raw/Instance_7_5_2_2__DECOMP_EPS__eps_198.csv
